MONTH,DAY_OF_WEEK,DEP_DEL15,DEP_TIME_BLK_ID,DISTANCE_GROUP,CONCURRENT_FLIGHTS,NUMBER_OF_SEATS,CARRIER_ID,AIRPORT_FLIGHTS_MONTH,AIRLINE_FLIGHTS_MONTH,PLANE_AGE,DEPARTING_AIRPORT_ID,PRCP,SNOW,SNWD,TMAX,AWND
1,7,0,4,2,25,143,15,13056,107363,8,45,0.0000,0.0000,0.0000,65.0000,2.9100
1,7,0,3,7,29,191,7,13056,73508,3,45,0.0000,0.0000,0.0000,65.0000,2.9100
1,7,0,2,7,27,199,7,13056,73508,18,45,0.0000,0.0000,0.0000,65.0000,2.9100
1,7,0,2,9,27,180,7,13056,73508,2,45,0.0000,0.0000,0.0000,65.0000,2.9100
1,7,0,1,7,10,182,16,13056,15023,1,45,0.0000,0.0000,0.0000,65.0000,2.9100
1,7,0,1,3,10,180,9,13056,9496,5,45,0.0000,0.0000,0.0000,65.0000,2.9100
1,7,0,3,6,29,186,9,13056,9496,2,45,0.0000,0.0000,0.0000,65.0000,2.9100
1,7,1,1,7,10,186,9,13056,9496,3,45,0.0000,0.0000,0.0000,65.0000,2.9100
1,7,0,1,7,10,180,9,13056,9496,3,45,0.0000,0.0000,0.0000,65.0000,2.9100
1,7,0,2,8,27,186,9,13056,9496,1,45,0.0000,0.0000,0.0000,65.0000,2.9100
1,7,1,19,6,17,180,9,13056,9496,3,45,0.0000,0.0000,0.0000,65.0000,2.9100
1,7,0,2,1,27,149,1,13056,20315,3,45,0.0000,0.0000,0.0000,65.0000,2.9100
1,7,0,8,1,26,119,1,13056,20315,12,45,0.0000,0.0000,0.0000,65.0000,2.9100
1,7,0,2,2,27,146,1,13056,20315,7,45,0.0000,0.0000,0.0000,65.0000,2.9100
1,7,0,2,4,27,181,1,13056,20315,2,45,0.0000,0.0000,0.0000,65.0000,2.9100
1,7,1,3,4,29,181,1,13056,20315,4,45,0.0000,0.0000,0.0000,65.0000,2.9100
1,7,0,4,4,25,181,1,13056,20315,4,45,0.0000,0.0000,0.0000,65.0000,2.9100
1,7,0,1,11,10,294,10,13056,6791,6,45,0.0000,0.0000,0.0000,65.0000,2.9100
1,7,0,5,11,28,294,10,13056,6791,5,45,0.0000,0.0000,0.0000,65.0000,2.9100
1,7,0,3,1,29,181,3,13056,75506,5,45,0.0000,0.0000,0.0000,65.0000,2.9100
1,7,0,2,8,27,187,3,13056,75506,18,45,0.0000,0.0000,0.0000,65.0000,2.9100
1,7,0,4,2,25,173,17,13056,46218,6,45,0.0000,0.0000,0.0000,65.0000,2.9100
1,7,0,4,3,25,142,17,13056,46218,22,45,0.0000,0.0000,0.0000,65.0000,2.9100
1,7,0,5,7,28,154,17,13056,46218,3,45,0.0000,0.0000,0.0000,65.0000,2.9100
1,7,1,6,3,29,142,17,13056,46218,19,45,0.0000,0.0000,0.0000,65.0000,2.9100
1,7,0,2,7,27,173,17,13056,46218,4,45,0.0000,0.0000,0.0000,65.0000,2.9100
1,7,0,3,1,29,154,17,13056,46218,21,45,0.0000,0.0000,0.0000,65.0000,2.9100
1,7,0,2,2,27,154,17,13056,46218,20,45,0.0000,0.0000,0.0000,65.0000,2.9100
1,7,0,2,9,27,173,17,13056,46218,11,45,0.0000,0.0000,0.0000,65.0000,2.9100
1,7,0,1,5,10,154,17,13056,46218,3,45,0.0000,0.0000,0.0000,65.0000,2.9100
1,7,0,2,3,27,173,17,13056,46218,4,45,0.0000,0.0000,0.0000,65.0000,2.9100
1,7,0,6,2,29,180,7,13056,73508,6,45,0.0000,0.0000,0.0000,65.0000,2.9100
1,7,0,2,2,27,110,7,13056,73508,19,45,0.0000,0.0000,0.0000,65.0000,2.9100
1,7,0,3,4,29,110,7,13056,73508,19,45,0.0000,0.0000,0.0000,65.0000,2.9100
1,7,0,5,6,28,180,7,13056,73508,1,45,0.0000,0.0000,0.0000,65.0000,2.9100
1,7,0,2,1,27,160,7,13056,73508,18,45,0.0000,0.0000,0.0000,65.0000,2.9100
1,7,1,18,9,9,162,11,13056,23463,15,45,0.0000,0.0000,0.0000,65.0000,2.9100
1,7,0,2,9,27,129,11,13056,23463,11,45,0.0000,0.0000,0.0000,65.0000,2.9100
1,7,1,19,9,17,129,11,13056,23463,11,45,0.0000,0.0000,0.0000,65.0000,2.9100
1,7,0,2,10,27,129,11,13056,23463,11,45,0.0000,0.0000,0.0000,65.0000,2.9100
1,7,0,2,5,27,173,17,13056,46218,18,45,0.0000,0.0000,0.0000,65.0000,2.9100
1,7,0,4,9,25,154,17,13056,46218,14,45,0.0000,0.0000,0.0000,65.0000,2.9100
1,7,0,3,7,29,129,2,13056,6713,11,45,0.0000,0.0000,0.0000,65.0000,2.9100
1,7,0,3,5,29,129,2,13056,6713,11,45,0.0000,0.0000,0.0000,65.0000,2.9100
1,7,0,3,5,29,129,2,13056,6713,11,45,0.0000,0.0000,0.0000,65.0000,2.9100
1,7,0,3,6,29,129,2,13056,6713,11,45,0.0000,0.0000,0.0000,65.0000,2.9100
1,7,0,3,5,29,129,2,13056,6713,11,45,0.0000,0.0000,0.0000,65.0000,2.9100
1,7,0,2,2,27,129,15,13056,107363,11,45,0.0000,0.0000,0.0000,65.0000,2.9100
1,7,0,2,7,27,175,15,13056,107363,2,45,0.0000,0.0000,0.0000,65.0000,2.9100
1,7,0,3,9,29,175,15,13056,107363,2,45,0.0000,0.0000,0.0000,65.0000,2.9100
1,7,0,4,1,25,143,15,13056,107363,16,45,0.0000,0.0000,0.0000,65.0000,2.9100
1,7,0,4,1,25,143,15,13056,107363,16,45,0.0000,0.0000,0.0000,65.0000,2.9100
1,7,0,2,1,27,175,15,13056,107363,7,45,0.0000,0.0000,0.0000,65.0000,2.9100
1,7,0,2,5,27,143,15,13056,107363,13,45,0.0000,0.0000,0.0000,65.0000,2.9100
1,7,1,3,3,29,143,15,13056,107363,19,45,0.0000,0.0000,0.0000,65.0000,2.9100
1,7,0,2,5,27,175,15,13056,107363,4,45,0.0000,0.0000,0.0000,65.0000,2.9100
1,7,0,2,9,27,175,15,13056,107363,7,45,0.0000,0.0000,0.0000,65.0000,2.9100
1,7,0,3,1,29,143,15,13056,107363,15,45,0.0000,0.0000,0.0000,65.0000,2.9100
1,7,0,4,7,25,143,15,13056,107363,20,45,0.0000,0.0000,0.0000,65.0000,2.9100
1,7,0,3,5,29,143,15,13056,107363,18,45,0.0000,0.0000,0.0000,65.0000,2.9100
1,7,0,3,2,29,143,15,13056,107363,13,45,0.0000,0.0000,0.0000,65.0000,2.9100
1,7,0,11,2,26,143,15,13056,107363,17,45,0.0000,0.0000,0.0000,65.0000,2.9100
1,7,0,2,2,27,143,15,13056,107363,15,45,0.0000,0.0000,0.0000,65.0000,2.9100
1,7,0,3,2,29,143,15,13056,107363,11,45,0.0000,0.0000,0.0000,65.0000,2.9100
1,7,0,3,6,29,175,15,13056,107363,1,45,0.0000,0.0000,0.0000,65.0000,2.9100
1,7,0,3,2,29,143,15,13056,107363,14,45,0.0000,0.0000,0.0000,65.0000,2.9100
1,7,0,3,2,29,143,15,13056,107363,16,45,0.0000,0.0000,0.0000,65.0000,2.9100
1,7,0,4,2,25,143,15,13056,107363,12,45,0.0000,0.0000,0.0000,65.0000,2.9100
1,7,0,3,5,29,143,15,13056,107363,13,45,0.0000,0.0000,0.0000,65.0000,2.9100
1,7,1,19,9,17,178,16,13056,15023,6,45,0.0000,0.0000,0.0000,65.0000,2.9100
1,7,0,1,6,10,178,16,13056,15023,9,45,0.0000,0.0000,0.0000,65.0000,2.9100
1,7,0,4,9,25,176,3,13056,75506,20,45,0.0000,0.0000,0.0000,65.0000,2.9100
1,7,0,2,7,27,160,3,13056,75506,7,45,0.0000,0.0000,0.0000,65.0000,2.9100
1,7,0,3,6,29,129,2,13056,6713,11,45,0.0000,0.0000,0.0000,65.0000,2.9100
1,7,0,4,8,25,187,3,13056,75506,6,45,0.0000,0.0000,0.0000,65.0000,2.9100
1,7,0,8,1,26,76,14,13056,62105,2,45,0.0000,0.0000,0.0000,65.0000,2.9100
1,7,0,6,8,29,187,3,13056,75506,10,45,0.0000,0.0000,0.0000,65.0000,2.9100
1,7,0,2,2,27,150,3,13056,75506,16,45,0.0000,0.0000,0.0000,65.0000,2.9100
1,7,0,1,5,10,182,16,13056,15023,1,45,0.0000,0.0000,0.0000,65.0000,2.9100
1,7,0,3,4,29,129,2,13056,6713,11,45,0.0000,0.0000,0.0000,65.0000,2.9100
1,7,0,3,4,29,145,16,13056,15023,12,45,0.0000,0.0000,0.0000,65.0000,2.9100
1,7,0,4,7,25,160,3,13056,75506,2,45,0.0000,0.0000,0.0000,65.0000,2.9100
1,7,0,19,8,17,178,16,13056,15023,5,45,0.0000,0.0000,0.0000,65.0000,2.9100
1,7,1,19,8,17,182,16,13056,15023,3,45,0.0000,0.0000,0.0000,65.0000,2.9100
1,7,0,2,5,27,181,3,13056,75506,4,45,0.0000,0.0000,0.0000,65.0000,2.9100
1,7,0,3,6,29,129,2,13056,6713,11,45,0.0000,0.0000,0.0000,65.0000,2.9100
1,7,0,4,5,25,129,2,13056,6713,11,45,0.0000,0.0000,0.0000,65.0000,2.9100
1,7,0,3,5,29,129,2,13056,6713,11,45,0.0000,0.0000,0.0000,65.0000,2.9100
1,7,0,3,4,29,129,2,13056,6713,11,45,0.0000,0.0000,0.0000,65.0000,2.9100
1,7,0,1,8,10,187,3,13056,75506,4,45,0.0000,0.0000,0.0000,65.0000,2.9100
1,7,0,5,5,28,187,3,13056,75506,10,45,0.0000,0.0000,0.0000,65.0000,2.9100
1,7,0,2,9,27,190,3,13056,75506,6,45,0.0000,0.0000,0.0000,65.0000,2.9100
1,7,1,1,1,10,76,14,13056,62105,5,45,0.0000,0.0000,0.0000,65.0000,2.9100
1,7,0,4,1,25,143,15,13056,107363,18,45,0.0000,0.0000,0.0000,65.0000,2.9100
1,7,0,8,1,26,143,15,13056,107363,10,45,0.0000,0.0000,0.0000,65.0000,2.9100
1,7,0,4,2,25,143,15,13056,107363,19,45,0.0000,0.0000,0.0000,65.0000,2.9100
1,7,0,6,2,29,143,15,13056,107363,18,45,0.0000,0.0000,0.0000,65.0000,2.9100
1,7,0,5,2,28,143,15,13056,107363,20,45,0.0000,0.0000,0.0000,65.0000,2.9100
1,7,0,6,2,29,143,15,13056,107363,17,45,0.0000,0.0000,0.0000,65.0000,2.9100
1,7,0,5,4,28,143,15,13056,107363,13,45,0.0000,0.0000,0.0000,65.0000,2.9100
1,7,0,6,2,29,143,15,13056,107363,14,45,0.0000,0.0000,0.0000,65.0000,2.9100
1,7,0,5,7,28,175,15,13056,107363,4,45,0.0000,0.0000,0.0000,65.0000,2.9100
1,7,0,6,7,29,175,15,13056,107363,5,45,0.0000,0.0000,0.0000,65.0000,2.9100
1,7,0,4,7,25,175,15,13056,107363,1,45,0.0000,0.0000,0.0000,65.0000,2.9100
1,7,0,4,5,25,143,15,13056,107363,13,45,0.0000,0.0000,0.0000,65.0000,2.9100
1,7,0,6,5,29,175,15,13056,107363,2,45,0.0000,0.0000,0.0000,65.0000,2.9100
1,7,0,6,1,29,143,15,13056,107363,16,45,0.0000,0.0000,0.0000,65.0000,2.9100
1,7,0,5,7,28,175,15,13056,107363,2,45,0.0000,0.0000,0.0000,65.0000,2.9100
1,7,0,7,4,26,143,15,13056,107363,17,45,0.0000,0.0000,0.0000,65.0000,2.9100
1,7,0,5,5,28,143,15,13056,107363,12,45,0.0000,0.0000,0.0000,65.0000,2.9100
1,7,0,16,1,18,143,15,13056,107363,11,45,0.0000,0.0000,0.0000,65.0000,2.9100
1,7,0,6,4,29,175,15,13056,107363,2,45,0.0000,0.0000,0.0000,65.0000,2.9100
1,7,0,5,2,28,143,15,13056,107363,15,45,0.0000,0.0000,0.0000,65.0000,2.9100
1,7,0,6,4,29,175,15,13056,107363,5,45,0.0000,0.0000,0.0000,65.0000,2.9100
1,7,0,5,7,28,175,15,13056,107363,3,45,0.0000,0.0000,0.0000,65.0000,2.9100
1,7,0,6,2,29,143,15,13056,107363,14,45,0.0000,0.0000,0.0000,65.0000,2.9100
1,7,0,5,2,28,143,15,13056,107363,12,45,0.0000,0.0000,0.0000,65.0000,2.9100
1,7,0,3,2,29,143,15,13056,107363,20,45,0.0000,0.0000,0.0000,65.0000,2.9100
1,7,0,5,9,28,175,15,13056,107363,3,45,0.0000,0.0000,0.0000,65.0000,2.9100
1,7,0,4,8,25,175,15,13056,107363,1,45,0.0000,0.0000,0.0000,65.0000,2.9100
1,7,0,6,2,29,143,15,13056,107363,20,45,0.0000,0.0000,0.0000,65.0000,2.9100
1,7,0,5,4,28,175,15,13056,107363,3,45,0.0000,0.0000,0.0000,65.0000,2.9100
1,7,0,5,3,28,143,15,13056,107363,13,45,0.0000,0.0000,0.0000,65.0000,2.9100
1,7,1,8,3,26,175,15,13056,107363,5,45,0.0000,0.0000,0.0000,65.0000,2.9100
1,7,0,5,7,28,143,15,13056,107363,19,45,0.0000,0.0000,0.0000,65.0000,2.9100
1,7,0,4,5,25,175,15,13056,107363,5,45,0.0000,0.0000,0.0000,65.0000,2.9100
1,7,0,5,8,28,175,15,13056,107363,3,45,0.0000,0.0000,0.0000,65.0000,2.9100
1,7,0,6,9,29,175,15,13056,107363,6,45,0.0000,0.0000,0.0000,65.0000,2.9100
1,7,0,5,1,28,143,15,13056,107363,13,45,0.0000,0.0000,0.0000,65.0000,2.9100
1,7,0,5,3,28,143,15,13056,107363,14,45,0.0000,0.0000,0.0000,65.0000,2.9100
1,7,0,7,7,26,175,15,13056,107363,4,45,0.0000,0.0000,0.0000,65.0000,2.9100
1,7,1,7,5,26,143,15,13056,107363,10,45,0.0000,0.0000,0.0000,65.0000,2.9100
1,7,0,4,7,25,175,15,13056,107363,6,45,0.0000,0.0000,0.0000,65.0000,2.9100
1,7,0,5,2,28,143,15,13056,107363,18,45,0.0000,0.0000,0.0000,65.0000,2.9100
1,7,0,6,5,29,173,17,13056,46218,4,45,0.0000,0.0000,0.0000,65.0000,2.9100
1,7,0,10,7,25,173,17,13056,46218,6,45,0.0000,0.0000,0.0000,65.0000,2.9100
1,7,0,4,9,25,173,17,13056,46218,5,45,0.0000,0.0000,0.0000,65.0000,2.9100
1,7,0,6,7,29,234,7,13056,73508,16,45,0.0000,0.0000,0.0000,65.0000,2.9100
1,7,0,7,6,26,180,7,13056,73508,1,45,0.0000,0.0000,0.0000,65.0000,2.9100
1,7,0,6,7,29,191,7,13056,73508,3,45,0.0000,0.0000,0.0000,65.0000,2.9100
1,7,0,7,7,26,160,3,13056,75506,2,45,0.0000,0.0000,0.0000,65.0000,2.9100
1,7,0,7,2,26,154,17,13056,46218,11,45,0.0000,0.0000,0.0000,65.0000,2.9100
1,7,0,6,7,29,216,17,13056,46218,17,45,0.0000,0.0000,0.0000,65.0000,2.9100
1,7,0,9,9,29,173,17,13056,46218,5,45,0.0000,0.0000,0.0000,65.0000,2.9100
1,7,0,5,2,28,128,3,13056,75506,19,45,0.0000,0.0000,0.0000,65.0000,2.9100
1,7,1,7,3,26,178,16,13056,15023,6,45,0.0000,0.0000,0.0000,65.0000,2.9100
1,7,0,7,7,26,178,16,13056,15023,4,45,0.0000,0.0000,0.0000,65.0000,2.9100
1,7,0,5,8,28,178,16,13056,15023,7,45,0.0000,0.0000,0.0000,65.0000,2.9100
1,7,1,4,2,25,178,16,13056,15023,7,45,0.0000,0.0000,0.0000,65.0000,2.9100
1,7,0,4,7,25,178,16,13056,15023,5,45,0.0000,0.0000,0.0000,65.0000,2.9100
1,7,0,3,4,29,129,2,13056,6713,11,45,0.0000,0.0000,0.0000,65.0000,2.9100
1,7,0,5,5,28,178,16,13056,15023,8,45,0.0000,0.0000,0.0000,65.0000,2.9100
1,7,0,7,1,26,181,3,13056,75506,5,45,0.0000,0.0000,0.0000,65.0000,2.9100
1,7,0,8,9,26,176,3,13056,75506,17,45,0.0000,0.0000,0.0000,65.0000,2.9100
1,7,1,14,7,24,228,16,13056,15023,1,45,0.0000,0.0000,0.0000,65.0000,2.9100
1,7,0,10,7,25,180,7,13056,73508,3,45,0.0000,0.0000,0.0000,65.0000,2.9100
1,7,0,8,9,26,129,11,13056,23463,11,45,0.0000,0.0000,0.0000,65.0000,2.9100
1,7,0,6,10,29,129,11,13056,23463,11,45,0.0000,0.0000,0.0000,65.0000,2.9100
1,7,0,10,10,25,160,7,13056,73508,19,45,0.0000,0.0000,0.0000,65.0000,2.9100
1,7,0,5,9,28,180,7,13056,73508,1,45,0.0000,0.0000,0.0000,65.0000,2.9100
1,7,0,8,9,26,168,7,13056,73508,20,45,0.0000,0.0000,0.0000,65.0000,2.9100
1,7,0,9,9,29,180,9,13056,9496,8,45,0.0000,0.0000,0.0000,65.0000,2.9100
1,7,1,5,3,28,180,9,13056,9496,8,45,0.0000,0.0000,0.0000,65.0000,2.9100
1,7,1,15,3,24,230,9,13056,9496,3,45,0.0000,0.0000,0.0000,65.0000,2.9100
1,7,0,7,5,26,181,3,13056,75506,2,45,0.0000,0.0000,0.0000,65.0000,2.9100
1,7,0,9,2,29,129,2,13056,6713,11,45,0.0000,0.0000,0.0000,65.0000,2.9100
1,7,0,5,1,28,182,16,13056,15023,2,45,0.0000,0.0000,0.0000,65.0000,2.9100
1,7,0,4,2,25,178,16,13056,15023,6,45,0.0000,0.0000,0.0000,65.0000,2.9100
1,7,0,7,9,26,182,16,13056,15023,1,45,0.0000,0.0000,0.0000,65.0000,2.9100
1,7,0,5,7,28,145,16,13056,15023,13,45,0.0000,0.0000,0.0000,65.0000,2.9100
1,7,1,4,7,25,182,16,13056,15023,2,45,0.0000,0.0000,0.0000,65.0000,2.9100
1,7,0,6,2,29,146,1,13056,20315,7,45,0.0000,0.0000,0.0000,65.0000,2.9100
1,7,0,6,1,29,146,1,13056,20315,7,45,0.0000,0.0000,0.0000,65.0000,2.9100
1,7,0,6,4,29,149,1,13056,20315,13,45,0.0000,0.0000,0.0000,65.0000,2.9100
1,7,0,16,1,18,146,1,13056,20315,8,45,0.0000,0.0000,0.0000,65.0000,2.9100
1,7,0,6,4,29,181,1,13056,20315,6,45,0.0000,0.0000,0.0000,65.0000,2.9100
1,7,0,8,4,26,172,1,13056,20315,16,45,0.0000,0.0000,0.0000,65.0000,2.9100
1,7,0,12,4,32,181,1,13056,20315,1,45,0.0000,0.0000,0.0000,65.0000,2.9100
1,7,0,6,9,29,160,3,13056,75506,8,45,0.0000,0.0000,0.0000,65.0000,2.9100
1,7,0,10,9,25,173,17,13056,46218,5,45,0.0000,0.0000,0.0000,65.0000,2.9100
1,7,0,5,2,28,154,17,13056,46218,8,45,0.0000,0.0000,0.0000,65.0000,2.9100
1,7,0,7,9,26,173,17,13056,46218,4,45,0.0000,0.0000,0.0000,65.0000,2.9100
1,7,0,19,9,17,173,17,13056,46218,10,45,0.0000,0.0000,0.0000,65.0000,2.9100
1,7,0,6,1,29,154,17,13056,46218,9,45,0.0000,0.0000,0.0000,65.0000,2.9100
1,7,0,8,5,26,173,17,13056,46218,18,45,0.0000,0.0000,0.0000,65.0000,2.9100
1,7,0,6,5,29,172,3,13056,75506,9,45,0.0000,0.0000,0.0000,65.0000,2.9100
1,7,0,14,5,24,181,3,13056,75506,4,45,0.0000,0.0000,0.0000,65.0000,2.9100
1,7,0,9,9,29,160,3,13056,75506,4,45,0.0000,0.0000,0.0000,65.0000,2.9100
1,7,0,8,5,26,181,3,13056,75506,4,45,0.0000,0.0000,0.0000,65.0000,2.9100
1,7,0,12,9,32,180,7,13056,73508,1,45,0.0000,0.0000,0.0000,65.0000,2.9100
1,7,0,10,2,25,180,7,13056,73508,2,45,0.0000,0.0000,0.0000,65.0000,2.9100
1,7,0,19,7,17,180,7,13056,73508,6,45,0.0000,0.0000,0.0000,65.0000,2.9100
1,7,0,14,4,24,146,1,13056,20315,8,45,0.0000,0.0000,0.0000,65.0000,2.9100
1,7,1,11,2,26,185,1,13056,20315,1,45,0.0000,0.0000,0.0000,65.0000,2.9100
1,7,0,9,2,29,146,1,13056,20315,8,45,0.0000,0.0000,0.0000,65.0000,2.9100
1,7,0,7,2,26,172,1,13056,20315,18,45,0.0000,0.0000,0.0000,65.0000,2.9100
1,7,0,8,5,26,228,16,13056,15023,4,45,0.0000,0.0000,0.0000,65.0000,2.9100
1,7,0,7,5,26,178,16,13056,15023,7,45,0.0000,0.0000,0.0000,65.0000,2.9100
1,7,1,10,5,25,187,3,13056,75506,8,45,0.0000,0.0000,0.0000,65.0000,2.9100
1,7,0,8,2,26,187,3,13056,75506,7,45,0.0000,0.0000,0.0000,65.0000,2.9100
1,7,0,12,1,32,160,3,13056,75506,19,45,0.0000,0.0000,0.0000,65.0000,2.9100
1,7,1,11,7,26,160,3,13056,75506,7,45,0.0000,0.0000,0.0000,65.0000,2.9100
1,7,1,12,4,32,129,2,13056,6713,11,45,0.0000,0.0000,0.0000,65.0000,2.9100
1,7,1,10,1,25,181,3,13056,75506,5,45,0.0000,0.0000,0.0000,65.0000,2.9100
1,7,0,12,1,32,76,14,13056,62105,2,45,0.0000,0.0000,0.0000,65.0000,2.9100
1,7,0,8,1,26,181,3,13056,75506,3,45,0.0000,0.0000,0.0000,65.0000,2.9100
1,7,0,9,3,29,129,2,13056,6713,11,45,0.0000,0.0000,0.0000,65.0000,2.9100
1,7,0,9,2,29,129,2,13056,6713,11,45,0.0000,0.0000,0.0000,65.0000,2.9100
1,7,0,11,5,26,129,2,13056,6713,11,45,0.0000,0.0000,0.0000,65.0000,2.9100
1,7,1,11,2,26,129,2,13056,6713,11,45,0.0000,0.0000,0.0000,65.0000,2.9100
1,7,0,11,5,26,129,2,13056,6713,11,45,0.0000,0.0000,0.0000,65.0000,2.9100
1,7,1,9,7,29,228,16,13056,15023,3,45,0.0000,0.0000,0.0000,65.0000,2.9100
1,7,0,10,3,25,129,2,13056,6713,11,45,0.0000,0.0000,0.0000,65.0000,2.9100
1,7,0,11,5,26,129,2,13056,6713,11,45,0.0000,0.0000,0.0000,65.0000,2.9100
1,7,0,7,4,26,228,16,13056,15023,2,45,0.0000,0.0000,0.0000,65.0000,2.9100
1,7,0,9,3,29,173,17,13056,46218,11,45,0.0000,0.0000,0.0000,65.0000,2.9100
1,7,0,12,3,32,173,17,13056,46218,4,45,0.0000,0.0000,0.0000,65.0000,2.9100
1,7,0,12,7,32,191,7,13056,73508,1,45,0.0000,0.0000,0.0000,65.0000,2.9100
1,7,0,15,2,24,154,17,13056,46218,15,45,0.0000,0.0000,0.0000,65.0000,2.9100
1,7,1,9,5,29,154,17,13056,46218,19,45,0.0000,0.0000,0.0000,65.0000,2.9100
1,7,1,11,5,26,154,17,13056,46218,11,45,0.0000,0.0000,0.0000,65.0000,2.9100
1,7,0,9,2,29,173,17,13056,46218,6,45,0.0000,0.0000,0.0000,65.0000,2.9100
1,7,0,12,7,32,142,17,13056,46218,20,45,0.0000,0.0000,0.0000,65.0000,2.9100
1,7,0,12,5,32,181,3,13056,75506,2,45,0.0000,0.0000,0.0000,65.0000,2.9100
1,7,0,14,2,24,180,7,13056,73508,1,45,0.0000,0.0000,0.0000,65.0000,2.9100
1,7,0,13,2,21,191,7,13056,73508,2,45,0.0000,0.0000,0.0000,65.0000,2.9100
1,7,0,11,4,26,160,7,13056,73508,6,45,0.0000,0.0000,0.0000,65.0000,2.9100
1,7,0,7,4,26,110,7,13056,73508,18,45,0.0000,0.0000,0.0000,65.0000,2.9100
1,7,0,13,11,21,294,10,13056,6791,6,45,0.0000,0.0000,0.0000,65.0000,2.9100
1,7,0,8,7,26,191,7,13056,73508,1,45,0.0000,0.0000,0.0000,65.0000,2.9100
1,7,0,17,8,12,230,9,13056,9496,3,45,0.0000,0.0000,0.0000,65.0000,2.9100
1,7,0,8,7,26,180,7,13056,73508,1,45,0.0000,0.0000,0.0000,65.0000,2.9100
1,7,0,19,7,17,234,7,13056,73508,17,45,0.0000,0.0000,0.0000,65.0000,2.9100
1,7,0,14,4,24,110,7,13056,73508,18,45,0.0000,0.0000,0.0000,65.0000,2.9100
1,7,0,13,2,21,186,9,13056,9496,1,45,0.0000,0.0000,0.0000,65.0000,2.9100
1,7,0,7,1,26,110,7,13056,73508,19,45,0.0000,0.0000,0.0000,65.0000,2.9100
1,7,1,10,6,25,180,7,13056,73508,6,45,0.0000,0.0000,0.0000,65.0000,2.9100
1,7,0,9,1,29,110,7,13056,73508,17,45,0.0000,0.0000,0.0000,65.0000,2.9100
1,7,0,6,3,29,150,9,13056,9496,13,45,0.0000,0.0000,0.0000,65.0000,2.9100
1,7,0,11,5,26,129,2,13056,6713,11,45,0.0000,0.0000,0.0000,65.0000,2.9100
1,7,0,8,2,26,143,15,13056,107363,18,45,0.0000,0.0000,0.0000,65.0000,2.9100
1,7,0,7,2,26,143,15,13056,107363,16,45,0.0000,0.0000,0.0000,65.0000,2.9100
1,7,0,8,5,26,143,15,13056,107363,16,45,0.0000,0.0000,0.0000,65.0000,2.9100
1,7,0,8,5,26,129,15,13056,107363,11,45,0.0000,0.0000,0.0000,65.0000,2.9100
1,7,0,8,1,26,143,15,13056,107363,14,45,0.0000,0.0000,0.0000,65.0000,2.9100
1,7,0,8,6,26,143,15,13056,107363,14,45,0.0000,0.0000,0.0000,65.0000,2.9100
1,7,0,6,1,29,143,15,13056,107363,18,45,0.0000,0.0000,0.0000,65.0000,2.9100
1,7,0,10,1,25,143,15,13056,107363,14,45,0.0000,0.0000,0.0000,65.0000,2.9100
1,7,0,10,7,25,175,15,13056,107363,5,45,0.0000,0.0000,0.0000,65.0000,2.9100
1,7,0,6,7,29,175,15,13056,107363,2,45,0.0000,0.0000,0.0000,65.0000,2.9100
1,7,1,8,7,26,175,15,13056,107363,2,45,0.0000,0.0000,0.0000,65.0000,2.9100
1,7,0,9,7,29,175,15,13056,107363,3,45,0.0000,0.0000,0.0000,65.0000,2.9100
1,7,0,12,2,32,175,15,13056,107363,2,45,0.0000,0.0000,0.0000,65.0000,2.9100
1,7,1,17,2,12,143,15,13056,107363,14,45,0.0000,0.0000,0.0000,65.0000,2.9100
1,7,0,7,2,26,143,15,13056,107363,14,45,0.0000,0.0000,0.0000,65.0000,2.9100
1,7,0,8,2,26,143,15,13056,107363,18,45,0.0000,0.0000,0.0000,65.0000,2.9100
1,7,0,7,2,26,143,15,13056,107363,19,45,0.0000,0.0000,0.0000,65.0000,2.9100
1,7,0,12,8,32,175,15,13056,107363,1,45,0.0000,0.0000,0.0000,65.0000,2.9100
1,7,0,12,6,32,175,15,13056,107363,4,45,0.0000,0.0000,0.0000,65.0000,2.9100
1,7,0,10,3,25,143,15,13056,107363,20,45,0.0000,0.0000,0.0000,65.0000,2.9100
1,7,0,7,3,26,143,15,13056,107363,14,45,0.0000,0.0000,0.0000,65.0000,2.9100
1,7,0,10,5,25,175,15,13056,107363,4,45,0.0000,0.0000,0.0000,65.0000,2.9100
1,7,1,7,5,26,143,15,13056,107363,21,45,0.0000,0.0000,0.0000,65.0000,2.9100
1,7,0,11,9,26,175,15,13056,107363,7,45,0.0000,0.0000,0.0000,65.0000,2.9100
1,7,1,8,5,26,175,15,13056,107363,2,45,0.0000,0.0000,0.0000,65.0000,2.9100
1,7,1,12,8,32,175,15,13056,107363,7,45,0.0000,0.0000,0.0000,65.0000,2.9100
1,7,0,10,7,25,175,15,13056,107363,2,45,0.0000,0.0000,0.0000,65.0000,2.9100
1,7,0,7,1,26,129,15,13056,107363,11,45,0.0000,0.0000,0.0000,65.0000,2.9100
1,7,0,7,4,26,143,15,13056,107363,15,45,0.0000,0.0000,0.0000,65.0000,2.9100
1,7,0,10,6,25,129,2,13056,6713,11,45,0.0000,0.0000,0.0000,65.0000,2.9100
1,7,0,15,2,24,129,2,13056,6713,11,45,0.0000,0.0000,0.0000,65.0000,2.9100
1,7,0,12,4,32,129,2,13056,6713,11,45,0.0000,0.0000,0.0000,65.0000,2.9100
1,7,0,9,2,29,129,2,13056,6713,11,45,0.0000,0.0000,0.0000,65.0000,2.9100
1,7,0,9,1,29,178,16,13056,15023,6,45,0.0000,0.0000,0.0000,65.0000,2.9100
1,7,0,12,8,32,175,15,13056,107363,2,45,0.0000,0.0000,0.0000,65.0000,2.9100
1,7,1,11,9,26,175,15,13056,107363,2,45,0.0000,0.0000,0.0000,65.0000,2.9100
1,7,0,13,9,21,175,15,13056,107363,5,45,0.0000,0.0000,0.0000,65.0000,2.9100
1,7,0,9,1,29,143,15,13056,107363,13,45,0.0000,0.0000,0.0000,65.0000,2.9100
1,7,0,11,5,26,143,15,13056,107363,19,45,0.0000,0.0000,0.0000,65.0000,2.9100
1,7,0,15,3,24,175,15,13056,107363,2,45,0.0000,0.0000,0.0000,65.0000,2.9100
1,7,0,7,5,26,143,15,13056,107363,17,45,0.0000,0.0000,0.0000,65.0000,2.9100
1,7,1,11,3,26,175,15,13056,107363,1,45,0.0000,0.0000,0.0000,65.0000,2.9100
1,7,0,12,3,32,143,15,13056,107363,8,45,0.0000,0.0000,0.0000,65.0000,2.9100
1,7,0,10,1,25,143,15,13056,107363,13,45,0.0000,0.0000,0.0000,65.0000,2.9100
1,7,0,14,7,24,175,15,13056,107363,4,45,0.0000,0.0000,0.0000,65.0000,2.9100
1,7,0,9,7,29,175,15,13056,107363,1,45,0.0000,0.0000,0.0000,65.0000,2.9100
1,7,1,13,7,21,175,15,13056,107363,7,45,0.0000,0.0000,0.0000,65.0000,2.9100
1,7,0,10,4,25,143,15,13056,107363,18,45,0.0000,0.0000,0.0000,65.0000,2.9100
1,7,0,11,2,26,143,15,13056,107363,8,45,0.0000,0.0000,0.0000,65.0000,2.9100
1,7,0,9,2,29,175,15,13056,107363,7,45,0.0000,0.0000,0.0000,65.0000,2.9100
1,7,0,14,2,24,143,15,13056,107363,10,45,0.0000,0.0000,0.0000,65.0000,2.9100
1,7,0,13,2,21,175,15,13056,107363,4,45,0.0000,0.0000,0.0000,65.0000,2.9100
1,7,0,9,4,29,143,15,13056,107363,19,45,0.0000,0.0000,0.0000,65.0000,2.9100
1,7,0,10,1,25,143,15,13056,107363,12,45,0.0000,0.0000,0.0000,65.0000,2.9100
1,7,0,13,7,21,175,15,13056,107363,2,45,0.0000,0.0000,0.0000,65.0000,2.9100
1,7,0,12,5,32,175,15,13056,107363,1,45,0.0000,0.0000,0.0000,65.0000,2.9100
1,7,1,14,5,24,175,15,13056,107363,5,45,0.0000,0.0000,0.0000,65.0000,2.9100
1,7,0,12,9,32,175,15,13056,107363,7,45,0.0000,0.0000,0.0000,65.0000,2.9100
1,7,0,14,5,24,175,15,13056,107363,2,45,0.0000,0.0000,0.0000,65.0000,2.9100
1,7,0,8,4,26,143,15,13056,107363,15,45,0.0000,0.0000,0.0000,65.0000,2.9100
1,7,1,9,2,29,143,15,13056,107363,15,45,0.0000,0.0000,0.0000,65.0000,2.9100
1,7,0,19,8,17,187,3,13056,75506,4,45,0.0000,0.0000,0.0000,65.0000,2.9100
1,7,0,10,1,25,143,15,13056,107363,16,45,0.0000,0.0000,0.0000,65.0000,2.9100
1,7,1,16,1,18,143,15,13056,107363,12,45,0.0000,0.0000,0.0000,65.0000,2.9100
1,7,0,14,1,24,143,15,13056,107363,11,45,0.0000,0.0000,0.0000,65.0000,2.9100
1,7,0,9,2,29,143,15,13056,107363,14,45,0.0000,0.0000,0.0000,65.0000,2.9100
1,7,0,15,6,24,175,15,13056,107363,5,45,0.0000,0.0000,0.0000,65.0000,2.9100
1,7,0,12,2,32,143,15,13056,107363,13,45,0.0000,0.0000,0.0000,65.0000,2.9100
1,7,0,9,2,29,143,15,13056,107363,18,45,0.0000,0.0000,0.0000,65.0000,2.9100
1,7,0,11,2,26,143,15,13056,107363,19,45,0.0000,0.0000,0.0000,65.0000,2.9100
1,7,0,17,2,12,175,15,13056,107363,3,45,0.0000,0.0000,0.0000,65.0000,2.9100
1,7,0,12,2,32,143,15,13056,107363,14,45,0.0000,0.0000,0.0000,65.0000,2.9100
1,7,0,12,2,32,143,15,13056,107363,13,45,0.0000,0.0000,0.0000,65.0000,2.9100
1,7,0,13,2,21,143,15,13056,107363,11,45,0.0000,0.0000,0.0000,65.0000,2.9100
1,7,0,15,5,24,175,15,13056,107363,2,45,0.0000,0.0000,0.0000,65.0000,2.9100
1,7,0,9,2,29,143,15,13056,107363,16,45,0.0000,0.0000,0.0000,65.0000,2.9100
1,7,0,14,1,24,187,3,13056,75506,10,45,0.0000,0.0000,0.0000,65.0000,2.9100
1,7,0,16,1,18,187,3,13056,75506,8,45,0.0000,0.0000,0.0000,65.0000,2.9100
1,7,0,9,2,29,129,2,13056,6713,11,45,0.0000,0.0000,0.0000,65.0000,2.9100
1,7,0,14,4,24,129,2,13056,6713,11,45,0.0000,0.0000,0.0000,65.0000,2.9100
1,7,0,12,7,32,129,2,13056,6713,11,45,0.0000,0.0000,0.0000,65.0000,2.9100
1,7,0,15,2,24,187,3,13056,75506,5,45,0.0000,0.0000,0.0000,65.0000,2.9100
1,7,1,8,4,26,178,16,13056,15023,7,45,0.0000,0.0000,0.0000,65.0000,2.9100
1,7,0,14,2,24,178,16,13056,15023,5,45,0.0000,0.0000,0.0000,65.0000,2.9100
1,7,0,10,7,25,191,7,13056,73508,1,45,0.0000,0.0000,0.0000,65.0000,2.9100
1,7,0,14,1,24,110,7,13056,73508,19,45,0.0000,0.0000,0.0000,65.0000,2.9100
1,7,1,12,6,32,180,7,13056,73508,6,45,0.0000,0.0000,0.0000,65.0000,2.9100
1,7,0,15,2,24,129,2,13056,6713,11,45,0.0000,0.0000,0.0000,65.0000,2.9100
1,7,0,14,1,24,120,17,13056,46218,22,45,0.0000,0.0000,0.0000,65.0000,2.9100
1,7,0,17,8,12,178,16,13056,15023,7,45,0.0000,0.0000,0.0000,65.0000,2.9100
1,7,1,7,1,26,162,11,13056,23463,15,45,0.0000,0.0000,0.0000,65.0000,2.9100
1,7,0,17,10,12,150,11,13056,23463,19,45,0.0000,0.0000,0.0000,65.0000,2.9100
1,7,0,11,2,26,178,16,13056,15023,5,45,0.0000,0.0000,0.0000,65.0000,2.9100
1,7,0,9,4,29,182,16,13056,15023,2,45,0.0000,0.0000,0.0000,65.0000,2.9100
1,7,0,9,5,29,150,9,13056,9496,14,45,0.0000,0.0000,0.0000,65.0000,2.9100
1,7,0,19,7,17,129,7,13056,73508,11,45,0.0000,0.0000,0.0000,65.0000,2.9100
1,7,0,13,2,21,186,9,13056,9496,2,45,0.0000,0.0000,0.0000,65.0000,2.9100
1,7,0,9,7,29,186,9,13056,9496,1,45,0.0000,0.0000,0.0000,65.0000,2.9100
1,7,0,9,5,29,180,9,13056,9496,6,45,0.0000,0.0000,0.0000,65.0000,2.9100
1,7,0,18,7,9,191,7,13056,73508,2,45,0.0000,0.0000,0.0000,65.0000,2.9100
1,7,1,14,6,24,178,16,13056,15023,4,45,0.0000,0.0000,0.0000,65.0000,2.9100
1,7,0,13,1,21,149,1,13056,20315,13,45,0.0000,0.0000,0.0000,65.0000,2.9100
1,7,0,10,4,25,146,1,13056,20315,7,45,0.0000,0.0000,0.0000,65.0000,2.9100
1,7,0,10,4,25,146,1,13056,20315,8,45,0.0000,0.0000,0.0000,65.0000,2.9100
1,7,0,11,1,26,154,17,13056,46218,9,45,0.0000,0.0000,0.0000,65.0000,2.9100
1,7,0,11,2,26,154,17,13056,46218,8,45,0.0000,0.0000,0.0000,65.0000,2.9100
1,7,1,12,2,32,154,17,13056,46218,9,45,0.0000,0.0000,0.0000,65.0000,2.9100
1,7,0,12,7,32,186,9,13056,9496,3,45,0.0000,0.0000,0.0000,65.0000,2.9100
1,7,0,19,9,17,199,7,13056,73508,21,45,0.0000,0.0000,0.0000,65.0000,2.9100
1,7,1,15,2,24,129,1,13056,20315,11,45,0.0000,0.0000,0.0000,65.0000,2.9100
1,7,0,13,2,21,172,1,13056,20315,18,45,0.0000,0.0000,0.0000,65.0000,2.9100
1,7,1,15,4,24,172,1,13056,20315,16,45,0.0000,0.0000,0.0000,65.0000,2.9100
1,7,0,16,2,18,181,1,13056,20315,3,45,0.0000,0.0000,0.0000,65.0000,2.9100
1,7,0,13,4,21,181,1,13056,20315,4,45,0.0000,0.0000,0.0000,65.0000,2.9100
1,7,1,16,2,18,145,16,13056,15023,14,45,0.0000,0.0000,0.0000,65.0000,2.9100
1,7,0,18,9,9,160,3,13056,75506,19,45,0.0000,0.0000,0.0000,65.0000,2.9100
1,7,0,13,1,21,76,14,13056,62105,3,45,0.0000,0.0000,0.0000,65.0000,2.9100
1,7,1,13,2,21,143,15,13056,107363,20,45,0.0000,0.0000,0.0000,65.0000,2.9100
1,7,0,17,2,12,175,15,13056,107363,5,45,0.0000,0.0000,0.0000,65.0000,2.9100
1,7,0,10,2,25,143,15,13056,107363,14,45,0.0000,0.0000,0.0000,65.0000,2.9100
1,7,0,11,2,26,143,15,13056,107363,8,45,0.0000,0.0000,0.0000,65.0000,2.9100
1,7,0,11,2,26,143,15,13056,107363,19,45,0.0000,0.0000,0.0000,65.0000,2.9100
1,7,0,10,5,25,143,15,13056,107363,15,45,0.0000,0.0000,0.0000,65.0000,2.9100
1,7,1,14,4,24,143,15,13056,107363,18,45,0.0000,0.0000,0.0000,65.0000,2.9100
1,7,0,8,5,26,143,15,13056,107363,12,45,0.0000,0.0000,0.0000,65.0000,2.9100
1,7,0,11,2,26,143,15,13056,107363,14,45,0.0000,0.0000,0.0000,65.0000,2.9100
1,7,0,12,1,32,143,15,13056,107363,12,45,0.0000,0.0000,0.0000,65.0000,2.9100
1,7,0,10,2,25,129,15,13056,107363,11,45,0.0000,0.0000,0.0000,65.0000,2.9100
1,7,0,11,1,26,143,15,13056,107363,16,45,0.0000,0.0000,0.0000,65.0000,2.9100
1,7,0,15,4,24,143,15,13056,107363,18,45,0.0000,0.0000,0.0000,65.0000,2.9100
1,7,0,16,4,18,175,15,13056,107363,2,45,0.0000,0.0000,0.0000,65.0000,2.9100
1,7,1,11,1,26,143,15,13056,107363,18,45,0.0000,0.0000,0.0000,65.0000,2.9100
1,7,0,13,1,21,143,15,13056,107363,15,45,0.0000,0.0000,0.0000,65.0000,2.9100
1,7,0,11,4,26,143,15,13056,107363,20,45,0.0000,0.0000,0.0000,65.0000,2.9100
1,7,0,15,5,24,175,15,13056,107363,2,45,0.0000,0.0000,0.0000,65.0000,2.9100
1,7,1,16,4,18,182,16,13056,15023,1,45,0.0000,0.0000,0.0000,65.0000,2.9100
1,7,1,12,2,32,143,15,13056,107363,13,45,0.0000,0.0000,0.0000,65.0000,2.9100
1,7,0,15,5,24,175,15,13056,107363,2,45,0.0000,0.0000,0.0000,65.0000,2.9100
1,7,0,13,8,21,143,15,13056,107363,19,45,0.0000,0.0000,0.0000,65.0000,2.9100
1,7,1,12,5,32,143,15,13056,107363,14,45,0.0000,0.0000,0.0000,65.0000,2.9100
1,7,0,13,5,21,175,15,13056,107363,7,45,0.0000,0.0000,0.0000,65.0000,2.9100
1,7,0,17,3,12,175,15,13056,107363,5,45,0.0000,0.0000,0.0000,65.0000,2.9100
1,7,1,11,1,26,162,11,13056,23463,10,45,0.0000,0.0000,0.0000,65.0000,2.9100
1,7,0,12,3,32,143,15,13056,107363,13,45,0.0000,0.0000,0.0000,65.0000,2.9100
1,7,0,12,1,32,143,15,13056,107363,20,45,0.0000,0.0000,0.0000,65.0000,2.9100
1,7,0,13,1,21,143,15,13056,107363,10,45,0.0000,0.0000,0.0000,65.0000,2.9100
1,7,0,14,5,24,228,16,13056,15023,2,45,0.0000,0.0000,0.0000,65.0000,2.9100
1,7,0,19,9,17,187,3,13056,75506,10,45,0.0000,0.0000,0.0000,65.0000,2.9100
1,7,0,15,5,24,178,16,13056,15023,9,45,0.0000,0.0000,0.0000,65.0000,2.9100
1,7,1,14,1,24,145,16,13056,15023,14,45,0.0000,0.0000,0.0000,65.0000,2.9100
1,7,0,18,9,9,145,16,13056,15023,14,45,0.0000,0.0000,0.0000,65.0000,2.9100
1,7,1,18,9,9,172,3,13056,75506,10,45,0.0000,0.0000,0.0000,65.0000,2.9100
1,7,0,19,7,17,129,2,13056,6713,11,45,0.0000,0.0000,0.0000,65.0000,2.9100
1,7,0,12,2,32,150,3,13056,75506,19,45,0.0000,0.0000,0.0000,65.0000,2.9100
1,7,0,19,9,17,173,17,13056,46218,7,45,0.0000,0.0000,0.0000,65.0000,2.9100
1,7,0,14,2,24,129,2,13056,6713,11,45,0.0000,0.0000,0.0000,65.0000,2.9100
1,7,0,15,2,24,129,2,13056,6713,11,45,0.0000,0.0000,0.0000,65.0000,2.9100
1,7,1,15,1,24,150,11,13056,23463,11,45,0.0000,0.0000,0.0000,65.0000,2.9100
1,7,0,13,2,21,129,2,13056,6713,11,45,0.0000,0.0000,0.0000,65.0000,2.9100
1,7,0,15,3,24,143,15,13056,107363,12,45,0.0000,0.0000,0.0000,65.0000,2.9100
1,7,0,14,1,24,143,15,13056,107363,15,45,0.0000,0.0000,0.0000,65.0000,2.9100
1,7,0,16,2,18,143,15,13056,107363,18,45,0.0000,0.0000,0.0000,65.0000,2.9100
1,7,0,18,8,9,186,9,13056,9496,2,45,0.0000,0.0000,0.0000,65.0000,2.9100
1,7,0,16,1,18,143,15,13056,107363,16,45,0.0000,0.0000,0.0000,65.0000,2.9100
1,7,0,18,9,9,180,9,13056,9496,8,45,0.0000,0.0000,0.0000,65.0000,2.9100
1,7,0,19,9,17,180,9,13056,9496,6,45,0.0000,0.0000,0.0000,65.0000,2.9100
1,7,0,13,2,21,143,15,13056,107363,17,45,0.0000,0.0000,0.0000,65.0000,2.9100
1,7,0,15,2,24,143,15,13056,107363,11,45,0.0000,0.0000,0.0000,65.0000,2.9100
1,7,0,15,2,24,143,15,13056,107363,12,45,0.0000,0.0000,0.0000,65.0000,2.9100
1,7,0,17,2,12,143,15,13056,107363,13,45,0.0000,0.0000,0.0000,65.0000,2.9100
1,7,1,13,1,21,143,15,13056,107363,19,45,0.0000,0.0000,0.0000,65.0000,2.9100
1,7,0,14,2,24,143,15,13056,107363,12,45,0.0000,0.0000,0.0000,65.0000,2.9100
1,7,0,16,2,18,143,15,13056,107363,12,45,0.0000,0.0000,0.0000,65.0000,2.9100
1,7,1,12,5,32,230,9,13056,9496,1,45,0.0000,0.0000,0.0000,65.0000,2.9100
1,7,1,9,2,29,178,16,13056,15023,6,45,0.0000,0.0000,0.0000,65.0000,2.9100
1,7,1,16,4,18,178,16,13056,15023,5,45,0.0000,0.0000,0.0000,65.0000,2.9100
1,7,0,18,9,9,178,16,13056,15023,8,45,0.0000,0.0000,0.0000,65.0000,2.9100
1,7,0,16,1,18,182,16,13056,15023,2,45,0.0000,0.0000,0.0000,65.0000,2.9100
1,7,0,17,2,12,178,16,13056,15023,5,45,0.0000,0.0000,0.0000,65.0000,2.9100
1,7,0,19,7,17,178,16,13056,15023,5,45,0.0000,0.0000,0.0000,65.0000,2.9100
1,7,1,17,10,12,145,16,13056,15023,14,45,0.0000,0.0000,0.0000,65.0000,2.9100
1,7,1,14,1,24,143,15,13056,107363,15,45,0.0000,0.0000,0.0000,65.0000,2.9100
1,7,0,15,2,24,143,15,13056,107363,15,45,0.0000,0.0000,0.0000,65.0000,2.9100
1,7,0,16,4,18,143,15,13056,107363,17,45,0.0000,0.0000,0.0000,65.0000,2.9100
1,7,0,15,2,24,143,15,13056,107363,18,45,0.0000,0.0000,0.0000,65.0000,2.9100
1,7,0,14,2,24,129,15,13056,107363,11,45,0.0000,0.0000,0.0000,65.0000,2.9100
1,7,1,16,1,18,143,15,13056,107363,13,45,0.0000,0.0000,0.0000,65.0000,2.9100
1,7,0,17,1,12,143,15,13056,107363,18,45,0.0000,0.0000,0.0000,65.0000,2.9100
1,7,0,15,2,24,143,15,13056,107363,14,45,0.0000,0.0000,0.0000,65.0000,2.9100
1,7,0,18,2,9,143,15,13056,107363,13,45,0.0000,0.0000,0.0000,65.0000,2.9100
1,7,0,15,2,24,143,15,13056,107363,16,45,0.0000,0.0000,0.0000,65.0000,2.9100
1,7,0,16,2,18,143,15,13056,107363,21,45,0.0000,0.0000,0.0000,65.0000,2.9100
1,7,0,15,2,24,143,15,13056,107363,16,45,0.0000,0.0000,0.0000,65.0000,2.9100
1,7,1,16,2,18,143,15,13056,107363,13,45,0.0000,0.0000,0.0000,65.0000,2.9100
1,7,0,19,9,17,178,16,13056,15023,6,45,0.0000,0.0000,0.0000,65.0000,2.9100
1,7,0,16,2,18,143,15,13056,107363,13,45,0.0000,0.0000,0.0000,65.0000,2.9100
1,7,0,17,2,12,143,15,13056,107363,18,45,0.0000,0.0000,0.0000,65.0000,2.9100
1,5,1,6,9,21,199,7,11861,73508,27,58,0.0000,0.0000,0.0000,74.0000,9.6200
1,5,0,2,9,30,199,7,11861,73508,27,58,0.0000,0.0000,0.0000,74.0000,9.6200
1,5,0,1,2,5,199,7,11861,73508,21,58,0.0000,0.0000,0.0000,74.0000,9.6200
1,5,0,3,2,32,234,7,11861,73508,17,58,0.0000,0.0000,0.0000,74.0000,9.6200
1,5,0,2,2,30,199,7,11861,73508,28,58,0.0000,0.0000,0.0000,74.0000,9.6200
1,5,0,3,2,32,199,7,11861,73508,19,58,0.0000,0.0000,0.0000,74.0000,9.6200
1,5,0,4,2,24,199,7,11861,73508,18,58,0.0000,0.0000,0.0000,74.0000,9.6200
1,5,0,3,11,32,199,7,11861,73508,20,58,0.0000,0.0000,0.0000,74.0000,9.6200
1,5,0,3,5,32,160,7,11861,73508,19,58,0.0000,0.0000,0.0000,74.0000,9.6200
1,5,0,3,4,32,191,7,11861,73508,2,58,0.0000,0.0000,0.0000,74.0000,9.6200
1,5,0,2,4,30,199,7,11861,73508,21,58,0.0000,0.0000,0.0000,74.0000,9.6200
1,5,0,4,4,24,191,7,11861,73508,1,58,0.0000,0.0000,0.0000,74.0000,9.6200
1,5,0,4,4,24,234,7,11861,73508,16,58,0.0000,0.0000,0.0000,74.0000,9.6200
1,5,0,2,6,30,234,7,11861,73508,16,58,0.0000,0.0000,0.0000,74.0000,9.6200
1,5,0,3,6,32,234,7,11861,73508,16,58,0.0000,0.0000,0.0000,74.0000,9.6200
1,5,0,3,5,32,143,15,11861,107363,16,58,0.0000,0.0000,0.0000,74.0000,9.6200
1,5,0,4,5,24,175,15,11861,107363,7,58,0.0000,0.0000,0.0000,74.0000,9.6200
1,5,0,3,5,32,175,15,11861,107363,3,58,0.0000,0.0000,0.0000,74.0000,9.6200
1,5,0,3,5,32,228,16,11861,15023,3,58,0.0000,0.0000,0.0000,74.0000,9.6200
1,5,0,12,7,27,180,9,11861,9496,12,58,0.0000,0.0000,0.0000,74.0000,9.6200
1,5,0,10,4,24,180,9,11861,9496,6,58,0.0000,0.0000,0.0000,74.0000,9.6200
1,5,1,7,5,22,180,9,11861,9496,11,58,0.0000,0.0000,0.0000,74.0000,9.6200
1,5,0,2,5,30,186,9,11861,9496,2,58,0.0000,0.0000,0.0000,74.0000,9.6200
1,5,0,3,3,32,186,9,11861,9496,2,58,0.0000,0.0000,0.0000,74.0000,9.6200
1,5,0,3,7,32,230,9,11861,9496,2,58,0.0000,0.0000,0.0000,74.0000,9.6200
1,5,0,5,3,29,230,9,11861,9496,2,58,0.0000,0.0000,0.0000,74.0000,9.6200
1,5,0,3,6,32,230,9,11861,9496,1,58,0.0000,0.0000,0.0000,74.0000,9.6200
1,5,0,4,4,24,230,9,11861,9496,1,58,0.0000,0.0000,0.0000,74.0000,9.6200
1,5,0,2,9,30,186,9,11861,9496,1,58,0.0000,0.0000,0.0000,74.0000,9.6200
1,5,0,4,4,24,186,9,11861,9496,1,58,0.0000,0.0000,0.0000,74.0000,9.6200
1,5,0,2,4,30,230,9,11861,9496,4,58,0.0000,0.0000,0.0000,74.0000,9.6200
1,5,0,4,5,24,186,9,11861,9496,1,58,0.0000,0.0000,0.0000,74.0000,9.6200
1,5,0,4,4,24,181,3,11861,75506,2,58,0.0000,0.0000,0.0000,74.0000,9.6200
1,5,0,13,4,23,162,11,11861,23463,14,58,0.0000,0.0000,0.0000,74.0000,9.6200
1,5,0,16,5,22,100,11,11861,23463,12,58,0.0000,0.0000,0.0000,74.0000,9.6200
1,5,0,1,5,5,162,11,11861,23463,13,58,0.0000,0.0000,0.0000,74.0000,9.6200
1,5,0,4,3,24,150,11,11861,23463,19,58,0.0000,0.0000,0.0000,74.0000,9.6200
1,5,1,18,5,5,150,11,11861,23463,11,58,0.0000,0.0000,0.0000,74.0000,9.6200
1,5,0,2,4,30,100,11,11861,23463,13,58,0.0000,0.0000,0.0000,74.0000,9.6200
1,5,0,3,4,32,162,11,11861,23463,13,58,0.0000,0.0000,0.0000,74.0000,9.6200
1,5,0,9,5,28,100,11,11861,23463,10,58,0.0000,0.0000,0.0000,74.0000,9.6200
1,5,1,7,5,22,162,11,11861,23463,11,58,0.0000,0.0000,0.0000,74.0000,9.6200
1,5,0,2,4,30,150,11,11861,23463,11,58,0.0000,0.0000,0.0000,74.0000,9.6200
1,5,0,10,4,24,200,11,11861,23463,4,58,0.0000,0.0000,0.0000,74.0000,9.6200
1,5,0,6,4,21,150,11,11861,23463,12,58,0.0000,0.0000,0.0000,74.0000,9.6200
1,5,0,2,4,30,228,16,11861,15023,4,58,0.0000,0.0000,0.0000,74.0000,9.6200
1,5,0,10,5,24,145,16,11861,15023,13,58,0.0000,0.0000,0.0000,74.0000,9.6200
1,5,0,2,5,30,182,16,11861,15023,3,58,0.0000,0.0000,0.0000,74.0000,9.6200
1,5,0,1,2,5,187,3,11861,75506,4,58,0.0000,0.0000,0.0000,74.0000,9.6200
1,5,0,1,1,5,160,3,11861,75506,6,58,0.0000,0.0000,0.0000,74.0000,9.6200
1,5,0,4,5,24,160,3,11861,75506,20,58,0.0000,0.0000,0.0000,74.0000,9.6200
1,5,0,1,4,5,187,3,11861,75506,18,58,0.0000,0.0000,0.0000,74.0000,9.6200
1,5,0,3,4,32,160,7,11861,73508,19,58,0.0000,0.0000,0.0000,74.0000,9.6200
1,5,0,3,11,32,181,1,11861,20315,2,58,0.0000,0.0000,0.0000,74.0000,9.6200
1,5,0,3,4,32,247,3,11861,75506,10,58,0.0000,0.0000,0.0000,74.0000,9.6200
1,5,0,5,4,29,187,3,11861,75506,18,58,0.0000,0.0000,0.0000,74.0000,9.6200
1,5,0,2,2,30,187,3,11861,75506,4,58,0.0000,0.0000,0.0000,74.0000,9.6200
1,5,0,3,5,32,216,17,11861,46218,15,58,0.0000,0.0000,0.0000,74.0000,9.6200
1,5,1,3,9,32,179,17,11861,46218,1,58,0.0000,0.0000,0.0000,74.0000,9.6200
1,5,0,4,7,24,169,17,11861,46218,19,58,0.0000,0.0000,0.0000,74.0000,9.6200
1,5,0,4,9,24,145,16,11861,15023,13,58,0.0000,0.0000,0.0000,74.0000,9.6200
1,5,0,5,4,29,173,17,11861,46218,9,58,0.0000,0.0000,0.0000,74.0000,9.6200
1,5,1,7,4,22,154,17,11861,46218,15,58,0.0000,0.0000,0.0000,74.0000,9.6200
1,5,0,5,5,29,173,17,11861,46218,5,58,0.0000,0.0000,0.0000,74.0000,9.6200
1,5,0,8,7,18,173,17,11861,46218,10,58,0.0000,0.0000,0.0000,74.0000,9.6200
1,5,1,5,4,29,173,17,11861,46218,18,58,0.0000,0.0000,0.0000,74.0000,9.6200
1,5,0,2,4,30,179,17,11861,46218,1,58,0.0000,0.0000,0.0000,74.0000,9.6200
1,5,0,6,4,21,154,17,11861,46218,15,58,0.0000,0.0000,0.0000,74.0000,9.6200
1,5,1,2,4,30,169,17,11861,46218,21,58,0.0000,0.0000,0.0000,74.0000,9.6200
1,5,0,4,4,24,173,17,11861,46218,11,58,0.0000,0.0000,0.0000,74.0000,9.6200
1,5,0,2,10,30,179,17,11861,46218,1,58,0.0000,0.0000,0.0000,74.0000,9.6200
1,5,0,9,4,28,145,16,11861,15023,14,58,0.0000,0.0000,0.0000,74.0000,9.6200
1,5,0,3,5,32,145,16,11861,15023,13,58,0.0000,0.0000,0.0000,74.0000,9.6200
1,5,0,3,1,32,178,16,11861,15023,8,58,0.0000,0.0000,0.0000,74.0000,9.6200
1,5,0,3,3,32,145,16,11861,15023,14,58,0.0000,0.0000,0.0000,74.0000,9.6200
1,5,0,3,9,32,187,3,11861,75506,4,58,0.0000,0.0000,0.0000,74.0000,9.6200
1,5,0,2,4,30,175,15,11861,107363,7,58,0.0000,0.0000,0.0000,74.0000,9.6200
1,5,1,5,3,29,143,15,11861,107363,15,58,0.0000,0.0000,0.0000,74.0000,9.6200
1,5,0,2,5,30,143,15,11861,107363,11,58,0.0000,0.0000,0.0000,74.0000,9.6200
1,5,1,10,5,24,175,15,11861,107363,3,58,0.0000,0.0000,0.0000,74.0000,9.6200
1,5,1,18,5,5,143,15,11861,107363,10,58,0.0000,0.0000,0.0000,74.0000,9.6200
1,5,0,3,3,32,143,15,11861,107363,21,58,0.0000,0.0000,0.0000,74.0000,9.6200
1,5,0,2,1,30,175,15,11861,107363,5,58,0.0000,0.0000,0.0000,74.0000,9.6200
1,5,0,3,4,32,143,15,11861,107363,17,58,0.0000,0.0000,0.0000,74.0000,9.6200
1,5,0,3,5,32,175,15,11861,107363,2,58,0.0000,0.0000,0.0000,74.0000,9.6200
1,5,0,2,4,30,143,15,11861,107363,15,58,0.0000,0.0000,0.0000,74.0000,9.6200
1,5,0,2,4,30,143,15,11861,107363,12,58,0.0000,0.0000,0.0000,74.0000,9.6200
1,5,0,2,9,30,175,15,11861,107363,7,58,0.0000,0.0000,0.0000,74.0000,9.6200
1,5,0,2,4,30,143,15,11861,107363,20,58,0.0000,0.0000,0.0000,74.0000,9.6200
1,5,0,2,5,30,143,15,11861,107363,14,58,0.0000,0.0000,0.0000,74.0000,9.6200
1,5,0,3,4,32,143,15,11861,107363,9,58,0.0000,0.0000,0.0000,74.0000,9.6200
1,5,0,3,4,32,143,15,11861,107363,13,58,0.0000,0.0000,0.0000,74.0000,9.6200
1,5,0,2,2,30,143,15,11861,107363,17,58,0.0000,0.0000,0.0000,74.0000,9.6200
1,5,0,3,4,32,175,15,11861,107363,4,58,0.0000,0.0000,0.0000,74.0000,9.6200
1,5,0,9,4,28,143,15,11861,107363,12,58,0.0000,0.0000,0.0000,74.0000,9.6200
1,5,0,2,5,30,160,3,11861,75506,5,58,0.0000,0.0000,0.0000,74.0000,9.6200
1,5,0,3,4,32,181,3,11861,75506,4,58,0.0000,0.0000,0.0000,74.0000,9.6200
1,5,0,4,4,24,181,3,11861,75506,2,58,0.0000,0.0000,0.0000,74.0000,9.6200
1,5,0,2,4,30,187,3,11861,75506,4,58,0.0000,0.0000,0.0000,74.0000,9.6200
1,5,0,2,1,30,172,3,11861,75506,2,58,0.0000,0.0000,0.0000,74.0000,9.6200
1,5,0,4,1,24,128,3,11861,75506,6,58,0.0000,0.0000,0.0000,74.0000,9.6200
1,5,0,4,2,24,187,3,11861,75506,5,58,0.0000,0.0000,0.0000,74.0000,9.6200
1,5,0,2,4,30,157,7,11861,73508,21,58,0.0000,0.0000,0.0000,74.0000,9.6200
1,5,0,3,8,32,226,7,11861,73508,20,58,0.0000,0.0000,0.0000,74.0000,9.6200
1,5,0,5,1,29,160,3,11861,75506,7,58,0.0000,0.0000,0.0000,74.0000,9.6200
1,5,0,9,4,28,160,7,11861,73508,19,58,0.0000,0.0000,0.0000,74.0000,9.6200
1,5,0,12,4,27,160,7,11861,73508,18,58,0.0000,0.0000,0.0000,74.0000,9.6200
1,5,0,5,2,29,199,7,11861,73508,19,58,0.0000,0.0000,0.0000,74.0000,9.6200
1,5,0,10,4,24,173,17,11861,46218,6,58,0.0000,0.0000,0.0000,74.0000,9.6200
1,5,1,9,4,28,169,17,11861,46218,25,58,0.0000,0.0000,0.0000,74.0000,9.6200
1,5,1,13,10,23,216,17,11861,46218,17,58,0.0000,0.0000,0.0000,74.0000,9.6200
1,5,1,8,4,18,154,17,11861,46218,21,58,0.0000,0.0000,0.0000,74.0000,9.6200
1,5,0,11,4,21,173,17,11861,46218,5,58,0.0000,0.0000,0.0000,74.0000,9.6200
1,5,0,6,4,21,169,17,11861,46218,25,58,0.0000,0.0000,0.0000,74.0000,9.6200
1,5,0,8,5,18,173,17,11861,46218,8,58,0.0000,0.0000,0.0000,74.0000,9.6200
1,5,0,10,5,24,154,17,11861,46218,11,58,0.0000,0.0000,0.0000,74.0000,9.6200
1,5,0,7,4,22,100,11,11861,23463,8,58,0.0000,0.0000,0.0000,74.0000,9.6200
1,5,0,6,4,21,100,11,11861,23463,6,58,0.0000,0.0000,0.0000,74.0000,9.6200
1,5,1,9,5,28,150,11,11861,23463,19,58,0.0000,0.0000,0.0000,74.0000,9.6200
1,5,0,6,4,21,162,11,11861,23463,15,58,0.0000,0.0000,0.0000,74.0000,9.6200
1,5,0,9,5,28,129,11,11861,23463,11,58,0.0000,0.0000,0.0000,74.0000,9.6200
1,5,0,4,5,24,129,11,11861,23463,11,58,0.0000,0.0000,0.0000,74.0000,9.6200
1,5,1,10,5,24,162,11,11861,23463,15,58,0.0000,0.0000,0.0000,74.0000,9.6200
1,5,0,5,2,29,162,11,11861,23463,12,58,0.0000,0.0000,0.0000,74.0000,9.6200
1,5,1,12,3,27,129,11,11861,23463,11,58,0.0000,0.0000,0.0000,74.0000,9.6200
1,5,1,2,5,30,150,11,11861,23463,13,58,0.0000,0.0000,0.0000,74.0000,9.6200
1,5,0,9,4,28,150,11,11861,23463,19,58,0.0000,0.0000,0.0000,74.0000,9.6200
1,5,0,2,4,30,150,11,11861,23463,20,58,0.0000,0.0000,0.0000,74.0000,9.6200
1,5,0,5,5,29,100,11,11861,23463,8,58,0.0000,0.0000,0.0000,74.0000,9.6200
1,5,0,8,4,18,162,11,11861,23463,14,58,0.0000,0.0000,0.0000,74.0000,9.6200
1,5,1,6,5,21,129,11,11861,23463,11,58,0.0000,0.0000,0.0000,74.0000,9.6200
1,5,0,6,5,21,162,11,11861,23463,11,58,0.0000,0.0000,0.0000,74.0000,9.6200
1,5,0,5,4,29,200,11,11861,23463,4,58,0.0000,0.0000,0.0000,74.0000,9.6200
1,5,0,5,4,29,143,15,11861,107363,14,58,0.0000,0.0000,0.0000,74.0000,9.6200
1,5,1,6,3,21,143,15,11861,107363,16,58,0.0000,0.0000,0.0000,74.0000,9.6200
1,5,1,5,3,29,143,15,11861,107363,15,58,0.0000,0.0000,0.0000,74.0000,9.6200
1,5,0,5,10,29,175,15,11861,107363,4,58,0.0000,0.0000,0.0000,74.0000,9.6200
1,5,0,6,5,21,175,15,11861,107363,3,58,0.0000,0.0000,0.0000,74.0000,9.6200
1,5,0,4,4,24,143,15,11861,107363,8,58,0.0000,0.0000,0.0000,74.0000,9.6200
1,5,0,9,4,28,160,3,11861,75506,19,58,0.0000,0.0000,0.0000,74.0000,9.6200
1,5,0,5,4,29,160,3,11861,75506,20,58,0.0000,0.0000,0.0000,74.0000,9.6200
1,5,0,7,4,22,228,16,11861,15023,3,58,0.0000,0.0000,0.0000,74.0000,9.6200
1,5,0,5,4,29,228,16,11861,15023,4,58,0.0000,0.0000,0.0000,74.0000,9.6200
1,5,0,16,4,22,182,16,11861,15023,3,58,0.0000,0.0000,0.0000,74.0000,9.6200
1,5,0,5,5,29,182,16,11861,15023,2,58,0.0000,0.0000,0.0000,74.0000,9.6200
1,5,0,3,4,32,178,16,11861,15023,5,58,0.0000,0.0000,0.0000,74.0000,9.6200
1,5,0,9,4,28,181,3,11861,75506,2,58,0.0000,0.0000,0.0000,74.0000,9.6200
1,5,0,5,4,29,182,16,11861,15023,1,58,0.0000,0.0000,0.0000,74.0000,9.6200
1,5,0,8,6,18,178,16,11861,15023,7,58,0.0000,0.0000,0.0000,74.0000,9.6200
1,5,0,3,2,32,178,16,11861,15023,9,58,0.0000,0.0000,0.0000,74.0000,9.6200
1,5,0,5,1,29,160,3,11861,75506,18,58,0.0000,0.0000,0.0000,74.0000,9.6200
1,5,0,13,9,23,181,1,11861,20315,3,58,0.0000,0.0000,0.0000,74.0000,9.6200
1,5,1,14,11,15,157,1,11861,20315,11,58,0.0000,0.0000,0.0000,74.0000,9.6200
1,5,0,12,10,27,181,1,11861,20315,4,58,0.0000,0.0000,0.0000,74.0000,9.6200
1,5,0,10,6,24,234,7,11861,73508,17,58,0.0000,0.0000,0.0000,74.0000,9.6200
1,5,0,8,4,18,191,7,11861,73508,1,58,0.0000,0.0000,0.0000,74.0000,9.6200
1,5,0,8,6,18,234,7,11861,73508,17,58,0.0000,0.0000,0.0000,74.0000,9.6200
1,5,0,7,4,22,199,7,11861,73508,21,58,0.0000,0.0000,0.0000,74.0000,9.6200
1,5,0,8,5,18,160,7,11861,73508,19,58,0.0000,0.0000,0.0000,74.0000,9.6200
1,5,0,8,4,18,191,7,11861,73508,3,58,0.0000,0.0000,0.0000,74.0000,9.6200
1,5,0,12,8,27,199,7,11861,73508,18,58,0.0000,0.0000,0.0000,74.0000,9.6200
1,5,0,14,8,15,199,7,11861,73508,18,58,0.0000,0.0000,0.0000,74.0000,9.6200
1,5,0,5,3,29,110,7,11861,73508,18,58,0.0000,0.0000,0.0000,74.0000,9.6200
1,5,0,6,2,21,187,3,11861,75506,18,58,0.0000,0.0000,0.0000,74.0000,9.6200
1,5,0,7,1,22,181,3,11861,75506,3,58,0.0000,0.0000,0.0000,74.0000,9.6200
1,5,0,7,4,22,181,3,11861,75506,2,58,0.0000,0.0000,0.0000,74.0000,9.6200
1,5,0,6,4,21,150,3,11861,75506,20,58,0.0000,0.0000,0.0000,74.0000,9.6200
1,5,0,7,8,22,187,3,11861,75506,10,58,0.0000,0.0000,0.0000,74.0000,9.6200
1,5,0,15,1,22,160,3,11861,75506,6,58,0.0000,0.0000,0.0000,74.0000,9.6200
1,5,0,5,2,29,143,15,11861,107363,18,58,0.0000,0.0000,0.0000,74.0000,9.6200
1,5,0,5,2,29,143,15,11861,107363,13,58,0.0000,0.0000,0.0000,74.0000,9.6200
1,5,0,4,3,24,143,15,11861,107363,13,58,0.0000,0.0000,0.0000,74.0000,9.6200
1,5,0,7,3,22,143,15,11861,107363,8,58,0.0000,0.0000,0.0000,74.0000,9.6200
1,5,0,6,4,21,175,15,11861,107363,6,58,0.0000,0.0000,0.0000,74.0000,9.6200
1,5,0,6,4,21,143,15,11861,107363,10,58,0.0000,0.0000,0.0000,74.0000,9.6200
1,5,0,5,4,29,143,15,11861,107363,14,58,0.0000,0.0000,0.0000,74.0000,9.6200
1,5,0,13,4,23,143,15,11861,107363,13,58,0.0000,0.0000,0.0000,74.0000,9.6200
1,5,0,5,5,29,143,15,11861,107363,13,58,0.0000,0.0000,0.0000,74.0000,9.6200
1,5,0,5,7,29,175,15,11861,107363,2,58,0.0000,0.0000,0.0000,74.0000,9.6200
1,5,0,7,1,22,143,15,11861,107363,16,58,0.0000,0.0000,0.0000,74.0000,9.6200
1,5,0,5,1,29,129,15,11861,107363,11,58,0.0000,0.0000,0.0000,74.0000,9.6200
1,5,0,6,5,21,143,15,11861,107363,20,58,0.0000,0.0000,0.0000,74.0000,9.6200
1,5,0,8,4,18,175,15,11861,107363,2,58,0.0000,0.0000,0.0000,74.0000,9.6200
1,5,0,6,4,21,175,15,11861,107363,6,58,0.0000,0.0000,0.0000,74.0000,9.6200
1,5,0,4,4,24,143,15,11861,107363,17,58,0.0000,0.0000,0.0000,74.0000,9.6200
1,5,0,8,4,18,175,15,11861,107363,7,58,0.0000,0.0000,0.0000,74.0000,9.6200
1,5,0,6,3,21,143,15,11861,107363,12,58,0.0000,0.0000,0.0000,74.0000,9.6200
1,5,0,4,5,24,143,15,11861,107363,20,58,0.0000,0.0000,0.0000,74.0000,9.6200
1,5,0,7,3,22,175,15,11861,107363,7,58,0.0000,0.0000,0.0000,74.0000,9.6200
1,5,0,18,4,5,143,15,11861,107363,18,58,0.0000,0.0000,0.0000,74.0000,9.6200
1,5,0,7,4,22,175,15,11861,107363,6,58,0.0000,0.0000,0.0000,74.0000,9.6200
1,5,0,8,5,18,228,16,11861,15023,3,58,0.0000,0.0000,0.0000,74.0000,9.6200
1,5,0,5,4,29,178,16,11861,15023,5,58,0.0000,0.0000,0.0000,74.0000,9.6200
1,5,0,8,4,18,228,16,11861,15023,2,58,0.0000,0.0000,0.0000,74.0000,9.6200
1,5,0,7,3,22,178,16,11861,15023,6,58,0.0000,0.0000,0.0000,74.0000,9.6200
1,5,0,6,4,21,178,16,11861,15023,5,58,0.0000,0.0000,0.0000,74.0000,9.6200
1,5,0,7,4,22,178,16,11861,15023,4,58,0.0000,0.0000,0.0000,74.0000,9.6200
1,5,0,4,4,24,186,9,11861,9496,1,58,0.0000,0.0000,0.0000,74.0000,9.6200
1,5,0,9,5,28,230,9,11861,9496,2,58,0.0000,0.0000,0.0000,74.0000,9.6200
1,5,0,5,4,29,230,9,11861,9496,2,58,0.0000,0.0000,0.0000,74.0000,9.6200
1,5,0,4,2,24,230,9,11861,9496,4,58,0.0000,0.0000,0.0000,74.0000,9.6200
1,5,0,9,5,28,180,9,11861,9496,3,58,0.0000,0.0000,0.0000,74.0000,9.6200
1,5,0,5,3,29,186,9,11861,9496,2,58,0.0000,0.0000,0.0000,74.0000,9.6200
1,5,1,6,4,21,186,9,11861,9496,2,58,0.0000,0.0000,0.0000,74.0000,9.6200
1,5,0,4,5,24,186,9,11861,9496,3,58,0.0000,0.0000,0.0000,74.0000,9.6200
1,5,0,12,9,27,181,3,11861,75506,4,58,0.0000,0.0000,0.0000,74.0000,9.6200
1,5,0,7,2,22,247,3,11861,75506,5,58,0.0000,0.0000,0.0000,74.0000,9.6200
1,5,0,6,5,21,160,3,11861,75506,20,58,0.0000,0.0000,0.0000,74.0000,9.6200
1,5,1,10,4,24,154,17,11861,46218,3,58,0.0000,0.0000,0.0000,74.0000,9.6200
1,5,0,14,4,15,173,17,11861,46218,6,58,0.0000,0.0000,0.0000,74.0000,9.6200
1,5,0,15,4,22,160,3,11861,75506,8,58,0.0000,0.0000,0.0000,74.0000,9.6200
1,5,0,10,4,24,160,3,11861,75506,8,58,0.0000,0.0000,0.0000,74.0000,9.6200
1,5,1,9,4,28,142,17,11861,46218,23,58,0.0000,0.0000,0.0000,74.0000,9.6200
1,5,0,11,3,21,178,16,11861,15023,4,58,0.0000,0.0000,0.0000,74.0000,9.6200
1,5,0,16,4,22,173,17,11861,46218,6,58,0.0000,0.0000,0.0000,74.0000,9.6200
1,5,0,12,5,27,173,17,11861,46218,11,58,0.0000,0.0000,0.0000,74.0000,9.6200
1,5,0,15,9,22,179,17,11861,46218,1,58,0.0000,0.0000,0.0000,74.0000,9.6200
1,5,0,12,7,27,173,17,11861,46218,5,58,0.0000,0.0000,0.0000,74.0000,9.6200
1,5,0,11,4,21,173,17,11861,46218,9,58,0.0000,0.0000,0.0000,74.0000,9.6200
1,5,0,10,4,24,182,16,11861,15023,2,58,0.0000,0.0000,0.0000,74.0000,9.6200
1,5,0,12,4,27,173,17,11861,46218,6,58,0.0000,0.0000,0.0000,74.0000,9.6200
1,5,0,7,4,22,173,17,11861,46218,11,58,0.0000,0.0000,0.0000,74.0000,9.6200
1,5,1,10,4,24,228,16,11861,15023,4,58,0.0000,0.0000,0.0000,74.0000,9.6200
1,5,0,11,1,21,172,3,11861,75506,1,58,0.0000,0.0000,0.0000,74.0000,9.6200
1,5,0,15,4,22,142,17,11861,46218,21,58,0.0000,0.0000,0.0000,74.0000,9.6200
1,5,0,14,6,15,191,7,11861,73508,1,58,0.0000,0.0000,0.0000,74.0000,9.6200
1,5,0,10,4,24,199,7,11861,73508,22,58,0.0000,0.0000,0.0000,74.0000,9.6200
1,5,0,7,3,22,110,7,11861,73508,20,58,0.0000,0.0000,0.0000,74.0000,9.6200
1,5,0,14,2,15,199,7,11861,73508,23,58,0.0000,0.0000,0.0000,74.0000,9.6200
1,5,1,9,2,28,199,7,11861,73508,18,58,0.0000,0.0000,0.0000,74.0000,9.6200
1,5,0,8,2,18,199,7,11861,73508,27,58,0.0000,0.0000,0.0000,74.0000,9.6200
1,5,0,6,2,21,199,7,11861,73508,21,58,0.0000,0.0000,0.0000,74.0000,9.6200
1,5,0,12,4,27,234,7,11861,73508,16,58,0.0000,0.0000,0.0000,74.0000,9.6200
1,5,0,12,5,27,157,7,11861,73508,16,58,0.0000,0.0000,0.0000,74.0000,9.6200
1,5,0,11,4,21,191,7,11861,73508,2,58,0.0000,0.0000,0.0000,74.0000,9.6200
1,5,0,9,5,28,150,11,11861,23463,11,58,0.0000,0.0000,0.0000,74.0000,9.6200
1,5,0,9,5,28,162,11,11861,23463,6,58,0.0000,0.0000,0.0000,74.0000,9.6200
1,5,1,15,4,22,162,11,11861,23463,11,58,0.0000,0.0000,0.0000,74.0000,9.6200
1,5,0,17,5,17,200,11,11861,23463,4,58,0.0000,0.0000,0.0000,74.0000,9.6200
1,5,0,10,4,24,100,11,11861,23463,6,58,0.0000,0.0000,0.0000,74.0000,9.6200
1,5,1,14,4,15,150,11,11861,23463,12,58,0.0000,0.0000,0.0000,74.0000,9.6200
1,5,0,11,5,21,228,16,11861,15023,3,58,0.0000,0.0000,0.0000,74.0000,9.6200
1,5,0,7,2,22,199,7,11861,73508,27,58,0.0000,0.0000,0.0000,74.0000,9.6200
1,5,0,10,4,24,143,15,11861,107363,16,58,0.0000,0.0000,0.0000,74.0000,9.6200
1,5,0,9,5,28,143,15,11861,107363,19,58,0.0000,0.0000,0.0000,74.0000,9.6200
1,5,1,11,3,21,143,15,11861,107363,15,58,0.0000,0.0000,0.0000,74.0000,9.6200
1,5,0,15,10,22,175,15,11861,107363,2,58,0.0000,0.0000,0.0000,74.0000,9.6200
1,5,0,7,4,22,175,15,11861,107363,2,58,0.0000,0.0000,0.0000,74.0000,9.6200
1,5,0,13,9,23,175,15,11861,107363,2,58,0.0000,0.0000,0.0000,74.0000,9.6200
1,5,0,9,2,28,182,16,11861,15023,1,58,0.0000,0.0000,0.0000,74.0000,9.6200
1,5,0,8,4,18,182,16,11861,15023,3,58,0.0000,0.0000,0.0000,74.0000,9.6200
1,5,0,12,4,27,178,16,11861,15023,8,58,0.0000,0.0000,0.0000,74.0000,9.6200
1,5,0,9,2,28,187,3,11861,75506,7,58,0.0000,0.0000,0.0000,74.0000,9.6200
1,5,0,15,4,22,187,3,11861,75506,6,58,0.0000,0.0000,0.0000,74.0000,9.6200
1,5,0,16,8,22,187,3,11861,75506,6,58,0.0000,0.0000,0.0000,74.0000,9.6200
1,5,0,13,4,23,181,3,11861,75506,2,58,0.0000,0.0000,0.0000,74.0000,9.6200
1,5,0,10,4,24,175,15,11861,107363,2,58,0.0000,0.0000,0.0000,74.0000,9.6200
1,5,0,8,4,18,143,15,11861,107363,17,58,0.0000,0.0000,0.0000,74.0000,9.6200
1,5,0,13,7,23,175,15,11861,107363,1,58,0.0000,0.0000,0.0000,74.0000,9.6200
1,5,0,10,7,24,175,15,11861,107363,1,58,0.0000,0.0000,0.0000,74.0000,9.6200
1,5,0,8,4,18,143,15,11861,107363,15,58,0.0000,0.0000,0.0000,74.0000,9.6200
1,5,0,9,4,28,175,15,11861,107363,3,58,0.0000,0.0000,0.0000,74.0000,9.6200
1,5,0,13,4,23,175,15,11861,107363,6,58,0.0000,0.0000,0.0000,74.0000,9.6200
1,5,0,9,5,28,143,15,11861,107363,12,58,0.0000,0.0000,0.0000,74.0000,9.6200
1,5,0,13,2,23,175,15,11861,107363,1,58,0.0000,0.0000,0.0000,74.0000,9.6200
1,5,0,17,5,17,143,15,11861,107363,15,58,0.0000,0.0000,0.0000,74.0000,9.6200
1,5,0,9,3,28,143,15,11861,107363,15,58,0.0000,0.0000,0.0000,74.0000,9.6200
1,5,0,8,2,18,143,15,11861,107363,10,58,0.0000,0.0000,0.0000,74.0000,9.6200
1,5,0,15,4,22,175,15,11861,107363,3,58,0.0000,0.0000,0.0000,74.0000,9.6200
1,5,0,11,4,21,181,3,11861,75506,2,58,0.0000,0.0000,0.0000,74.0000,9.6200
1,5,0,13,8,23,187,3,11861,75506,5,58,0.0000,0.0000,0.0000,74.0000,9.6200
1,5,0,9,2,28,150,3,11861,75506,21,58,0.0000,0.0000,0.0000,74.0000,9.6200
1,5,0,7,9,22,160,3,11861,75506,5,58,0.0000,0.0000,0.0000,74.0000,9.6200
1,5,0,11,3,21,186,9,11861,9496,1,58,0.0000,0.0000,0.0000,74.0000,9.6200
1,5,1,10,4,24,186,9,11861,9496,1,58,0.0000,0.0000,0.0000,74.0000,9.6200
1,5,0,12,3,27,230,9,11861,9496,1,58,0.0000,0.0000,0.0000,74.0000,9.6200
1,5,0,7,5,22,230,9,11861,9496,2,58,0.0000,0.0000,0.0000,74.0000,9.6200
1,5,0,11,5,21,150,9,11861,9496,14,58,0.0000,0.0000,0.0000,74.0000,9.6200
1,5,0,16,9,22,180,9,11861,9496,11,58,0.0000,0.0000,0.0000,74.0000,9.6200
1,5,1,9,4,28,186,9,11861,9496,3,58,0.0000,0.0000,0.0000,74.0000,9.6200
1,5,0,9,4,28,186,9,11861,9496,2,58,0.0000,0.0000,0.0000,74.0000,9.6200
1,5,0,13,5,23,180,9,11861,9496,9,58,0.0000,0.0000,0.0000,74.0000,9.6200
1,5,0,13,5,23,160,3,11861,75506,3,58,0.0000,0.0000,0.0000,74.0000,9.6200
1,5,0,9,4,28,187,3,11861,75506,10,58,0.0000,0.0000,0.0000,74.0000,9.6200
1,5,0,12,11,27,181,1,11861,20315,3,58,0.0000,0.0000,0.0000,74.0000,9.6200
1,5,0,12,4,27,247,3,11861,75506,10,58,0.0000,0.0000,0.0000,74.0000,9.6200
1,5,0,10,4,24,128,3,11861,75506,20,58,0.0000,0.0000,0.0000,74.0000,9.6200
1,5,0,13,2,23,187,3,11861,75506,8,58,0.0000,0.0000,0.0000,74.0000,9.6200
1,5,0,16,4,22,228,16,11861,15023,2,58,0.0000,0.0000,0.0000,74.0000,9.6200
1,5,0,17,4,17,178,16,11861,15023,5,58,0.0000,0.0000,0.0000,74.0000,9.6200
1,5,0,11,5,21,178,16,11861,15023,8,58,0.0000,0.0000,0.0000,74.0000,9.6200
1,5,0,13,4,23,150,3,11861,75506,20,58,0.0000,0.0000,0.0000,74.0000,9.6200
1,5,0,15,1,22,178,16,11861,15023,5,58,0.0000,0.0000,0.0000,74.0000,9.6200
1,5,0,15,4,22,199,7,11861,73508,21,58,0.0000,0.0000,0.0000,74.0000,9.6200
1,5,0,11,4,21,175,15,11861,107363,2,58,0.0000,0.0000,0.0000,74.0000,9.6200
1,5,0,15,4,22,175,15,11861,107363,2,58,0.0000,0.0000,0.0000,74.0000,9.6200
1,5,0,10,4,24,143,15,11861,107363,15,58,0.0000,0.0000,0.0000,74.0000,9.6200
1,5,1,16,4,22,175,15,11861,107363,2,58,0.0000,0.0000,0.0000,74.0000,9.6200
1,5,0,13,4,23,175,15,11861,107363,7,58,0.0000,0.0000,0.0000,74.0000,9.6200
1,5,0,10,2,24,143,15,11861,107363,19,58,0.0000,0.0000,0.0000,74.0000,9.6200
1,5,0,12,5,27,143,15,11861,107363,13,58,0.0000,0.0000,0.0000,74.0000,9.6200
1,5,0,12,3,27,143,15,11861,107363,14,58,0.0000,0.0000,0.0000,74.0000,9.6200
1,5,0,15,4,22,175,15,11861,107363,7,58,0.0000,0.0000,0.0000,74.0000,9.6200
1,5,0,12,4,27,143,15,11861,107363,10,58,0.0000,0.0000,0.0000,74.0000,9.6200
1,5,0,9,4,28,143,15,11861,107363,21,58,0.0000,0.0000,0.0000,74.0000,9.6200
1,5,0,13,9,23,175,15,11861,107363,2,58,0.0000,0.0000,0.0000,74.0000,9.6200
1,5,0,11,4,21,143,15,11861,107363,15,58,0.0000,0.0000,0.0000,74.0000,9.6200
1,5,0,12,4,27,175,15,11861,107363,7,58,0.0000,0.0000,0.0000,74.0000,9.6200
1,5,0,17,4,17,175,15,11861,107363,4,58,0.0000,0.0000,0.0000,74.0000,9.6200
1,5,0,12,3,27,143,15,11861,107363,13,58,0.0000,0.0000,0.0000,74.0000,9.6200
1,5,0,11,10,21,175,15,11861,107363,3,58,0.0000,0.0000,0.0000,74.0000,9.6200
1,5,0,16,4,22,175,15,11861,107363,5,58,0.0000,0.0000,0.0000,74.0000,9.6200
1,5,1,13,8,23,175,15,11861,107363,5,58,0.0000,0.0000,0.0000,74.0000,9.6200
1,5,0,12,2,27,178,16,11861,15023,6,58,0.0000,0.0000,0.0000,74.0000,9.6200
1,5,0,15,4,22,191,7,11861,73508,3,58,0.0000,0.0000,0.0000,74.0000,9.6200
1,5,0,14,4,15,228,16,11861,15023,4,58,0.0000,0.0000,0.0000,74.0000,9.6200
1,5,0,11,5,21,182,16,11861,15023,2,58,0.0000,0.0000,0.0000,74.0000,9.6200
1,5,0,13,1,23,160,3,11861,75506,19,58,0.0000,0.0000,0.0000,74.0000,9.6200
1,5,0,11,4,21,186,9,11861,9496,2,58,0.0000,0.0000,0.0000,74.0000,9.6200
1,5,1,11,4,21,186,9,11861,9496,3,58,0.0000,0.0000,0.0000,74.0000,9.6200
1,5,0,14,4,15,186,9,11861,9496,2,58,0.0000,0.0000,0.0000,74.0000,9.6200
1,5,0,16,2,22,230,9,11861,9496,3,58,0.0000,0.0000,0.0000,74.0000,9.6200
1,5,1,17,5,17,180,9,11861,9496,3,58,0.0000,0.0000,0.0000,74.0000,9.6200
1,5,1,13,4,23,230,9,11861,9496,4,58,0.0000,0.0000,0.0000,74.0000,9.6200
1,5,0,17,5,17,230,9,11861,9496,2,58,0.0000,0.0000,0.0000,74.0000,9.6200
1,5,0,14,4,15,228,16,11861,15023,3,58,0.0000,0.0000,0.0000,74.0000,9.6200
1,5,0,9,5,28,143,15,11861,107363,13,58,0.0000,0.0000,0.0000,74.0000,9.6200
1,5,0,10,4,24,143,15,11861,107363,14,58,0.0000,0.0000,0.0000,74.0000,9.6200
1,5,0,11,5,21,143,15,11861,107363,20,58,0.0000,0.0000,0.0000,74.0000,9.6200
1,5,0,11,2,21,187,3,11861,75506,6,58,0.0000,0.0000,0.0000,74.0000,9.6200
1,5,0,13,4,23,100,11,11861,23463,8,58,0.0000,0.0000,0.0000,74.0000,9.6200
1,5,0,12,5,27,162,11,11861,23463,15,58,0.0000,0.0000,0.0000,74.0000,9.6200
1,5,0,15,4,22,162,11,11861,23463,14,58,0.0000,0.0000,0.0000,74.0000,9.6200
1,5,0,13,4,23,129,11,11861,23463,11,58,0.0000,0.0000,0.0000,74.0000,9.6200
1,5,0,16,4,22,200,11,11861,23463,6,58,0.0000,0.0000,0.0000,74.0000,9.6200
1,5,0,16,5,22,129,11,11861,23463,11,58,0.0000,0.0000,0.0000,74.0000,9.6200
1,5,0,14,5,15,129,11,11861,23463,11,58,0.0000,0.0000,0.0000,74.0000,9.6200
1,5,0,10,4,24,100,11,11861,23463,14,58,0.0000,0.0000,0.0000,74.0000,9.6200
1,5,0,14,4,15,100,11,11861,23463,8,58,0.0000,0.0000,0.0000,74.0000,9.6200
1,5,0,14,8,15,150,11,11861,23463,14,58,0.0000,0.0000,0.0000,74.0000,9.6200
1,5,0,15,2,22,199,7,11861,73508,28,58,0.0000,0.0000,0.0000,74.0000,9.6200
1,5,0,15,4,22,191,7,11861,73508,1,58,0.0000,0.0000,0.0000,74.0000,9.6200
1,5,0,12,5,27,129,11,11861,23463,11,58,0.0000,0.0000,0.0000,74.0000,9.6200
1,5,1,16,9,22,129,11,11861,23463,11,58,0.0000,0.0000,0.0000,74.0000,9.6200
1,5,0,10,2,24,199,7,11861,73508,21,58,0.0000,0.0000,0.0000,74.0000,9.6200
1,5,1,16,5,22,150,11,11861,23463,12,58,0.0000,0.0000,0.0000,74.0000,9.6200
1,5,1,11,4,21,191,7,11861,73508,1,58,0.0000,0.0000,0.0000,74.0000,9.6200
1,5,0,17,4,17,150,11,11861,23463,13,58,0.0000,0.0000,0.0000,74.0000,9.6200
1,5,0,16,4,22,162,11,11861,23463,12,58,0.0000,0.0000,0.0000,74.0000,9.6200
1,5,0,15,4,22,160,3,11861,75506,8,58,0.0000,0.0000,0.0000,74.0000,9.6200
1,5,1,12,3,27,143,15,11861,107363,13,58,0.0000,0.0000,0.0000,74.0000,9.6200
1,5,0,17,5,17,175,15,11861,107363,2,58,0.0000,0.0000,0.0000,74.0000,9.6200
1,5,0,15,4,22,175,15,11861,107363,1,58,0.0000,0.0000,0.0000,74.0000,9.6200
1,5,0,16,5,22,143,15,11861,107363,12,58,0.0000,0.0000,0.0000,74.0000,9.6200
1,5,0,12,2,27,143,15,11861,107363,13,58,0.0000,0.0000,0.0000,74.0000,9.6200
1,5,0,14,2,15,143,15,11861,107363,14,58,0.0000,0.0000,0.0000,74.0000,9.6200
1,5,0,13,1,23,143,15,11861,107363,15,58,0.0000,0.0000,0.0000,74.0000,9.6200
1,5,0,15,1,22,143,15,11861,107363,21,58,0.0000,0.0000,0.0000,74.0000,9.6200
1,5,0,15,5,22,160,3,11861,75506,7,58,0.0000,0.0000,0.0000,74.0000,9.6200
1,5,0,17,5,17,150,11,11861,23463,11,58,0.0000,0.0000,0.0000,74.0000,9.6200
1,5,0,18,5,5,150,11,11861,23463,8,58,0.0000,0.0000,0.0000,74.0000,9.6200
1,5,0,12,2,27,199,7,11861,73508,27,58,0.0000,0.0000,0.0000,74.0000,9.6200
1,5,0,13,2,23,199,7,11861,73508,29,58,0.0000,0.0000,0.0000,74.0000,9.6200
1,5,0,11,2,21,199,7,11861,73508,21,58,0.0000,0.0000,0.0000,74.0000,9.6200
1,5,0,12,3,27,110,7,11861,73508,20,58,0.0000,0.0000,0.0000,74.0000,9.6200
1,5,0,16,5,22,175,15,11861,107363,7,58,0.0000,0.0000,0.0000,74.0000,9.6200
1,5,0,16,3,22,143,15,11861,107363,15,58,0.0000,0.0000,0.0000,74.0000,9.6200
1,5,0,16,7,22,230,9,11861,9496,2,58,0.0000,0.0000,0.0000,74.0000,9.6200
1,5,0,17,7,17,186,9,11861,9496,1,58,0.0000,0.0000,0.0000,74.0000,9.6200
1,5,0,17,4,17,228,16,11861,15023,1,58,0.0000,0.0000,0.0000,74.0000,9.6200
1,5,0,17,4,17,182,16,11861,15023,2,58,0.0000,0.0000,0.0000,74.0000,9.6200
1,5,0,17,4,17,128,3,11861,75506,20,58,0.0000,0.0000,0.0000,74.0000,9.6200
1,5,0,15,2,22,187,3,11861,75506,6,58,0.0000,0.0000,0.0000,74.0000,9.6200
1,5,0,16,4,22,145,16,11861,15023,11,58,0.0000,0.0000,0.0000,74.0000,9.6200
1,5,0,17,4,17,178,16,11861,15023,9,58,0.0000,0.0000,0.0000,74.0000,9.6200
1,5,0,16,4,22,182,16,11861,15023,3,58,0.0000,0.0000,0.0000,74.0000,9.6200
1,5,0,15,4,22,110,7,11861,73508,18,58,0.0000,0.0000,0.0000,74.0000,9.6200
1,5,0,16,2,22,199,7,11861,73508,21,58,0.0000,0.0000,0.0000,74.0000,9.6200
1,5,0,19,5,2,182,16,11861,15023,2,58,0.0000,0.0000,0.0000,74.0000,9.6200
1,5,0,18,4,5,143,15,11861,107363,13,58,0.0000,0.0000,0.0000,74.0000,9.6200
1,5,0,16,4,22,143,15,11861,107363,18,58,0.0000,0.0000,0.0000,74.0000,9.6200
1,5,0,14,4,15,143,15,11861,107363,11,58,0.0000,0.0000,0.0000,74.0000,9.6200
1,5,0,17,5,17,143,15,11861,107363,20,58,0.0000,0.0000,0.0000,74.0000,9.6200
1,5,0,14,5,15,129,15,11861,107363,11,58,0.0000,0.0000,0.0000,74.0000,9.6200
1,5,0,17,5,17,143,15,11861,107363,15,58,0.0000,0.0000,0.0000,74.0000,9.6200
1,5,0,17,3,17,143,15,11861,107363,10,58,0.0000,0.0000,0.0000,74.0000,9.6200
1,5,0,19,5,2,178,16,11861,15023,9,58,0.0000,0.0000,0.0000,74.0000,9.6200
1,3,0,5,3,3,76,14,1561,62105,3,8,0.0100,0.2000,0.0000,43.0000,6.7100
1,3,1,4,6,6,76,14,1561,62105,3,8,0.0100,0.2000,0.0000,43.0000,6.7100
1,3,0,2,3,7,76,14,1561,62105,2,8,0.0100,0.2000,0.0000,43.0000,6.7100
1,3,1,3,3,4,76,14,1561,62105,5,8,0.0100,0.2000,0.0000,43.0000,6.7100
1,3,0,2,6,7,76,12,1561,17869,5,8,0.0100,0.2000,0.0000,43.0000,6.7100
1,3,0,2,3,7,120,17,1561,46218,21,8,0.0100,0.2000,0.0000,43.0000,6.7100
1,3,0,2,2,7,160,7,1561,73508,20,8,0.0100,0.2000,0.0000,43.0000,6.7100
1,3,0,2,3,7,150,3,1561,75506,20,8,0.0100,0.2000,0.0000,43.0000,6.7100
1,3,0,2,3,7,143,15,1561,107363,15,8,0.0100,0.2000,0.0000,43.0000,6.7100
1,3,0,4,3,6,175,15,1561,107363,4,8,0.0100,0.2000,0.0000,43.0000,6.7100
1,3,0,3,2,4,143,15,1561,107363,12,8,0.0100,0.2000,0.0000,43.0000,6.7100
1,3,0,4,3,6,175,15,1561,107363,5,8,0.0100,0.2000,0.0000,43.0000,6.7100
1,3,0,5,2,3,76,14,1561,62105,3,8,0.0100,0.2000,0.0000,43.0000,6.7100
1,3,0,2,2,7,76,14,1561,62105,3,8,0.0100,0.2000,0.0000,43.0000,6.7100
1,3,0,4,2,6,120,1,1561,20315,16,8,0.0100,0.2000,0.0000,43.0000,6.7100
1,3,0,4,2,6,76,14,1561,62105,2,8,0.0100,0.2000,0.0000,43.0000,6.7100
1,3,0,6,3,2,76,14,1561,62105,4,8,0.0100,0.2000,0.0000,43.0000,6.7100
1,3,0,1,2,1,76,14,1561,62105,3,8,0.0100,0.2000,0.0000,43.0000,6.7100
1,3,0,4,3,6,76,14,1561,62105,3,8,0.0100,0.2000,0.0000,43.0000,6.7100
1,3,1,3,3,4,76,14,1561,62105,2,8,0.0100,0.2000,0.0000,43.0000,6.7100
1,3,0,5,2,3,76,14,1561,62105,3,8,0.0100,0.2000,0.0000,43.0000,6.7100
1,3,0,3,6,4,76,4,1561,23760,3,8,0.0100,0.2000,0.0000,43.0000,6.7100
1,3,1,8,6,3,76,14,1561,62105,3,8,0.0100,0.2000,0.0000,43.0000,6.7100
1,3,0,7,3,2,50,14,1561,62105,16,8,0.0100,0.2000,0.0000,43.0000,6.7100
1,3,0,8,3,3,50,14,1561,62105,16,8,0.0100,0.2000,0.0000,43.0000,6.7100
1,3,1,10,3,5,76,14,1561,62105,3,8,0.0100,0.2000,0.0000,43.0000,6.7100
1,3,1,9,2,4,76,14,1561,62105,3,8,0.0100,0.2000,0.0000,43.0000,6.7100
1,3,0,14,2,2,76,14,1561,62105,2,8,0.0100,0.2000,0.0000,43.0000,6.7100
1,3,0,10,5,5,76,14,1561,62105,13,8,0.0100,0.2000,0.0000,43.0000,6.7100
1,3,0,7,2,2,76,14,1561,62105,3,8,0.0100,0.2000,0.0000,43.0000,6.7100
1,3,0,6,2,2,76,14,1561,62105,3,8,0.0100,0.2000,0.0000,43.0000,6.7100
1,3,0,11,2,5,76,14,1561,62105,3,8,0.0100,0.2000,0.0000,43.0000,6.7100
1,3,0,10,3,5,142,17,1561,46218,13,8,0.0100,0.2000,0.0000,43.0000,6.7100
1,3,1,9,6,4,76,4,1561,23760,3,8,0.0100,0.2000,0.0000,43.0000,6.7100
1,3,0,10,3,5,150,3,1561,75506,22,8,0.0100,0.2000,0.0000,43.0000,6.7100
1,3,0,9,2,4,143,15,1561,107363,13,8,0.0100,0.2000,0.0000,43.0000,6.7100
1,3,0,8,3,3,143,15,1561,107363,13,8,0.0100,0.2000,0.0000,43.0000,6.7100
1,3,0,11,2,5,76,14,1561,62105,3,8,0.0100,0.2000,0.0000,43.0000,6.7100
1,3,0,9,3,4,143,15,1561,107363,14,8,0.0100,0.2000,0.0000,43.0000,6.7100
1,3,0,10,3,5,143,15,1561,107363,19,8,0.0100,0.2000,0.0000,43.0000,6.7100
1,3,1,12,3,1,143,15,1561,107363,15,8,0.0100,0.2000,0.0000,43.0000,6.7100
1,3,1,11,2,5,76,14,1561,62105,1,8,0.0100,0.2000,0.0000,43.0000,6.7100
1,3,0,13,3,3,50,14,1561,62105,16,8,0.0100,0.2000,0.0000,43.0000,6.7100
1,3,0,13,3,3,50,14,1561,62105,17,8,0.0100,0.2000,0.0000,43.0000,6.7100
1,3,0,11,2,5,76,14,1561,62105,3,8,0.0100,0.2000,0.0000,43.0000,6.7100
1,3,0,11,3,5,143,15,1561,107363,14,8,0.0100,0.2000,0.0000,43.0000,6.7100
1,3,0,13,3,3,143,15,1561,107363,20,8,0.0100,0.2000,0.0000,43.0000,6.7100
1,3,0,15,2,2,143,15,1561,107363,17,8,0.0100,0.2000,0.0000,43.0000,6.7100
1,3,0,15,2,2,76,14,1561,62105,3,8,0.0100,0.2000,0.0000,43.0000,6.7100
1,3,0,14,3,2,50,14,1561,62105,18,8,0.0100,0.2000,0.0000,43.0000,6.7100
1,5,1,2,10,16,132,7,4677,73508,20,70,0.0000,0.0000,0.0000,43.0000,2.0100
1,5,0,4,4,11,110,7,4677,73508,19,70,0.0000,0.0000,0.0000,43.0000,2.0100
1,5,0,2,9,16,160,7,4677,73508,18,70,0.0000,0.0000,0.0000,43.0000,2.0100
1,5,0,13,2,11,180,7,4677,73508,5,70,0.0000,0.0000,0.0000,43.0000,2.0100
1,5,0,1,2,6,160,7,4677,73508,20,70,0.0000,0.0000,0.0000,43.0000,2.0100
1,5,0,4,2,11,180,7,4677,73508,6,70,0.0000,0.0000,0.0000,43.0000,2.0100
1,5,0,2,3,16,143,15,4677,107363,21,70,0.0000,0.0000,0.0000,43.0000,2.0100
1,5,0,2,3,16,143,15,4677,107363,8,70,0.0000,0.0000,0.0000,43.0000,2.0100
1,5,0,3,3,13,175,15,4677,107363,4,70,0.0000,0.0000,0.0000,43.0000,2.0100
1,5,0,3,9,13,175,15,4677,107363,1,70,0.0000,0.0000,0.0000,43.0000,2.0100
1,5,0,2,3,16,143,15,4677,107363,11,70,0.0000,0.0000,0.0000,43.0000,2.0100
1,5,0,5,2,10,143,15,4677,107363,15,70,0.0000,0.0000,0.0000,43.0000,2.0100
1,5,0,2,2,16,175,15,4677,107363,2,70,0.0000,0.0000,0.0000,43.0000,2.0100
1,5,0,2,2,16,143,15,4677,107363,11,70,0.0000,0.0000,0.0000,43.0000,2.0100
1,5,0,2,2,16,143,15,4677,107363,19,70,0.0000,0.0000,0.0000,43.0000,2.0100
1,5,1,3,2,13,69,13,4677,24623,13,70,0.0000,0.0000,0.0000,43.0000,2.0100
1,5,0,3,2,13,69,13,4677,24623,11,70,0.0000,0.0000,0.0000,43.0000,2.0100
1,5,1,4,6,11,180,9,4677,9496,6,70,0.0000,0.0000,0.0000,43.0000,2.0100
1,5,0,6,9,11,186,9,4677,9496,2,70,0.0000,0.0000,0.0000,43.0000,2.0100
1,5,0,1,2,6,44,4,4677,23760,17,70,0.0000,0.0000,0.0000,43.0000,2.0100
1,5,0,3,2,13,44,4,4677,23760,16,70,0.0000,0.0000,0.0000,43.0000,2.0100
1,5,0,3,3,13,100,11,4677,23463,8,70,0.0000,0.0000,0.0000,43.0000,2.0100
1,5,0,2,3,16,100,11,4677,23463,11,70,0.0000,0.0000,0.0000,43.0000,2.0100
1,5,0,4,1,11,50,6,4677,22418,15,70,0.0000,0.0000,0.0000,43.0000,2.0100
1,5,0,3,3,13,160,3,4677,75506,20,70,0.0000,0.0000,0.0000,43.0000,2.0100
1,5,0,1,2,6,150,3,4677,75506,10,70,0.0000,0.0000,0.0000,43.0000,2.0100
1,5,0,1,5,6,160,3,4677,75506,18,70,0.0000,0.0000,0.0000,43.0000,2.0100
1,5,0,3,3,13,160,3,4677,75506,6,70,0.0000,0.0000,0.0000,43.0000,2.0100
1,5,0,1,1,6,172,3,4677,75506,9,70,0.0000,0.0000,0.0000,43.0000,2.0100
1,5,0,2,1,16,142,17,4677,46218,26,70,0.0000,0.0000,0.0000,43.0000,2.0100
1,5,0,3,2,13,142,17,4677,46218,24,70,0.0000,0.0000,0.0000,43.0000,2.0100
1,5,0,2,2,16,142,17,4677,46218,26,70,0.0000,0.0000,0.0000,43.0000,2.0100
1,5,0,2,10,16,120,17,4677,46218,12,70,0.0000,0.0000,0.0000,43.0000,2.0100
1,5,0,4,6,11,154,17,4677,46218,14,70,0.0000,0.0000,0.0000,43.0000,2.0100
1,5,0,4,5,11,142,17,4677,46218,22,70,0.0000,0.0000,0.0000,43.0000,2.0100
1,5,1,2,2,16,44,4,4677,23760,18,70,0.0000,0.0000,0.0000,43.0000,2.0100
1,5,0,3,2,13,150,3,4677,75506,9,70,0.0000,0.0000,0.0000,43.0000,2.0100
1,5,0,1,1,6,129,6,4677,22418,11,70,0.0000,0.0000,0.0000,43.0000,2.0100
1,5,0,3,5,13,140,3,4677,75506,20,70,0.0000,0.0000,0.0000,43.0000,2.0100
1,5,0,2,2,16,76,8,4677,19857,11,70,0.0000,0.0000,0.0000,43.0000,2.0100
1,5,0,3,2,13,50,8,4677,19857,15,70,0.0000,0.0000,0.0000,43.0000,2.0100
1,5,0,2,2,16,50,8,4677,19857,15,70,0.0000,0.0000,0.0000,43.0000,2.0100
1,5,0,3,1,13,187,3,4677,75506,18,70,0.0000,0.0000,0.0000,43.0000,2.0100
1,5,0,2,2,16,180,7,4677,73508,1,70,0.0000,0.0000,0.0000,43.0000,2.0100
1,5,0,4,6,11,129,2,4677,6713,11,70,0.0000,0.0000,0.0000,43.0000,2.0100
1,5,0,5,3,10,160,7,4677,73508,17,70,0.0000,0.0000,0.0000,43.0000,2.0100
1,5,0,5,2,10,70,13,4677,24623,14,70,0.0000,0.0000,0.0000,43.0000,2.0100
1,5,0,6,3,11,76,13,4677,24623,4,70,0.0000,0.0000,0.0000,43.0000,2.0100
1,5,1,14,10,13,120,17,4677,46218,21,70,0.0000,0.0000,0.0000,43.0000,2.0100
1,5,1,8,2,5,154,17,4677,46218,9,70,0.0000,0.0000,0.0000,43.0000,2.0100
1,5,0,4,3,11,100,11,4677,23463,8,70,0.0000,0.0000,0.0000,43.0000,2.0100
1,5,0,5,2,10,50,8,4677,19857,16,70,0.0000,0.0000,0.0000,43.0000,2.0100
1,5,1,6,2,11,76,13,4677,24623,11,70,0.0000,0.0000,0.0000,43.0000,2.0100
1,5,1,4,2,11,76,13,4677,24623,11,70,0.0000,0.0000,0.0000,43.0000,2.0100
1,5,0,4,2,11,76,13,4677,24623,6,70,0.0000,0.0000,0.0000,43.0000,2.0100
1,5,0,5,2,10,143,15,4677,107363,20,70,0.0000,0.0000,0.0000,43.0000,2.0100
1,5,0,5,3,10,76,8,4677,19857,5,70,0.0000,0.0000,0.0000,43.0000,2.0100
1,5,0,11,9,10,160,3,4677,75506,3,70,0.0000,0.0000,0.0000,43.0000,2.0100
1,5,0,16,1,6,66,12,4677,17869,16,70,0.0000,0.0000,0.0000,43.0000,2.0100
1,5,1,15,10,14,149,1,4677,20315,12,70,0.0000,0.0000,0.0000,43.0000,2.0100
1,5,0,13,10,11,157,1,4677,20315,13,70,0.0000,0.0000,0.0000,43.0000,2.0100
1,5,0,15,2,14,180,7,4677,73508,2,70,0.0000,0.0000,0.0000,43.0000,2.0100
1,5,0,12,2,10,160,7,4677,73508,18,70,0.0000,0.0000,0.0000,43.0000,2.0100
1,5,0,5,3,10,110,7,4677,73508,20,70,0.0000,0.0000,0.0000,43.0000,2.0100
1,5,0,4,2,11,44,4,4677,23760,16,70,0.0000,0.0000,0.0000,43.0000,2.0100
1,5,0,7,3,10,230,9,4677,9496,2,70,0.0000,0.0000,0.0000,43.0000,2.0100
1,5,0,8,5,5,160,3,4677,75506,3,70,0.0000,0.0000,0.0000,43.0000,2.0100
1,5,0,7,2,10,76,8,4677,19857,5,70,0.0000,0.0000,0.0000,43.0000,2.0100
1,5,0,14,3,13,76,13,4677,24623,2,70,0.0000,0.0000,0.0000,43.0000,2.0100
1,5,0,7,5,10,76,13,4677,24623,3,70,0.0000,0.0000,0.0000,43.0000,2.0100
1,5,1,10,2,11,76,13,4677,24623,2,70,0.0000,0.0000,0.0000,43.0000,2.0100
1,5,0,9,3,9,76,13,4677,24623,4,70,0.0000,0.0000,0.0000,43.0000,2.0100
1,5,0,12,6,10,142,17,4677,46218,25,70,0.0000,0.0000,0.0000,43.0000,2.0100
1,5,0,7,3,10,172,3,4677,75506,9,70,0.0000,0.0000,0.0000,43.0000,2.0100
1,5,0,9,1,9,160,3,4677,75506,6,70,0.0000,0.0000,0.0000,43.0000,2.0100
1,5,0,10,1,11,154,17,4677,46218,2,70,0.0000,0.0000,0.0000,43.0000,2.0100
1,5,0,11,5,10,120,17,4677,46218,21,70,0.0000,0.0000,0.0000,43.0000,2.0100
1,5,0,17,1,2,173,17,4677,46218,4,70,0.0000,0.0000,0.0000,43.0000,2.0100
1,5,0,7,3,10,110,7,4677,73508,18,70,0.0000,0.0000,0.0000,43.0000,2.0100
1,5,0,13,4,11,110,7,4677,73508,19,70,0.0000,0.0000,0.0000,43.0000,2.0100
1,5,0,7,4,10,110,7,4677,73508,18,70,0.0000,0.0000,0.0000,43.0000,2.0100
1,5,0,12,8,10,160,7,4677,73508,19,70,0.0000,0.0000,0.0000,43.0000,2.0100
1,5,0,9,1,9,76,13,4677,24623,6,70,0.0000,0.0000,0.0000,43.0000,2.0100
1,5,0,6,1,11,76,13,4677,24623,11,70,0.0000,0.0000,0.0000,43.0000,2.0100
1,5,0,5,2,10,160,7,4677,73508,20,70,0.0000,0.0000,0.0000,43.0000,2.0100
1,5,1,7,2,10,129,7,4677,73508,11,70,0.0000,0.0000,0.0000,43.0000,2.0100
1,5,0,9,2,9,129,7,4677,73508,11,70,0.0000,0.0000,0.0000,43.0000,2.0100
1,5,1,11,2,10,70,14,4677,62105,1,70,0.0000,0.0000,0.0000,43.0000,2.0100
1,5,0,10,2,11,70,14,4677,62105,1,70,0.0000,0.0000,0.0000,43.0000,2.0100
1,5,0,5,2,10,100,11,4677,23463,14,70,0.0000,0.0000,0.0000,43.0000,2.0100
1,5,0,11,1,10,50,6,4677,22418,15,70,0.0000,0.0000,0.0000,43.0000,2.0100
1,5,1,8,2,5,76,13,4677,24623,11,70,0.0000,0.0000,0.0000,43.0000,2.0100
1,5,0,8,3,5,143,15,4677,107363,15,70,0.0000,0.0000,0.0000,43.0000,2.0100
1,5,0,9,3,9,143,15,4677,107363,12,70,0.0000,0.0000,0.0000,43.0000,2.0100
1,5,0,10,5,11,143,15,4677,107363,16,70,0.0000,0.0000,0.0000,43.0000,2.0100
1,5,1,12,8,10,175,15,4677,107363,3,70,0.0000,0.0000,0.0000,43.0000,2.0100
1,5,0,7,3,10,143,15,4677,107363,21,70,0.0000,0.0000,0.0000,43.0000,2.0100
1,5,1,8,3,5,143,15,4677,107363,16,70,0.0000,0.0000,0.0000,43.0000,2.0100
1,5,0,14,6,13,175,15,4677,107363,2,70,0.0000,0.0000,0.0000,43.0000,2.0100
1,5,0,9,2,9,143,15,4677,107363,13,70,0.0000,0.0000,0.0000,43.0000,2.0100
1,5,0,6,2,11,143,15,4677,107363,10,70,0.0000,0.0000,0.0000,43.0000,2.0100
1,5,1,6,2,11,128,3,4677,75506,19,70,0.0000,0.0000,0.0000,43.0000,2.0100
1,5,0,9,2,9,150,3,4677,75506,9,70,0.0000,0.0000,0.0000,43.0000,2.0100
1,5,0,10,2,11,150,3,4677,75506,19,70,0.0000,0.0000,0.0000,43.0000,2.0100
1,5,0,11,5,10,140,3,4677,75506,20,70,0.0000,0.0000,0.0000,43.0000,2.0100
1,5,0,7,3,10,172,3,4677,75506,9,70,0.0000,0.0000,0.0000,43.0000,2.0100
1,5,0,7,1,10,150,3,4677,75506,20,70,0.0000,0.0000,0.0000,43.0000,2.0100
1,5,0,6,2,11,50,8,4677,19857,15,70,0.0000,0.0000,0.0000,43.0000,2.0100
1,5,1,6,2,11,44,4,4677,23760,17,70,0.0000,0.0000,0.0000,43.0000,2.0100
1,5,0,6,1,11,66,12,4677,17869,16,70,0.0000,0.0000,0.0000,43.0000,2.0100
1,5,0,12,1,10,187,3,4677,75506,10,70,0.0000,0.0000,0.0000,43.0000,2.0100
1,5,1,6,2,11,50,8,4677,19857,15,70,0.0000,0.0000,0.0000,43.0000,2.0100
1,5,1,6,2,11,44,4,4677,23760,18,70,0.0000,0.0000,0.0000,43.0000,2.0100
1,5,1,12,4,10,186,9,4677,9496,1,70,0.0000,0.0000,0.0000,43.0000,2.0100
1,5,1,13,3,11,172,3,4677,75506,9,70,0.0000,0.0000,0.0000,43.0000,2.0100
1,5,0,5,1,10,150,3,4677,75506,20,70,0.0000,0.0000,0.0000,43.0000,2.0100
1,5,1,10,3,11,129,2,4677,6713,11,70,0.0000,0.0000,0.0000,43.0000,2.0100
1,5,1,10,2,11,44,4,4677,23760,17,70,0.0000,0.0000,0.0000,43.0000,2.0100
1,5,0,14,5,13,154,17,4677,46218,20,70,0.0000,0.0000,0.0000,43.0000,2.0100
1,5,0,10,1,11,76,8,4677,19857,5,70,0.0000,0.0000,0.0000,43.0000,2.0100
1,5,1,12,2,10,76,13,4677,24623,6,70,0.0000,0.0000,0.0000,43.0000,2.0100
1,5,1,10,1,11,150,3,4677,75506,22,70,0.0000,0.0000,0.0000,43.0000,2.0100
1,5,0,10,2,11,180,7,4677,73508,2,70,0.0000,0.0000,0.0000,43.0000,2.0100
1,5,0,15,3,14,172,3,4677,75506,10,70,0.0000,0.0000,0.0000,43.0000,2.0100
1,5,0,13,2,11,143,15,4677,107363,11,70,0.0000,0.0000,0.0000,43.0000,2.0100
1,5,1,13,2,11,143,15,4677,107363,15,70,0.0000,0.0000,0.0000,43.0000,2.0100
1,5,0,11,4,10,143,15,4677,107363,16,70,0.0000,0.0000,0.0000,43.0000,2.0100
1,5,0,9,3,9,110,7,4677,73508,20,70,0.0000,0.0000,0.0000,43.0000,2.0100
1,5,1,15,2,14,150,11,4677,23463,15,70,0.0000,0.0000,0.0000,43.0000,2.0100
1,5,0,15,5,14,160,3,4677,75506,2,70,0.0000,0.0000,0.0000,43.0000,2.0100
1,5,0,17,1,2,70,6,4677,22418,9,70,0.0000,0.0000,0.0000,43.0000,2.0100
1,5,0,13,3,11,100,11,4677,23463,13,70,0.0000,0.0000,0.0000,43.0000,2.0100
1,5,0,9,3,9,100,11,4677,23463,13,70,0.0000,0.0000,0.0000,43.0000,2.0100
1,5,0,11,3,10,100,11,4677,23463,10,70,0.0000,0.0000,0.0000,43.0000,2.0100
1,5,1,14,2,13,120,17,4677,46218,17,70,0.0000,0.0000,0.0000,43.0000,2.0100
1,5,0,13,3,11,110,7,4677,73508,18,70,0.0000,0.0000,0.0000,43.0000,2.0100
1,5,1,15,2,14,76,8,4677,19857,11,70,0.0000,0.0000,0.0000,43.0000,2.0100
1,5,0,15,2,14,143,15,4677,107363,21,70,0.0000,0.0000,0.0000,43.0000,2.0100
1,5,1,15,2,14,143,15,4677,107363,18,70,0.0000,0.0000,0.0000,43.0000,2.0100
1,5,0,13,5,11,143,15,4677,107363,9,70,0.0000,0.0000,0.0000,43.0000,2.0100
1,5,0,14,3,13,143,15,4677,107363,18,70,0.0000,0.0000,0.0000,43.0000,2.0100
1,5,1,12,3,10,143,15,4677,107363,12,70,0.0000,0.0000,0.0000,43.0000,2.0100
1,5,0,11,2,10,50,8,4677,19857,15,70,0.0000,0.0000,0.0000,43.0000,2.0100
1,5,1,15,2,14,70,13,4677,24623,14,70,0.0000,0.0000,0.0000,43.0000,2.0100
1,5,1,12,2,10,76,13,4677,24623,2,70,0.0000,0.0000,0.0000,43.0000,2.0100
1,5,0,12,3,10,69,13,4677,24623,14,70,0.0000,0.0000,0.0000,43.0000,2.0100
1,5,1,11,2,10,69,13,4677,24623,11,70,0.0000,0.0000,0.0000,43.0000,2.0100
1,5,0,13,3,11,110,7,4677,73508,18,70,0.0000,0.0000,0.0000,43.0000,2.0100
1,5,1,13,2,11,76,13,4677,24623,11,70,0.0000,0.0000,0.0000,43.0000,2.0100
1,5,1,14,2,13,76,13,4677,24623,5,70,0.0000,0.0000,0.0000,43.0000,2.0100
1,5,1,11,2,10,44,4,4677,23760,18,70,0.0000,0.0000,0.0000,43.0000,2.0100
1,5,0,14,1,13,128,3,4677,75506,19,70,0.0000,0.0000,0.0000,43.0000,2.0100
1,5,0,15,1,14,150,3,4677,75506,18,70,0.0000,0.0000,0.0000,43.0000,2.0100
1,5,1,10,2,11,50,8,4677,19857,15,70,0.0000,0.0000,0.0000,43.0000,2.0100
1,5,1,14,2,13,150,3,4677,75506,19,70,0.0000,0.0000,0.0000,43.0000,2.0100
1,5,0,14,1,13,129,6,4677,22418,11,70,0.0000,0.0000,0.0000,43.0000,2.0100
1,5,0,14,2,13,76,8,4677,19857,5,70,0.0000,0.0000,0.0000,43.0000,2.0100
1,5,0,16,3,6,76,8,4677,19857,5,70,0.0000,0.0000,0.0000,43.0000,2.0100
1,5,0,15,3,14,110,7,4677,73508,20,70,0.0000,0.0000,0.0000,43.0000,2.0100
1,5,0,16,3,6,100,11,4677,23463,6,70,0.0000,0.0000,0.0000,43.0000,2.0100
1,5,0,14,3,13,100,11,4677,23463,12,70,0.0000,0.0000,0.0000,43.0000,2.0100
1,5,1,16,2,6,186,9,4677,9496,1,70,0.0000,0.0000,0.0000,43.0000,2.0100
1,5,0,16,4,6,143,15,4677,107363,15,70,0.0000,0.0000,0.0000,43.0000,2.0100
1,5,1,14,2,13,50,8,4677,19857,15,70,0.0000,0.0000,0.0000,43.0000,2.0100
1,5,1,15,2,14,69,13,4677,24623,11,70,0.0000,0.0000,0.0000,43.0000,2.0100
1,5,0,16,3,6,143,15,4677,107363,19,70,0.0000,0.0000,0.0000,43.0000,2.0100
1,5,1,15,2,14,44,4,4677,23760,16,70,0.0000,0.0000,0.0000,43.0000,2.0100
1,5,0,15,2,14,50,8,4677,19857,15,70,0.0000,0.0000,0.0000,43.0000,2.0100
1,5,0,3,6,13,132,7,4308,73508,19,35,0.6200,2.1000,0.0000,39.0000,9.1700
1,5,0,4,4,11,110,7,4308,73508,20,35,0.6200,2.1000,0.0000,39.0000,9.1700
1,5,0,2,2,14,180,7,4308,73508,4,35,0.6200,2.1000,0.0000,39.0000,9.1700
1,5,0,2,3,14,110,7,4308,73508,18,35,0.6200,2.1000,0.0000,39.0000,9.1700
1,5,0,4,3,11,180,7,4308,73508,5,35,0.6200,2.1000,0.0000,39.0000,9.1700
1,5,0,1,3,6,180,7,4308,73508,6,35,0.6200,2.1000,0.0000,39.0000,9.1700
1,5,0,3,3,13,180,7,4308,73508,5,35,0.6200,2.1000,0.0000,39.0000,9.1700
1,5,0,1,6,6,76,13,4308,24623,5,35,0.6200,2.1000,0.0000,39.0000,9.1700
1,5,0,1,4,6,76,13,4308,24623,12,35,0.6200,2.1000,0.0000,39.0000,9.1700
1,5,0,2,6,14,76,13,4308,24623,11,35,0.6200,2.1000,0.0000,39.0000,9.1700
1,5,0,4,4,11,66,12,4308,17869,13,35,0.6200,2.1000,0.0000,39.0000,9.1700
1,5,0,3,6,13,76,14,4308,62105,4,35,0.6200,2.1000,0.0000,39.0000,9.1700
1,5,0,4,6,11,76,14,4308,62105,4,35,0.6200,2.1000,0.0000,39.0000,9.1700
1,5,1,2,5,14,76,8,4308,19857,12,35,0.6200,2.1000,0.0000,39.0000,9.1700
1,5,0,4,6,11,182,16,4308,15023,3,35,0.6200,2.1000,0.0000,39.0000,9.1700
1,5,0,3,2,13,160,3,4308,75506,8,35,0.6200,2.1000,0.0000,39.0000,9.1700
1,5,0,1,5,6,160,3,4308,75506,19,35,0.6200,2.1000,0.0000,39.0000,9.1700
1,5,0,2,2,14,160,3,4308,75506,7,35,0.6200,2.1000,0.0000,39.0000,9.1700
1,5,0,3,6,13,157,1,4308,20315,13,35,0.6200,2.1000,0.0000,39.0000,9.1700
1,5,0,4,3,11,129,5,4308,12231,11,35,0.6200,2.1000,0.0000,39.0000,9.1700
1,5,0,6,2,9,120,17,4308,46218,18,35,0.6200,2.1000,0.0000,39.0000,9.1700
1,5,0,2,3,14,120,17,4308,46218,21,35,0.6200,2.1000,0.0000,39.0000,9.1700
1,5,0,3,3,13,120,17,4308,46218,21,35,0.6200,2.1000,0.0000,39.0000,9.1700
1,5,0,1,2,6,160,3,4308,75506,18,35,0.6200,2.1000,0.0000,39.0000,9.1700
1,5,0,3,2,13,143,15,4308,107363,15,35,0.6200,2.1000,0.0000,39.0000,9.1700
1,5,0,3,5,13,175,15,4308,107363,6,35,0.6200,2.1000,0.0000,39.0000,9.1700
1,5,0,3,3,13,143,15,4308,107363,18,35,0.6200,2.1000,0.0000,39.0000,9.1700
1,5,0,3,2,13,175,15,4308,107363,4,35,0.6200,2.1000,0.0000,39.0000,9.1700
1,5,0,4,6,11,143,15,4308,107363,17,35,0.6200,2.1000,0.0000,39.0000,9.1700
1,5,0,2,5,14,143,15,4308,107363,13,35,0.6200,2.1000,0.0000,39.0000,9.1700
1,5,0,3,5,13,143,15,4308,107363,12,35,0.6200,2.1000,0.0000,39.0000,9.1700
1,5,0,3,6,13,143,15,4308,107363,19,35,0.6200,2.1000,0.0000,39.0000,9.1700
1,5,0,2,1,14,143,15,4308,107363,19,35,0.6200,2.1000,0.0000,39.0000,9.1700
1,5,0,2,3,14,143,15,4308,107363,15,35,0.6200,2.1000,0.0000,39.0000,9.1700
1,5,0,2,4,14,175,15,4308,107363,1,35,0.6200,2.1000,0.0000,39.0000,9.1700
1,5,0,7,3,11,143,15,4308,107363,11,35,0.6200,2.1000,0.0000,39.0000,9.1700
1,5,0,2,3,14,143,15,4308,107363,17,35,0.6200,2.1000,0.0000,39.0000,9.1700
1,5,0,1,2,6,143,15,4308,107363,8,35,0.6200,2.1000,0.0000,39.0000,9.1700
1,5,0,2,2,14,70,13,4308,24623,14,35,0.6200,2.1000,0.0000,39.0000,9.1700
1,5,0,2,5,14,76,13,4308,24623,4,35,0.6200,2.1000,0.0000,39.0000,9.1700
1,5,0,3,4,13,160,3,4308,75506,19,35,0.6200,2.1000,0.0000,39.0000,9.1700
1,5,0,2,5,14,99,3,4308,75506,13,35,0.6200,2.1000,0.0000,39.0000,9.1700
1,5,0,10,3,14,129,5,4308,12231,11,35,0.6200,2.1000,0.0000,39.0000,9.1700
1,5,0,9,3,5,142,17,4308,46218,23,35,0.6200,2.1000,0.0000,39.0000,9.1700
1,5,1,13,3,15,142,17,4308,46218,25,35,0.6200,2.1000,0.0000,39.0000,9.1700
1,5,1,6,2,9,65,4,4308,23760,8,35,0.6200,2.1000,0.0000,39.0000,9.1700
1,5,1,5,5,8,76,8,4308,19857,11,35,0.6200,2.1000,0.0000,39.0000,9.1700
1,5,0,7,5,11,145,16,4308,15023,12,35,0.6200,2.1000,0.0000,39.0000,9.1700
1,5,0,6,3,9,180,7,4308,73508,1,35,0.6200,2.1000,0.0000,39.0000,9.1700
1,5,1,13,4,15,132,7,4308,73508,17,35,0.6200,2.1000,0.0000,39.0000,9.1700
1,5,0,10,5,14,128,3,4308,75506,14,35,0.6200,2.1000,0.0000,39.0000,9.1700
1,5,0,5,3,8,175,15,4308,107363,2,35,0.6200,2.1000,0.0000,39.0000,9.1700
1,5,0,11,3,11,143,15,4308,107363,13,35,0.6200,2.1000,0.0000,39.0000,9.1700
1,5,0,4,2,11,143,15,4308,107363,10,35,0.6200,2.1000,0.0000,39.0000,9.1700
1,5,0,4,2,11,143,15,4308,107363,20,35,0.6200,2.1000,0.0000,39.0000,9.1700
1,5,0,4,4,11,143,15,4308,107363,14,35,0.6200,2.1000,0.0000,39.0000,9.1700
1,5,0,5,3,8,143,15,4308,107363,8,35,0.6200,2.1000,0.0000,39.0000,9.1700
1,5,0,5,5,8,175,15,4308,107363,2,35,0.6200,2.1000,0.0000,39.0000,9.1700
1,5,0,5,2,8,143,15,4308,107363,15,35,0.6200,2.1000,0.0000,39.0000,9.1700
1,5,0,6,2,9,175,15,4308,107363,1,35,0.6200,2.1000,0.0000,39.0000,9.1700
1,5,0,4,2,11,143,15,4308,107363,15,35,0.6200,2.1000,0.0000,39.0000,9.1700
1,5,0,6,6,9,143,15,4308,107363,15,35,0.6200,2.1000,0.0000,39.0000,9.1700
1,5,0,6,5,9,143,15,4308,107363,18,35,0.6200,2.1000,0.0000,39.0000,9.1700
1,5,0,10,3,14,143,15,4308,107363,11,35,0.6200,2.1000,0.0000,39.0000,9.1700
1,5,0,6,5,9,143,15,4308,107363,19,35,0.6200,2.1000,0.0000,39.0000,9.1700
1,5,0,5,2,8,76,12,4308,17869,13,35,0.6200,2.1000,0.0000,39.0000,9.1700
1,5,0,8,5,10,70,13,4308,24623,15,35,0.6200,2.1000,0.0000,39.0000,9.1700
1,5,0,7,2,11,76,13,4308,24623,2,35,0.6200,2.1000,0.0000,39.0000,9.1700
1,5,0,8,3,10,149,7,4308,73508,28,35,0.6200,2.1000,0.0000,39.0000,9.1700
1,5,0,5,2,8,132,7,4308,73508,17,35,0.6200,2.1000,0.0000,39.0000,9.1700
1,5,0,11,2,11,132,7,4308,73508,18,35,0.6200,2.1000,0.0000,39.0000,9.1700
1,5,0,9,3,5,110,7,4308,73508,17,35,0.6200,2.1000,0.0000,39.0000,9.1700
1,5,0,13,3,15,180,7,4308,73508,3,35,0.6200,2.1000,0.0000,39.0000,9.1700
1,5,0,10,4,14,110,7,4308,73508,17,35,0.6200,2.1000,0.0000,39.0000,9.1700
1,5,0,11,6,11,132,7,4308,73508,18,35,0.6200,2.1000,0.0000,39.0000,9.1700
1,5,1,13,6,15,76,14,4308,62105,1,35,0.6200,2.1000,0.0000,39.0000,9.1700
1,5,1,10,5,14,70,14,4308,62105,1,35,0.6200,2.1000,0.0000,39.0000,9.1700
1,5,0,13,5,15,70,14,4308,62105,1,35,0.6200,2.1000,0.0000,39.0000,9.1700
1,5,0,7,2,11,76,14,4308,62105,11,35,0.6200,2.1000,0.0000,39.0000,9.1700
1,5,1,11,2,11,76,14,4308,62105,5,35,0.6200,2.1000,0.0000,39.0000,9.1700
1,5,0,7,4,11,76,13,4308,24623,12,35,0.6200,2.1000,0.0000,39.0000,9.1700
1,5,0,8,3,10,182,16,4308,15023,2,35,0.6200,2.1000,0.0000,39.0000,9.1700
1,5,0,5,2,8,76,4,4308,23760,3,35,0.6200,2.1000,0.0000,39.0000,9.1700
1,5,0,6,1,9,143,15,4308,107363,20,35,0.6200,2.1000,0.0000,39.0000,9.1700
1,5,0,10,6,14,175,15,4308,107363,1,35,0.6200,2.1000,0.0000,39.0000,9.1700
1,5,0,8,5,10,175,15,4308,107363,4,35,0.6200,2.1000,0.0000,39.0000,9.1700
1,5,1,9,5,5,143,15,4308,107363,13,35,0.6200,2.1000,0.0000,39.0000,9.1700
1,5,0,8,6,10,143,15,4308,107363,8,35,0.6200,2.1000,0.0000,39.0000,9.1700
1,5,0,10,5,14,175,15,4308,107363,3,35,0.6200,2.1000,0.0000,39.0000,9.1700
1,5,1,14,3,11,175,15,4308,107363,3,35,0.6200,2.1000,0.0000,39.0000,9.1700
1,5,0,7,2,11,143,15,4308,107363,19,35,0.6200,2.1000,0.0000,39.0000,9.1700
1,5,0,8,6,10,175,15,4308,107363,1,35,0.6200,2.1000,0.0000,39.0000,9.1700
1,5,1,11,3,11,175,15,4308,107363,7,35,0.6200,2.1000,0.0000,39.0000,9.1700
1,5,0,10,2,14,143,15,4308,107363,15,35,0.6200,2.1000,0.0000,39.0000,9.1700
1,5,0,11,3,11,143,15,4308,107363,19,35,0.6200,2.1000,0.0000,39.0000,9.1700
1,5,0,10,4,14,143,15,4308,107363,11,35,0.6200,2.1000,0.0000,39.0000,9.1700
1,5,0,7,2,11,143,15,4308,107363,15,35,0.6200,2.1000,0.0000,39.0000,9.1700
1,5,1,10,2,14,175,15,4308,107363,4,35,0.6200,2.1000,0.0000,39.0000,9.1700
1,5,1,7,5,11,76,8,4308,19857,11,35,0.6200,2.1000,0.0000,39.0000,9.1700
1,5,0,8,2,10,129,4,4308,23760,11,35,0.6200,2.1000,0.0000,39.0000,9.1700
1,5,1,11,2,11,160,3,4308,75506,5,35,0.6200,2.1000,0.0000,39.0000,9.1700
1,5,0,11,5,11,178,16,4308,15023,5,35,0.6200,2.1000,0.0000,39.0000,9.1700
1,5,0,7,3,11,76,12,4308,17869,2,35,0.6200,2.1000,0.0000,39.0000,9.1700
1,5,0,6,3,9,110,7,4308,73508,19,35,0.6200,2.1000,0.0000,39.0000,9.1700
1,5,0,8,4,10,66,12,4308,17869,17,35,0.6200,2.1000,0.0000,39.0000,9.1700
1,5,0,9,2,5,172,3,4308,75506,10,35,0.6200,2.1000,0.0000,39.0000,9.1700
1,5,0,7,2,11,128,3,4308,75506,19,35,0.6200,2.1000,0.0000,39.0000,9.1700
1,5,0,8,4,10,150,3,4308,75506,20,35,0.6200,2.1000,0.0000,39.0000,9.1700
1,5,0,12,6,5,181,1,4308,20315,1,35,0.6200,2.1000,0.0000,39.0000,9.1700
1,5,0,11,5,11,99,3,4308,75506,11,35,0.6200,2.1000,0.0000,39.0000,9.1700
1,5,0,14,5,11,129,2,4308,6713,11,35,0.6200,2.1000,0.0000,39.0000,9.1700
1,5,0,14,5,11,178,16,4308,15023,8,35,0.6200,2.1000,0.0000,39.0000,9.1700
1,5,0,12,5,5,129,2,4308,6713,11,35,0.6200,2.1000,0.0000,39.0000,9.1700
1,5,0,14,3,11,76,13,4308,24623,3,35,0.6200,2.1000,0.0000,39.0000,9.1700
1,5,0,15,2,6,143,15,4308,107363,12,35,0.6200,2.1000,0.0000,39.0000,9.1700
1,5,1,12,4,5,143,15,4308,107363,18,35,0.6200,2.1000,0.0000,39.0000,9.1700
1,5,0,14,5,11,175,15,4308,107363,3,35,0.6200,2.1000,0.0000,39.0000,9.1700
1,5,0,8,2,10,143,15,4308,107363,19,35,0.6200,2.1000,0.0000,39.0000,9.1700
1,5,0,13,4,15,143,15,4308,107363,12,35,0.6200,2.1000,0.0000,39.0000,9.1700
1,5,1,14,2,11,143,15,4308,107363,13,35,0.6200,2.1000,0.0000,39.0000,9.1700
1,5,1,13,5,15,143,15,4308,107363,18,35,0.6200,2.1000,0.0000,39.0000,9.1700
1,5,1,10,3,14,143,15,4308,107363,18,35,0.6200,2.1000,0.0000,39.0000,9.1700
1,5,0,15,5,6,143,15,4308,107363,13,35,0.6200,2.1000,0.0000,39.0000,9.1700
1,5,0,9,2,5,143,15,4308,107363,12,35,0.6200,2.1000,0.0000,39.0000,9.1700
1,5,0,11,2,11,140,3,4308,75506,20,35,0.6200,2.1000,0.0000,39.0000,9.1700
1,5,0,7,3,11,76,13,4308,24623,11,35,0.6200,2.1000,0.0000,39.0000,9.1700
1,5,1,15,6,6,76,14,4308,62105,5,35,0.6200,2.1000,0.0000,39.0000,9.1700
1,5,1,12,6,5,76,13,4308,24623,6,35,0.6200,2.1000,0.0000,39.0000,9.1700
1,5,0,13,6,15,143,15,4308,107363,8,35,0.6200,2.1000,0.0000,39.0000,9.1700
1,5,0,16,5,4,175,15,4308,107363,3,35,0.6200,2.1000,0.0000,39.0000,9.1700
1,5,0,13,2,15,143,15,4308,107363,20,35,0.6200,2.1000,0.0000,39.0000,9.1700
1,5,1,14,3,11,143,15,4308,107363,13,35,0.6200,2.1000,0.0000,39.0000,9.1700
1,5,0,17,3,2,175,15,4308,107363,6,35,0.6200,2.1000,0.0000,39.0000,9.1700
1,5,0,13,2,15,143,15,4308,107363,18,35,0.6200,2.1000,0.0000,39.0000,9.1700
1,5,0,15,6,6,143,15,4308,107363,19,35,0.6200,2.1000,0.0000,39.0000,9.1700
1,5,0,10,1,14,143,15,4308,107363,14,35,0.6200,2.1000,0.0000,39.0000,9.1700
1,5,1,14,5,11,175,15,4308,107363,3,35,0.6200,2.1000,0.0000,39.0000,9.1700
1,5,0,13,3,15,143,15,4308,107363,16,35,0.6200,2.1000,0.0000,39.0000,9.1700
1,5,0,11,3,11,143,15,4308,107363,13,35,0.6200,2.1000,0.0000,39.0000,9.1700
1,5,0,14,2,11,143,15,4308,107363,15,35,0.6200,2.1000,0.0000,39.0000,9.1700
1,5,0,10,4,14,90,6,4308,22418,3,35,0.6200,2.1000,0.0000,39.0000,9.1700
1,5,0,13,2,15,110,7,4308,73508,18,35,0.6200,2.1000,0.0000,39.0000,9.1700
1,5,0,10,3,14,160,7,4308,73508,20,35,0.6200,2.1000,0.0000,39.0000,9.1700
1,5,0,16,2,4,76,14,4308,62105,13,35,0.6200,2.1000,0.0000,39.0000,9.1700
1,5,0,12,4,5,76,13,4308,24623,6,35,0.6200,2.1000,0.0000,39.0000,9.1700
1,5,1,13,5,15,70,13,4308,24623,15,35,0.6200,2.1000,0.0000,39.0000,9.1700
1,5,0,13,3,15,110,7,4308,73508,20,35,0.6200,2.1000,0.0000,39.0000,9.1700
1,5,0,15,2,6,65,4,4308,23760,8,35,0.6200,2.1000,0.0000,39.0000,9.1700
1,5,0,14,4,11,150,3,4308,75506,20,35,0.6200,2.1000,0.0000,39.0000,9.1700
1,5,1,15,3,6,76,8,4308,19857,11,35,0.6200,2.1000,0.0000,39.0000,9.1700
1,5,0,16,2,4,143,15,4308,107363,8,35,0.6200,2.1000,0.0000,39.0000,9.1700
1,5,0,13,6,15,76,13,4308,24623,11,35,0.6200,2.1000,0.0000,39.0000,9.1700
1,5,0,17,2,2,143,15,4308,107363,14,35,0.6200,2.1000,0.0000,39.0000,9.1700
1,5,0,16,2,4,143,15,4308,107363,20,35,0.6200,2.1000,0.0000,39.0000,9.1700
1,5,1,14,3,11,149,7,4308,73508,29,35,0.6200,2.1000,0.0000,39.0000,9.1700
1,5,0,4,4,26,132,7,10155,73508,17,83,0.0000,0.0000,0.0000,61.0000,7.6100
1,5,0,3,5,28,110,7,10155,73508,19,83,0.0000,0.0000,0.0000,61.0000,7.6100
1,5,1,7,5,26,160,7,10155,73508,18,83,0.0000,0.0000,0.0000,61.0000,7.6100
1,5,0,5,11,24,199,7,10155,73508,18,83,0.0000,0.0000,0.0000,61.0000,7.6100
1,5,0,2,4,22,110,7,10155,73508,18,83,0.0000,0.0000,0.0000,61.0000,7.6100
1,5,0,3,4,28,180,7,10155,73508,5,83,0.0000,0.0000,0.0000,61.0000,7.6100
1,5,0,4,11,26,199,7,10155,73508,23,83,0.0000,0.0000,0.0000,61.0000,7.6100
1,5,0,1,6,15,199,7,10155,73508,23,83,0.0000,0.0000,0.0000,61.0000,7.6100
1,5,0,3,3,28,160,7,10155,73508,20,83,0.0000,0.0000,0.0000,61.0000,7.6100
1,5,0,1,3,15,180,7,10155,73508,3,83,0.0000,0.0000,0.0000,61.0000,7.6100
1,5,0,2,6,22,234,7,10155,73508,17,83,0.0000,0.0000,0.0000,61.0000,7.6100
1,5,0,3,10,28,168,7,10155,73508,22,83,0.0000,0.0000,0.0000,61.0000,7.6100
1,5,1,3,7,28,132,7,10155,73508,19,83,0.0000,0.0000,0.0000,61.0000,7.6100
1,5,0,2,4,22,160,7,10155,73508,18,83,0.0000,0.0000,0.0000,61.0000,7.6100
1,5,0,3,3,28,143,15,10155,107363,20,83,0.0000,0.0000,0.0000,61.0000,7.6100
1,5,0,2,3,22,175,15,10155,107363,5,83,0.0000,0.0000,0.0000,61.0000,7.6100
1,5,0,1,5,15,175,15,10155,107363,6,83,0.0000,0.0000,0.0000,61.0000,7.6100
1,5,0,3,3,28,143,15,10155,107363,11,83,0.0000,0.0000,0.0000,61.0000,7.6100
1,5,0,1,3,15,143,15,10155,107363,18,83,0.0000,0.0000,0.0000,61.0000,7.6100
1,5,0,1,7,15,175,15,10155,107363,3,83,0.0000,0.0000,0.0000,61.0000,7.6100
1,5,0,4,4,26,143,15,10155,107363,15,83,0.0000,0.0000,0.0000,61.0000,7.6100
1,5,0,2,5,22,143,15,10155,107363,15,83,0.0000,0.0000,0.0000,61.0000,7.6100
1,5,0,4,11,26,294,10,10155,6791,5,83,0.0000,0.0000,0.0000,61.0000,7.6100
1,5,0,6,11,21,294,10,10155,6791,9,83,0.0000,0.0000,0.0000,61.0000,7.6100
1,5,0,4,5,26,187,3,10155,75506,5,83,0.0000,0.0000,0.0000,61.0000,7.6100
1,5,0,1,7,15,160,3,10155,75506,8,83,0.0000,0.0000,0.0000,61.0000,7.6100
1,5,0,5,7,24,187,3,10155,75506,6,83,0.0000,0.0000,0.0000,61.0000,7.6100
1,5,0,2,4,22,150,11,10155,23463,6,83,0.0000,0.0000,0.0000,61.0000,7.6100
1,5,0,2,4,22,182,16,10155,15023,1,83,0.0000,0.0000,0.0000,61.0000,7.6100
1,5,0,1,7,15,181,3,10155,75506,4,83,0.0000,0.0000,0.0000,61.0000,7.6100
1,5,0,3,7,28,172,3,10155,75506,10,83,0.0000,0.0000,0.0000,61.0000,7.6100
1,5,0,2,9,22,199,7,10155,73508,23,83,0.0000,0.0000,0.0000,61.0000,7.6100
1,5,0,4,9,26,199,7,10155,73508,23,83,0.0000,0.0000,0.0000,61.0000,7.6100
1,5,0,3,9,28,180,7,10155,73508,3,83,0.0000,0.0000,0.0000,61.0000,7.6100
1,5,0,3,4,28,160,7,10155,73508,18,83,0.0000,0.0000,0.0000,61.0000,7.6100
1,5,0,2,8,22,199,7,10155,73508,20,83,0.0000,0.0000,0.0000,61.0000,7.6100
1,5,0,6,4,21,157,1,10155,20315,11,83,0.0000,0.0000,0.0000,61.0000,7.6100
1,5,0,4,4,26,172,1,10155,20315,18,83,0.0000,0.0000,0.0000,61.0000,7.6100
1,5,0,2,7,22,181,1,10155,20315,7,83,0.0000,0.0000,0.0000,61.0000,7.6100
1,5,0,3,10,28,181,1,10155,20315,2,83,0.0000,0.0000,0.0000,61.0000,7.6100
1,5,0,3,4,28,181,1,10155,20315,1,83,0.0000,0.0000,0.0000,61.0000,7.6100
1,5,0,4,1,26,157,1,10155,20315,11,83,0.0000,0.0000,0.0000,61.0000,7.6100
1,5,0,6,4,21,157,1,10155,20315,12,83,0.0000,0.0000,0.0000,61.0000,7.6100
1,5,0,3,4,28,157,1,10155,20315,8,83,0.0000,0.0000,0.0000,61.0000,7.6100
1,5,0,5,4,24,172,1,10155,20315,16,83,0.0000,0.0000,0.0000,61.0000,7.6100
1,5,0,3,5,28,181,1,10155,20315,2,83,0.0000,0.0000,0.0000,61.0000,7.6100
1,5,0,5,11,24,157,1,10155,20315,12,83,0.0000,0.0000,0.0000,61.0000,7.6100
1,5,0,2,8,22,160,1,10155,20315,14,83,0.0000,0.0000,0.0000,61.0000,7.6100
1,5,0,2,11,22,181,1,10155,20315,4,83,0.0000,0.0000,0.0000,61.0000,7.6100
1,5,0,2,3,22,157,1,10155,20315,12,83,0.0000,0.0000,0.0000,61.0000,7.6100
1,5,0,13,11,24,157,1,10155,20315,11,83,0.0000,0.0000,0.0000,61.0000,7.6100
1,5,0,3,11,28,157,1,10155,20315,12,83,0.0000,0.0000,0.0000,61.0000,7.6100
1,5,0,3,5,28,157,1,10155,20315,9,83,0.0000,0.0000,0.0000,61.0000,7.6100
1,5,0,4,10,26,157,1,10155,20315,13,83,0.0000,0.0000,0.0000,61.0000,7.6100
1,5,0,1,4,15,181,1,10155,20315,5,83,0.0000,0.0000,0.0000,61.0000,7.6100
1,5,0,13,6,24,157,1,10155,20315,8,83,0.0000,0.0000,0.0000,61.0000,7.6100
1,5,0,3,10,28,120,1,10155,20315,19,83,0.0000,0.0000,0.0000,61.0000,7.6100
1,5,0,2,6,22,157,1,10155,20315,13,83,0.0000,0.0000,0.0000,61.0000,7.6100
1,5,0,3,10,28,181,1,10155,20315,5,83,0.0000,0.0000,0.0000,61.0000,7.6100
1,5,0,4,11,26,181,1,10155,20315,3,83,0.0000,0.0000,0.0000,61.0000,7.6100
1,5,0,2,10,22,181,1,10155,20315,3,83,0.0000,0.0000,0.0000,61.0000,7.6100
1,5,1,4,10,26,181,1,10155,20315,3,83,0.0000,0.0000,0.0000,61.0000,7.6100
1,5,0,4,10,26,157,1,10155,20315,9,83,0.0000,0.0000,0.0000,61.0000,7.6100
1,5,1,10,10,15,157,1,10155,20315,11,83,0.0000,0.0000,0.0000,61.0000,7.6100
1,5,0,2,7,22,181,1,10155,20315,2,83,0.0000,0.0000,0.0000,61.0000,7.6100
1,5,0,4,11,26,157,1,10155,20315,12,83,0.0000,0.0000,0.0000,61.0000,7.6100
1,5,0,2,7,22,181,1,10155,20315,2,83,0.0000,0.0000,0.0000,61.0000,7.6100
1,5,0,2,3,22,181,1,10155,20315,3,83,0.0000,0.0000,0.0000,61.0000,7.6100
1,5,0,4,4,26,157,1,10155,20315,13,83,0.0000,0.0000,0.0000,61.0000,7.6100
1,5,0,1,3,15,181,1,10155,20315,6,83,0.0000,0.0000,0.0000,61.0000,7.6100
1,5,0,6,7,21,181,1,10155,20315,3,83,0.0000,0.0000,0.0000,61.0000,7.6100
1,5,0,3,3,28,120,1,10155,20315,20,83,0.0000,0.0000,0.0000,61.0000,7.6100
1,5,1,19,7,9,181,1,10155,20315,7,83,0.0000,0.0000,0.0000,61.0000,7.6100
1,5,0,4,3,26,181,1,10155,20315,4,83,0.0000,0.0000,0.0000,61.0000,7.6100
1,5,0,4,6,26,172,1,10155,20315,18,83,0.0000,0.0000,0.0000,61.0000,7.6100
1,5,1,2,6,22,120,1,10155,20315,20,83,0.0000,0.0000,0.0000,61.0000,7.6100
1,5,0,5,3,24,149,1,10155,20315,4,83,0.0000,0.0000,0.0000,61.0000,7.6100
1,5,0,3,4,28,157,1,10155,20315,13,83,0.0000,0.0000,0.0000,61.0000,7.6100
1,5,0,1,3,15,181,1,10155,20315,3,83,0.0000,0.0000,0.0000,61.0000,7.6100
1,5,1,4,10,26,181,1,10155,20315,4,83,0.0000,0.0000,0.0000,61.0000,7.6100
1,5,0,3,10,28,181,1,10155,20315,7,83,0.0000,0.0000,0.0000,61.0000,7.6100
1,5,0,4,3,26,149,1,10155,20315,13,83,0.0000,0.0000,0.0000,61.0000,7.6100
1,5,0,4,5,26,146,1,10155,20315,9,83,0.0000,0.0000,0.0000,61.0000,7.6100
1,5,0,4,4,26,146,1,10155,20315,8,83,0.0000,0.0000,0.0000,61.0000,7.6100
1,5,0,4,4,26,149,1,10155,20315,4,83,0.0000,0.0000,0.0000,61.0000,7.6100
1,5,0,1,4,15,149,1,10155,20315,13,83,0.0000,0.0000,0.0000,61.0000,7.6100
1,5,0,2,8,22,120,17,10155,46218,19,83,0.0000,0.0000,0.0000,61.0000,7.6100
1,5,0,3,7,28,142,17,10155,46218,24,83,0.0000,0.0000,0.0000,61.0000,7.6100
1,5,0,4,10,26,173,17,10155,46218,11,83,0.0000,0.0000,0.0000,61.0000,7.6100
1,5,0,3,3,28,142,17,10155,46218,21,83,0.0000,0.0000,0.0000,61.0000,7.6100
1,5,0,2,10,22,142,17,10155,46218,17,83,0.0000,0.0000,0.0000,61.0000,7.6100
1,5,0,1,5,15,173,17,10155,46218,4,83,0.0000,0.0000,0.0000,61.0000,7.6100
1,5,0,6,3,21,154,17,10155,46218,9,83,0.0000,0.0000,0.0000,61.0000,7.6100
1,5,0,5,3,24,120,17,10155,46218,18,83,0.0000,0.0000,0.0000,61.0000,7.6100
1,5,0,4,8,26,142,17,10155,46218,17,83,0.0000,0.0000,0.0000,61.0000,7.6100
1,5,0,3,10,28,160,3,10155,75506,18,83,0.0000,0.0000,0.0000,61.0000,7.6100
1,5,0,1,10,15,187,3,10155,75506,5,83,0.0000,0.0000,0.0000,61.0000,7.6100
1,5,0,1,5,15,187,3,10155,75506,5,83,0.0000,0.0000,0.0000,61.0000,7.6100
1,5,0,1,7,15,160,3,10155,75506,8,83,0.0000,0.0000,0.0000,61.0000,7.6100
1,5,0,4,6,26,199,7,10155,73508,23,83,0.0000,0.0000,0.0000,61.0000,7.6100
1,5,0,7,9,26,199,7,10155,73508,20,83,0.0000,0.0000,0.0000,61.0000,7.6100
1,5,0,7,3,26,180,7,10155,73508,2,83,0.0000,0.0000,0.0000,61.0000,7.6100
1,5,0,5,8,24,160,7,10155,73508,6,83,0.0000,0.0000,0.0000,61.0000,7.6100
1,5,0,7,4,26,160,7,10155,73508,21,83,0.0000,0.0000,0.0000,61.0000,7.6100
1,5,0,6,10,21,160,7,10155,73508,18,83,0.0000,0.0000,0.0000,61.0000,7.6100
1,5,0,13,4,24,160,7,10155,73508,20,83,0.0000,0.0000,0.0000,61.0000,7.6100
1,5,0,5,4,24,160,7,10155,73508,17,83,0.0000,0.0000,0.0000,61.0000,7.6100
1,5,0,9,10,18,168,7,10155,73508,20,83,0.0000,0.0000,0.0000,61.0000,7.6100
1,5,0,7,6,26,234,7,10155,73508,16,83,0.0000,0.0000,0.0000,61.0000,7.6100
1,5,0,5,4,24,110,7,10155,73508,19,83,0.0000,0.0000,0.0000,61.0000,7.6100
1,5,1,8,8,17,142,17,10155,46218,18,83,0.0000,0.0000,0.0000,61.0000,7.6100
1,5,0,9,5,18,142,17,10155,46218,25,83,0.0000,0.0000,0.0000,61.0000,7.6100
1,5,0,7,10,26,169,17,10155,46218,24,83,0.0000,0.0000,0.0000,61.0000,7.6100
1,5,0,7,4,26,173,17,10155,46218,5,83,0.0000,0.0000,0.0000,61.0000,7.6100
1,5,0,7,10,26,129,11,10155,23463,11,83,0.0000,0.0000,0.0000,61.0000,7.6100
1,5,0,9,10,18,159,11,10155,23463,2,83,0.0000,0.0000,0.0000,61.0000,7.6100
1,5,0,7,5,26,143,15,10155,107363,13,83,0.0000,0.0000,0.0000,61.0000,7.6100
1,5,0,5,3,24,143,15,10155,107363,12,83,0.0000,0.0000,0.0000,61.0000,7.6100
1,5,0,6,3,21,143,15,10155,107363,20,83,0.0000,0.0000,0.0000,61.0000,7.6100
1,5,0,6,4,21,145,16,10155,15023,13,83,0.0000,0.0000,0.0000,61.0000,7.6100
1,5,0,18,10,9,187,3,10155,75506,8,83,0.0000,0.0000,0.0000,61.0000,7.6100
1,5,0,7,6,26,181,1,10155,20315,2,83,0.0000,0.0000,0.0000,61.0000,7.6100
1,5,0,8,7,17,157,1,10155,20315,10,83,0.0000,0.0000,0.0000,61.0000,7.6100
1,5,0,7,11,26,157,1,10155,20315,13,83,0.0000,0.0000,0.0000,61.0000,7.6100
1,5,0,5,6,24,181,1,10155,20315,3,83,0.0000,0.0000,0.0000,61.0000,7.6100
1,5,0,8,3,17,172,1,10155,20315,16,83,0.0000,0.0000,0.0000,61.0000,7.6100
1,5,0,8,8,17,181,1,10155,20315,5,83,0.0000,0.0000,0.0000,61.0000,7.6100
1,5,0,5,9,24,157,1,10155,20315,8,83,0.0000,0.0000,0.0000,61.0000,7.6100
1,5,0,9,6,18,181,1,10155,20315,3,83,0.0000,0.0000,0.0000,61.0000,7.6100
1,5,0,16,7,7,181,1,10155,20315,4,83,0.0000,0.0000,0.0000,61.0000,7.6100
1,5,0,6,6,21,181,1,10155,20315,4,83,0.0000,0.0000,0.0000,61.0000,7.6100
1,5,1,9,7,18,157,1,10155,20315,13,83,0.0000,0.0000,0.0000,61.0000,7.6100
1,5,0,11,6,24,181,1,10155,20315,3,83,0.0000,0.0000,0.0000,61.0000,7.6100
1,5,1,13,11,24,157,1,10155,20315,11,83,0.0000,0.0000,0.0000,61.0000,7.6100
1,5,0,5,3,24,181,1,10155,20315,5,83,0.0000,0.0000,0.0000,61.0000,7.6100
1,5,0,5,6,24,181,1,10155,20315,1,83,0.0000,0.0000,0.0000,61.0000,7.6100
1,5,0,7,8,26,157,1,10155,20315,10,83,0.0000,0.0000,0.0000,61.0000,7.6100
1,5,0,6,8,21,160,1,10155,20315,14,83,0.0000,0.0000,0.0000,61.0000,7.6100
1,5,0,6,3,21,181,1,10155,20315,4,83,0.0000,0.0000,0.0000,61.0000,7.6100
1,5,0,9,5,18,172,1,10155,20315,18,83,0.0000,0.0000,0.0000,61.0000,7.6100
1,5,0,6,3,21,181,1,10155,20315,4,83,0.0000,0.0000,0.0000,61.0000,7.6100
1,5,0,3,4,28,120,1,10155,20315,19,83,0.0000,0.0000,0.0000,61.0000,7.6100
1,5,0,14,3,15,157,1,10155,20315,13,83,0.0000,0.0000,0.0000,61.0000,7.6100
1,5,0,7,4,26,157,1,10155,20315,11,83,0.0000,0.0000,0.0000,61.0000,7.6100
1,5,1,13,7,24,157,1,10155,20315,12,83,0.0000,0.0000,0.0000,61.0000,7.6100
1,5,0,8,7,17,181,1,10155,20315,2,83,0.0000,0.0000,0.0000,61.0000,7.6100
1,5,0,6,6,21,181,1,10155,20315,3,83,0.0000,0.0000,0.0000,61.0000,7.6100
1,5,0,4,8,26,149,1,10155,20315,3,83,0.0000,0.0000,0.0000,61.0000,7.6100
1,5,0,8,4,17,146,1,10155,20315,8,83,0.0000,0.0000,0.0000,61.0000,7.6100
1,5,0,6,4,21,185,1,10155,20315,1,83,0.0000,0.0000,0.0000,61.0000,7.6100
1,5,0,6,5,21,149,1,10155,20315,13,83,0.0000,0.0000,0.0000,61.0000,7.6100
1,5,0,5,3,24,172,1,10155,20315,15,83,0.0000,0.0000,0.0000,61.0000,7.6100
1,5,1,10,4,15,119,1,10155,20315,11,83,0.0000,0.0000,0.0000,61.0000,7.6100
1,5,0,7,1,26,119,1,10155,20315,12,83,0.0000,0.0000,0.0000,61.0000,7.6100
1,5,0,7,5,26,181,1,10155,20315,1,83,0.0000,0.0000,0.0000,61.0000,7.6100
1,5,0,2,9,22,181,1,10155,20315,5,83,0.0000,0.0000,0.0000,61.0000,7.6100
1,5,0,8,7,17,181,1,10155,20315,3,83,0.0000,0.0000,0.0000,61.0000,7.6100
1,5,0,5,8,24,181,1,10155,20315,1,83,0.0000,0.0000,0.0000,61.0000,7.6100
1,5,0,7,4,26,172,1,10155,20315,16,83,0.0000,0.0000,0.0000,61.0000,7.6100
1,5,1,3,5,28,181,1,10155,20315,7,83,0.0000,0.0000,0.0000,61.0000,7.6100
1,5,1,9,5,18,181,1,10155,20315,3,83,0.0000,0.0000,0.0000,61.0000,7.6100
1,5,1,5,5,24,172,1,10155,20315,18,83,0.0000,0.0000,0.0000,61.0000,7.6100
1,5,0,7,3,26,181,1,10155,20315,3,83,0.0000,0.0000,0.0000,61.0000,7.6100
1,5,0,7,5,26,181,1,10155,20315,5,83,0.0000,0.0000,0.0000,61.0000,7.6100
1,5,0,5,11,24,157,1,10155,20315,7,83,0.0000,0.0000,0.0000,61.0000,7.6100
1,5,0,8,11,17,157,1,10155,20315,11,83,0.0000,0.0000,0.0000,61.0000,7.6100
1,5,0,4,9,26,181,1,10155,20315,1,83,0.0000,0.0000,0.0000,61.0000,7.6100
1,5,0,8,4,17,157,1,10155,20315,10,83,0.0000,0.0000,0.0000,61.0000,7.6100
1,5,0,7,1,26,76,14,10155,62105,3,83,0.0000,0.0000,0.0000,61.0000,7.6100
1,5,0,5,3,24,76,14,10155,62105,3,83,0.0000,0.0000,0.0000,61.0000,7.6100
1,5,1,9,4,18,76,14,10155,62105,5,83,0.0000,0.0000,0.0000,61.0000,7.6100
1,5,0,11,2,24,76,14,10155,62105,3,83,0.0000,0.0000,0.0000,61.0000,7.6100
1,5,0,3,2,28,76,14,10155,62105,2,83,0.0000,0.0000,0.0000,61.0000,7.6100
1,5,0,7,4,26,146,1,10155,20315,7,83,0.0000,0.0000,0.0000,61.0000,7.6100
1,5,0,7,4,26,146,1,10155,20315,8,83,0.0000,0.0000,0.0000,61.0000,7.6100
1,5,0,5,4,24,146,1,10155,20315,8,83,0.0000,0.0000,0.0000,61.0000,7.6100
1,5,0,6,5,21,110,7,10155,73508,13,83,0.0000,0.0000,0.0000,61.0000,7.6100
1,5,0,5,6,24,160,7,10155,73508,19,83,0.0000,0.0000,0.0000,61.0000,7.6100
1,5,0,3,5,28,110,7,10155,73508,14,83,0.0000,0.0000,0.0000,61.0000,7.6100
1,5,0,5,3,24,160,7,10155,73508,18,83,0.0000,0.0000,0.0000,61.0000,7.6100
1,5,0,5,5,24,132,7,10155,73508,17,83,0.0000,0.0000,0.0000,61.0000,7.6100
1,5,0,7,10,26,132,7,10155,73508,20,83,0.0000,0.0000,0.0000,61.0000,7.6100
1,5,0,7,4,26,160,7,10155,73508,19,83,0.0000,0.0000,0.0000,61.0000,7.6100
1,5,0,7,5,26,160,7,10155,73508,19,83,0.0000,0.0000,0.0000,61.0000,7.6100
1,5,0,6,8,21,132,7,10155,73508,17,83,0.0000,0.0000,0.0000,61.0000,7.6100
1,5,0,6,3,21,132,7,10155,73508,16,83,0.0000,0.0000,0.0000,61.0000,7.6100
1,5,0,8,11,17,199,7,10155,73508,23,83,0.0000,0.0000,0.0000,61.0000,7.6100
1,5,0,6,7,21,132,7,10155,73508,17,83,0.0000,0.0000,0.0000,61.0000,7.6100
1,5,1,14,5,15,110,7,10155,73508,15,83,0.0000,0.0000,0.0000,61.0000,7.6100
1,5,0,7,10,26,187,3,10155,75506,5,83,0.0000,0.0000,0.0000,61.0000,7.6100
1,5,0,8,10,17,187,3,10155,75506,18,83,0.0000,0.0000,0.0000,61.0000,7.6100
1,5,0,11,7,24,160,3,10155,75506,18,83,0.0000,0.0000,0.0000,61.0000,7.6100
1,5,0,9,7,18,160,3,10155,75506,8,83,0.0000,0.0000,0.0000,61.0000,7.6100
1,5,0,17,11,17,181,3,10155,75506,4,83,0.0000,0.0000,0.0000,61.0000,7.6100
1,5,1,13,3,24,154,17,10155,46218,9,83,0.0000,0.0000,0.0000,61.0000,7.6100
1,5,0,8,3,17,154,17,10155,46218,14,83,0.0000,0.0000,0.0000,61.0000,7.6100
1,5,0,10,7,15,173,17,10155,46218,4,83,0.0000,0.0000,0.0000,61.0000,7.6100
1,5,0,10,8,15,154,17,10155,46218,13,83,0.0000,0.0000,0.0000,61.0000,7.6100
1,5,0,10,3,15,142,17,10155,46218,21,83,0.0000,0.0000,0.0000,61.0000,7.6100
1,5,0,11,5,24,160,7,10155,73508,18,83,0.0000,0.0000,0.0000,61.0000,7.6100
1,5,0,8,6,17,160,7,10155,73508,9,83,0.0000,0.0000,0.0000,61.0000,7.6100
1,5,0,11,5,24,110,7,10155,73508,19,83,0.0000,0.0000,0.0000,61.0000,7.6100
1,5,0,11,11,24,193,7,10155,73508,15,83,0.0000,0.0000,0.0000,61.0000,7.6100
1,5,0,14,7,15,132,7,10155,73508,19,83,0.0000,0.0000,0.0000,61.0000,7.6100
1,5,0,10,11,15,199,7,10155,73508,23,83,0.0000,0.0000,0.0000,61.0000,7.6100
1,5,0,9,4,18,160,7,10155,73508,18,83,0.0000,0.0000,0.0000,61.0000,7.6100
1,5,0,11,4,24,132,7,10155,73508,17,83,0.0000,0.0000,0.0000,61.0000,7.6100
1,5,0,13,11,24,199,7,10155,73508,23,83,0.0000,0.0000,0.0000,61.0000,7.6100
1,5,0,9,4,18,146,1,10155,20315,7,83,0.0000,0.0000,0.0000,61.0000,7.6100
1,5,0,11,4,24,146,1,10155,20315,8,83,0.0000,0.0000,0.0000,61.0000,7.6100
1,5,0,15,4,18,146,1,10155,20315,8,83,0.0000,0.0000,0.0000,61.0000,7.6100
1,5,1,14,3,15,149,1,10155,20315,4,83,0.0000,0.0000,0.0000,61.0000,7.6100
1,5,0,6,5,21,76,14,10155,62105,4,83,0.0000,0.0000,0.0000,61.0000,7.6100
1,5,0,18,10,9,129,11,10155,23463,11,83,0.0000,0.0000,0.0000,61.0000,7.6100
1,5,0,8,4,17,175,15,10155,107363,5,83,0.0000,0.0000,0.0000,61.0000,7.6100
1,5,0,9,7,18,175,15,10155,107363,3,83,0.0000,0.0000,0.0000,61.0000,7.6100
1,5,0,7,3,26,175,15,10155,107363,7,83,0.0000,0.0000,0.0000,61.0000,7.6100
1,5,1,6,5,21,175,15,10155,107363,2,83,0.0000,0.0000,0.0000,61.0000,7.6100
1,5,1,5,7,24,175,15,10155,107363,3,83,0.0000,0.0000,0.0000,61.0000,7.6100
1,5,0,9,7,18,175,15,10155,107363,1,83,0.0000,0.0000,0.0000,61.0000,7.6100
1,5,0,10,7,15,181,3,10155,75506,4,83,0.0000,0.0000,0.0000,61.0000,7.6100
1,5,0,11,7,24,172,3,10155,75506,9,83,0.0000,0.0000,0.0000,61.0000,7.6100
1,5,0,10,5,15,150,3,10155,75506,17,83,0.0000,0.0000,0.0000,61.0000,7.6100
1,5,0,9,3,18,160,7,10155,73508,18,83,0.0000,0.0000,0.0000,61.0000,7.6100
1,5,0,9,9,18,180,7,10155,73508,1,83,0.0000,0.0000,0.0000,61.0000,7.6100
1,5,0,18,9,9,180,7,10155,73508,3,83,0.0000,0.0000,0.0000,61.0000,7.6100
1,5,0,10,8,15,180,7,10155,73508,5,83,0.0000,0.0000,0.0000,61.0000,7.6100
1,5,0,9,7,18,187,3,10155,75506,17,83,0.0000,0.0000,0.0000,61.0000,7.6100
1,5,0,13,4,24,185,1,10155,20315,2,83,0.0000,0.0000,0.0000,61.0000,7.6100
1,5,1,10,4,15,149,1,10155,20315,3,83,0.0000,0.0000,0.0000,61.0000,7.6100
1,5,0,19,1,9,119,1,10155,20315,11,83,0.0000,0.0000,0.0000,61.0000,7.6100
1,5,0,17,3,17,149,1,10155,20315,13,83,0.0000,0.0000,0.0000,61.0000,7.6100
1,5,0,11,4,24,146,1,10155,20315,9,83,0.0000,0.0000,0.0000,61.0000,7.6100
1,5,0,17,2,17,157,1,10155,20315,13,83,0.0000,0.0000,0.0000,61.0000,7.6100
1,5,0,13,11,24,157,1,10155,20315,12,83,0.0000,0.0000,0.0000,61.0000,7.6100
1,5,0,13,11,24,157,1,10155,20315,11,83,0.0000,0.0000,0.0000,61.0000,7.6100
1,5,0,13,5,24,181,1,10155,20315,7,83,0.0000,0.0000,0.0000,61.0000,7.6100
1,5,0,11,4,24,119,1,10155,20315,11,83,0.0000,0.0000,0.0000,61.0000,7.6100
1,5,0,12,3,9,149,1,10155,20315,4,83,0.0000,0.0000,0.0000,61.0000,7.6100
1,5,0,10,3,15,149,1,10155,20315,13,83,0.0000,0.0000,0.0000,61.0000,7.6100
1,5,0,12,4,9,146,1,10155,20315,8,83,0.0000,0.0000,0.0000,61.0000,7.6100
1,5,0,17,1,17,181,1,10155,20315,4,83,0.0000,0.0000,0.0000,61.0000,7.6100
1,5,0,11,10,24,181,1,10155,20315,2,83,0.0000,0.0000,0.0000,61.0000,7.6100
1,5,0,13,5,24,172,1,10155,20315,18,83,0.0000,0.0000,0.0000,61.0000,7.6100
1,5,0,8,4,17,181,1,10155,20315,3,83,0.0000,0.0000,0.0000,61.0000,7.6100
1,5,0,12,4,9,181,1,10155,20315,2,83,0.0000,0.0000,0.0000,61.0000,7.6100
1,5,0,16,3,7,181,1,10155,20315,5,83,0.0000,0.0000,0.0000,61.0000,7.6100
1,5,0,15,3,18,160,1,10155,20315,14,83,0.0000,0.0000,0.0000,61.0000,7.6100
1,5,0,14,5,15,181,1,10155,20315,1,83,0.0000,0.0000,0.0000,61.0000,7.6100
1,5,0,10,10,15,181,1,10155,20315,4,83,0.0000,0.0000,0.0000,61.0000,7.6100
1,5,0,17,1,17,120,1,10155,20315,19,83,0.0000,0.0000,0.0000,61.0000,7.6100
1,5,1,8,7,17,181,1,10155,20315,7,83,0.0000,0.0000,0.0000,61.0000,7.6100
1,5,0,11,5,24,181,1,10155,20315,1,83,0.0000,0.0000,0.0000,61.0000,7.6100
1,5,0,17,5,17,181,1,10155,20315,5,83,0.0000,0.0000,0.0000,61.0000,7.6100
1,5,0,11,3,24,157,1,10155,20315,10,83,0.0000,0.0000,0.0000,61.0000,7.6100
1,5,0,13,6,24,157,1,10155,20315,13,83,0.0000,0.0000,0.0000,61.0000,7.6100
1,5,0,16,6,7,181,1,10155,20315,7,83,0.0000,0.0000,0.0000,61.0000,7.6100
1,5,0,19,6,9,181,1,10155,20315,3,83,0.0000,0.0000,0.0000,61.0000,7.6100
1,5,0,15,6,18,181,1,10155,20315,2,83,0.0000,0.0000,0.0000,61.0000,7.6100
1,5,0,10,3,15,181,1,10155,20315,6,83,0.0000,0.0000,0.0000,61.0000,7.6100
1,5,0,13,3,24,181,1,10155,20315,2,83,0.0000,0.0000,0.0000,61.0000,7.6100
1,5,1,16,5,7,157,1,10155,20315,7,83,0.0000,0.0000,0.0000,61.0000,7.6100
1,5,0,14,5,15,187,3,10155,75506,10,83,0.0000,0.0000,0.0000,61.0000,7.6100
1,5,0,11,4,24,228,16,10155,15023,3,83,0.0000,0.0000,0.0000,61.0000,7.6100
1,5,0,19,10,9,173,17,10155,46218,4,83,0.0000,0.0000,0.0000,61.0000,7.6100
1,5,0,19,10,9,180,7,10155,73508,2,83,0.0000,0.0000,0.0000,61.0000,7.6100
1,5,0,11,4,24,110,7,10155,73508,18,83,0.0000,0.0000,0.0000,61.0000,7.6100
1,5,0,14,4,15,160,7,10155,73508,19,83,0.0000,0.0000,0.0000,61.0000,7.6100
1,5,0,11,6,24,160,7,10155,73508,17,83,0.0000,0.0000,0.0000,61.0000,7.6100
1,5,0,18,10,9,132,7,10155,73508,17,83,0.0000,0.0000,0.0000,61.0000,7.6100
1,5,0,14,4,15,110,7,10155,73508,13,83,0.0000,0.0000,0.0000,61.0000,7.6100
1,5,1,12,3,9,110,7,10155,73508,19,83,0.0000,0.0000,0.0000,61.0000,7.6100
1,5,0,13,8,24,132,7,10155,73508,17,83,0.0000,0.0000,0.0000,61.0000,7.6100
1,5,0,14,3,15,160,7,10155,73508,19,83,0.0000,0.0000,0.0000,61.0000,7.6100
1,5,0,15,5,18,160,7,10155,73508,21,83,0.0000,0.0000,0.0000,61.0000,7.6100
1,5,0,11,5,24,110,7,10155,73508,14,83,0.0000,0.0000,0.0000,61.0000,7.6100
1,5,0,10,3,15,143,15,10155,107363,14,83,0.0000,0.0000,0.0000,61.0000,7.6100
1,5,0,9,5,18,175,15,10155,107363,3,83,0.0000,0.0000,0.0000,61.0000,7.6100
1,5,0,13,5,24,175,15,10155,107363,2,83,0.0000,0.0000,0.0000,61.0000,7.6100
1,5,0,11,3,24,143,15,10155,107363,18,83,0.0000,0.0000,0.0000,61.0000,7.6100
1,5,0,12,3,9,175,15,10155,107363,2,83,0.0000,0.0000,0.0000,61.0000,7.6100
1,5,0,10,5,15,143,15,10155,107363,14,83,0.0000,0.0000,0.0000,61.0000,7.6100
1,5,0,12,3,9,119,1,10155,20315,12,83,0.0000,0.0000,0.0000,61.0000,7.6100
1,5,0,12,3,9,76,14,10155,62105,4,83,0.0000,0.0000,0.0000,61.0000,7.6100
1,5,0,11,1,24,76,14,10155,62105,3,83,0.0000,0.0000,0.0000,61.0000,7.6100
1,5,0,13,3,24,76,14,10155,62105,4,83,0.0000,0.0000,0.0000,61.0000,7.6100
1,5,0,8,2,17,76,14,10155,62105,2,83,0.0000,0.0000,0.0000,61.0000,7.6100
1,5,0,9,3,18,76,14,10155,62105,3,83,0.0000,0.0000,0.0000,61.0000,7.6100
1,5,0,19,1,9,181,1,10155,20315,5,83,0.0000,0.0000,0.0000,61.0000,7.6100
1,5,0,16,5,7,181,1,10155,20315,4,83,0.0000,0.0000,0.0000,61.0000,7.6100
1,5,0,15,5,18,181,1,10155,20315,3,83,0.0000,0.0000,0.0000,61.0000,7.6100
1,5,0,13,4,24,181,1,10155,20315,4,83,0.0000,0.0000,0.0000,61.0000,7.6100
1,5,0,15,5,18,181,1,10155,20315,1,83,0.0000,0.0000,0.0000,61.0000,7.6100
1,5,0,11,5,24,181,1,10155,20315,7,83,0.0000,0.0000,0.0000,61.0000,7.6100
1,5,0,12,4,9,172,1,10155,20315,15,83,0.0000,0.0000,0.0000,61.0000,7.6100
1,5,0,15,1,18,172,1,10155,20315,18,83,0.0000,0.0000,0.0000,61.0000,7.6100
1,5,0,15,3,18,172,1,10155,20315,16,83,0.0000,0.0000,0.0000,61.0000,7.6100
1,5,0,13,8,24,149,1,10155,20315,13,83,0.0000,0.0000,0.0000,61.0000,7.6100
1,5,0,15,4,18,146,1,10155,20315,8,83,0.0000,0.0000,0.0000,61.0000,7.6100
1,5,0,17,3,17,172,1,10155,20315,18,83,0.0000,0.0000,0.0000,61.0000,7.6100
1,5,0,15,6,18,181,1,10155,20315,6,83,0.0000,0.0000,0.0000,61.0000,7.6100
1,5,0,18,10,9,181,1,10155,20315,1,83,0.0000,0.0000,0.0000,61.0000,7.6100
1,5,0,17,10,17,181,1,10155,20315,2,83,0.0000,0.0000,0.0000,61.0000,7.6100
1,5,0,14,6,15,181,1,10155,20315,5,83,0.0000,0.0000,0.0000,61.0000,7.6100
1,5,0,17,11,17,181,1,10155,20315,1,83,0.0000,0.0000,0.0000,61.0000,7.6100
1,5,0,11,5,24,181,1,10155,20315,5,83,0.0000,0.0000,0.0000,61.0000,7.6100
1,5,0,15,4,18,157,1,10155,20315,12,83,0.0000,0.0000,0.0000,61.0000,7.6100
1,5,0,14,4,15,181,1,10155,20315,3,83,0.0000,0.0000,0.0000,61.0000,7.6100
1,5,0,14,4,15,157,1,10155,20315,11,83,0.0000,0.0000,0.0000,61.0000,7.6100
1,5,1,15,3,18,181,1,10155,20315,1,83,0.0000,0.0000,0.0000,61.0000,7.6100
1,5,0,17,11,17,157,1,10155,20315,10,83,0.0000,0.0000,0.0000,61.0000,7.6100
1,5,0,17,3,17,157,1,10155,20315,8,83,0.0000,0.0000,0.0000,61.0000,7.6100
1,5,0,19,10,9,159,11,10155,23463,4,83,0.0000,0.0000,0.0000,61.0000,7.6100
1,5,0,14,5,15,160,7,10155,73508,19,83,0.0000,0.0000,0.0000,61.0000,7.6100
1,5,0,13,3,24,132,7,10155,73508,16,83,0.0000,0.0000,0.0000,61.0000,7.6100
1,5,0,18,1,9,132,7,10155,73508,17,83,0.0000,0.0000,0.0000,61.0000,7.6100
1,5,0,17,6,17,160,7,10155,73508,9,83,0.0000,0.0000,0.0000,61.0000,7.6100
1,5,0,18,8,9,234,7,10155,73508,16,83,0.0000,0.0000,0.0000,61.0000,7.6100
1,5,0,19,7,9,173,17,10155,46218,5,83,0.0000,0.0000,0.0000,61.0000,7.6100
1,5,0,11,5,24,142,17,10155,46218,22,83,0.0000,0.0000,0.0000,61.0000,7.6100
1,5,0,15,3,18,142,17,10155,46218,18,83,0.0000,0.0000,0.0000,61.0000,7.6100
1,5,0,15,2,18,76,14,10155,62105,2,83,0.0000,0.0000,0.0000,61.0000,7.6100
1,5,0,12,3,9,76,14,10155,62105,1,83,0.0000,0.0000,0.0000,61.0000,7.6100
1,5,0,18,8,9,160,7,10155,73508,18,83,0.0000,0.0000,0.0000,61.0000,7.6100
1,5,1,18,1,9,110,7,10155,73508,19,83,0.0000,0.0000,0.0000,61.0000,7.6100
1,5,0,13,8,24,160,7,10155,73508,18,83,0.0000,0.0000,0.0000,61.0000,7.6100
1,5,1,15,4,18,76,14,10155,62105,4,83,0.0000,0.0000,0.0000,61.0000,7.6100
1,5,0,11,3,24,143,15,10155,107363,11,83,0.0000,0.0000,0.0000,61.0000,7.6100
1,5,0,15,3,18,143,15,10155,107363,20,83,0.0000,0.0000,0.0000,61.0000,7.6100
1,5,0,14,4,15,143,15,10155,107363,14,83,0.0000,0.0000,0.0000,61.0000,7.6100
1,5,0,13,3,24,175,15,10155,107363,2,83,0.0000,0.0000,0.0000,61.0000,7.6100
1,5,0,13,4,24,182,16,10155,15023,1,83,0.0000,0.0000,0.0000,61.0000,7.6100
1,5,0,17,4,17,149,1,10155,20315,13,83,0.0000,0.0000,0.0000,61.0000,7.6100
1,5,0,19,1,9,181,1,10155,20315,2,83,0.0000,0.0000,0.0000,61.0000,7.6100
1,5,0,15,4,18,181,1,10155,20315,5,83,0.0000,0.0000,0.0000,61.0000,7.6100
1,5,0,17,4,17,172,1,10155,20315,16,83,0.0000,0.0000,0.0000,61.0000,7.6100
1,5,0,14,2,15,76,14,10155,62105,3,83,0.0000,0.0000,0.0000,61.0000,7.6100
1,5,0,17,3,17,76,14,10155,62105,3,83,0.0000,0.0000,0.0000,61.0000,7.6100
1,5,0,17,3,17,110,7,10155,73508,18,83,0.0000,0.0000,0.0000,61.0000,7.6100
1,5,0,13,7,24,76,14,10155,62105,3,83,0.0000,0.0000,0.0000,61.0000,7.6100
1,5,1,17,6,17,172,1,10155,20315,15,83,0.0000,0.0000,0.0000,61.0000,7.6100
1,5,0,15,3,18,143,15,10155,107363,22,83,0.0000,0.0000,0.0000,61.0000,7.6100
1,5,0,16,3,7,143,15,10155,107363,14,83,0.0000,0.0000,0.0000,61.0000,7.6100
1,5,0,16,2,7,76,14,10155,62105,2,83,0.0000,0.0000,0.0000,61.0000,7.6100
1,3,0,8,3,52,76,14,23400,62105,4,12,0.2200,1.0000,3.9000,34.0000,9.8400
1,3,1,6,3,55,50,14,23400,62105,16,12,0.2200,1.0000,3.9000,34.0000,9.8400
1,3,1,3,2,49,50,14,23400,62105,15,12,0.2200,1.0000,3.9000,34.0000,9.8400
1,3,1,4,2,48,50,14,23400,62105,5,12,0.2200,1.0000,3.9000,34.0000,9.8400
1,3,1,6,6,55,76,14,23400,62105,2,12,0.2200,1.0000,3.9000,34.0000,9.8400
1,3,0,3,7,49,76,14,23400,62105,4,12,0.2200,1.0000,3.9000,34.0000,9.8400
1,3,1,8,2,52,50,14,23400,62105,17,12,0.2200,1.0000,3.9000,34.0000,9.8400
1,3,0,3,2,49,66,14,23400,62105,10,12,0.2200,1.0000,3.9000,34.0000,9.8400
1,3,0,2,3,24,50,14,23400,62105,18,12,0.2200,1.0000,3.9000,34.0000,9.8400
1,3,1,13,3,40,76,14,23400,62105,5,12,0.2200,1.0000,3.9000,34.0000,9.8400
1,3,1,5,4,37,50,14,23400,62105,16,12,0.2200,1.0000,3.9000,34.0000,9.8400
1,3,1,5,3,37,50,14,23400,62105,17,12,0.2200,1.0000,3.9000,34.0000,9.8400
1,3,0,3,3,49,76,14,23400,62105,5,12,0.2200,1.0000,3.9000,34.0000,9.8400
1,3,0,1,5,8,228,16,23400,15023,1,12,0.2200,1.0000,3.9000,34.0000,9.8400
1,3,0,12,6,36,230,9,23400,9496,3,12,0.2200,1.0000,3.9000,34.0000,9.8400
1,3,0,9,5,46,186,9,23400,9496,1,12,0.2200,1.0000,3.9000,34.0000,9.8400
1,3,0,4,5,48,160,3,23400,75506,8,12,0.2200,1.0000,3.9000,34.0000,9.8400
1,3,1,1,5,8,172,3,23400,75506,10,12,0.2200,1.0000,3.9000,34.0000,9.8400
1,3,1,6,4,55,234,3,23400,75506,4,12,0.2200,1.0000,3.9000,34.0000,9.8400
1,3,1,6,4,55,160,3,23400,75506,19,12,0.2200,1.0000,3.9000,34.0000,9.8400
1,3,1,4,3,48,160,3,23400,75506,5,12,0.2200,1.0000,3.9000,34.0000,9.8400
1,3,0,2,4,24,160,3,23400,75506,20,12,0.2200,1.0000,3.9000,34.0000,9.8400
1,3,0,2,1,24,129,4,23400,23760,11,12,0.2200,1.0000,3.9000,34.0000,9.8400
1,3,0,2,3,24,160,3,23400,75506,4,12,0.2200,1.0000,3.9000,34.0000,9.8400
1,3,0,4,5,48,172,3,23400,75506,9,12,0.2200,1.0000,3.9000,34.0000,9.8400
1,3,1,6,7,55,181,3,23400,75506,2,12,0.2200,1.0000,3.9000,34.0000,9.8400
1,3,0,4,2,48,50,4,23400,23760,15,12,0.2200,1.0000,3.9000,34.0000,9.8400
1,3,1,3,3,49,160,3,23400,75506,6,12,0.2200,1.0000,3.9000,34.0000,9.8400
1,3,1,8,1,52,50,4,23400,23760,14,12,0.2200,1.0000,3.9000,34.0000,9.8400
1,3,0,1,3,8,160,3,23400,75506,2,12,0.2200,1.0000,3.9000,34.0000,9.8400
1,3,0,2,8,24,172,3,23400,75506,9,12,0.2200,1.0000,3.9000,34.0000,9.8400
1,3,1,3,2,49,129,4,23400,23760,11,12,0.2200,1.0000,3.9000,34.0000,9.8400
1,3,0,4,3,48,160,3,23400,75506,18,12,0.2200,1.0000,3.9000,34.0000,9.8400
1,3,0,2,4,24,76,4,23400,23760,1,12,0.2200,1.0000,3.9000,34.0000,9.8400
1,3,0,3,6,49,142,17,23400,46218,22,12,0.2200,1.0000,3.9000,34.0000,9.8400
1,3,0,3,4,49,173,17,23400,46218,5,12,0.2200,1.0000,3.9000,34.0000,9.8400
1,3,1,15,7,57,173,17,23400,46218,11,12,0.2200,1.0000,3.9000,34.0000,9.8400
1,3,0,2,3,24,142,17,23400,46218,23,12,0.2200,1.0000,3.9000,34.0000,9.8400
1,3,0,6,6,55,173,17,23400,46218,11,12,0.2200,1.0000,3.9000,34.0000,9.8400
1,3,1,4,5,48,154,17,23400,46218,19,12,0.2200,1.0000,3.9000,34.0000,9.8400
1,3,0,9,3,46,173,17,23400,46218,7,12,0.2200,1.0000,3.9000,34.0000,9.8400
1,3,0,15,4,57,173,17,23400,46218,10,12,0.2200,1.0000,3.9000,34.0000,9.8400
1,3,1,8,6,52,142,17,23400,46218,23,12,0.2200,1.0000,3.9000,34.0000,9.8400
1,3,1,15,5,57,173,17,23400,46218,6,12,0.2200,1.0000,3.9000,34.0000,9.8400
1,3,0,2,3,24,154,17,23400,46218,20,12,0.2200,1.0000,3.9000,34.0000,9.8400
1,3,1,4,4,48,120,17,23400,46218,18,12,0.2200,1.0000,3.9000,34.0000,9.8400
1,3,1,5,4,37,120,17,23400,46218,18,12,0.2200,1.0000,3.9000,34.0000,9.8400
1,3,1,14,3,75,154,17,23400,46218,15,12,0.2200,1.0000,3.9000,34.0000,9.8400
1,3,0,4,8,48,216,17,23400,46218,15,12,0.2200,1.0000,3.9000,34.0000,9.8400
1,3,0,7,3,44,120,17,23400,46218,13,12,0.2200,1.0000,3.9000,34.0000,9.8400
1,3,0,9,5,46,120,17,23400,46218,20,12,0.2200,1.0000,3.9000,34.0000,9.8400
1,3,0,6,7,55,154,17,23400,46218,11,12,0.2200,1.0000,3.9000,34.0000,9.8400
1,3,1,7,5,44,124,17,23400,46218,21,12,0.2200,1.0000,3.9000,34.0000,9.8400
1,3,1,15,7,57,216,17,23400,46218,17,12,0.2200,1.0000,3.9000,34.0000,9.8400
1,3,0,3,3,49,154,17,23400,46218,19,12,0.2200,1.0000,3.9000,34.0000,9.8400
1,3,0,2,3,24,154,17,23400,46218,20,12,0.2200,1.0000,3.9000,34.0000,9.8400
1,3,0,2,4,24,154,17,23400,46218,21,12,0.2200,1.0000,3.9000,34.0000,9.8400
1,3,0,10,3,47,267,17,23400,46218,18,12,0.2200,1.0000,3.9000,34.0000,9.8400
1,3,0,4,5,48,173,17,23400,46218,6,12,0.2200,1.0000,3.9000,34.0000,9.8400
1,3,1,6,11,55,291,17,23400,46218,19,12,0.2200,1.0000,3.9000,34.0000,9.8400
1,3,0,4,3,48,120,17,23400,46218,12,12,0.2200,1.0000,3.9000,34.0000,9.8400
1,3,1,3,4,49,234,3,23400,75506,3,12,0.2200,1.0000,3.9000,34.0000,9.8400
1,3,0,3,9,49,173,17,23400,46218,5,12,0.2200,1.0000,3.9000,34.0000,9.8400
1,3,0,6,4,55,216,17,23400,46218,18,12,0.2200,1.0000,3.9000,34.0000,9.8400
1,3,0,2,4,24,154,17,23400,46218,19,12,0.2200,1.0000,3.9000,34.0000,9.8400
1,3,1,4,4,48,216,17,23400,46218,16,12,0.2200,1.0000,3.9000,34.0000,9.8400
1,3,0,2,8,24,173,17,23400,46218,3,12,0.2200,1.0000,3.9000,34.0000,9.8400
1,3,0,15,8,57,267,17,23400,46218,18,12,0.2200,1.0000,3.9000,34.0000,9.8400
1,3,0,3,3,49,173,17,23400,46218,5,12,0.2200,1.0000,3.9000,34.0000,9.8400
1,3,0,3,5,49,173,17,23400,46218,4,12,0.2200,1.0000,3.9000,34.0000,9.8400
1,3,0,3,7,49,216,17,23400,46218,18,12,0.2200,1.0000,3.9000,34.0000,9.8400
1,3,0,4,6,48,154,17,23400,46218,19,12,0.2200,1.0000,3.9000,34.0000,9.8400
1,3,0,6,8,55,120,17,23400,46218,18,12,0.2200,1.0000,3.9000,34.0000,9.8400
1,3,0,3,7,49,154,17,23400,46218,19,12,0.2200,1.0000,3.9000,34.0000,9.8400
1,3,0,6,4,55,142,17,23400,46218,19,12,0.2200,1.0000,3.9000,34.0000,9.8400
1,3,0,4,4,48,142,17,23400,46218,21,12,0.2200,1.0000,3.9000,34.0000,9.8400
1,3,0,4,5,48,76,4,23400,23760,4,12,0.2200,1.0000,3.9000,34.0000,9.8400
1,3,0,4,3,48,50,4,23400,23760,14,12,0.2200,1.0000,3.9000,34.0000,9.8400
1,3,0,3,5,49,228,16,23400,15023,4,12,0.2200,1.0000,3.9000,34.0000,9.8400
1,3,1,3,5,49,172,3,23400,75506,10,12,0.2200,1.0000,3.9000,34.0000,9.8400
1,3,1,12,4,36,234,3,23400,75506,3,12,0.2200,1.0000,3.9000,34.0000,9.8400
1,3,0,2,5,24,181,3,23400,75506,3,12,0.2200,1.0000,3.9000,34.0000,9.8400
1,3,1,2,5,24,162,11,23400,23463,14,12,0.2200,1.0000,3.9000,34.0000,9.8400
1,3,0,4,4,48,182,16,23400,15023,3,12,0.2200,1.0000,3.9000,34.0000,9.8400
1,3,1,15,2,57,160,3,23400,75506,7,12,0.2200,1.0000,3.9000,34.0000,9.8400
1,3,1,13,4,40,160,3,23400,75506,4,12,0.2200,1.0000,3.9000,34.0000,9.8400
1,3,0,3,7,49,181,3,23400,75506,5,12,0.2200,1.0000,3.9000,34.0000,9.8400
1,3,1,15,3,57,129,5,23400,12231,11,12,0.2200,1.0000,3.9000,34.0000,9.8400
1,3,0,5,3,37,50,5,23400,12231,15,12,0.2200,1.0000,3.9000,34.0000,9.8400
1,3,1,8,2,52,50,5,23400,12231,18,12,0.2200,1.0000,3.9000,34.0000,9.8400
1,3,1,4,5,48,160,3,23400,75506,18,12,0.2200,1.0000,3.9000,34.0000,9.8400
1,3,1,7,5,44,160,3,23400,75506,4,12,0.2200,1.0000,3.9000,34.0000,9.8400
1,3,0,3,3,49,187,3,23400,75506,8,12,0.2200,1.0000,3.9000,34.0000,9.8400
1,3,1,3,7,49,132,7,23400,73508,17,12,0.2200,1.0000,3.9000,34.0000,9.8400
1,3,1,7,2,44,110,7,23400,73508,20,12,0.2200,1.0000,3.9000,34.0000,9.8400
1,3,0,2,3,24,149,7,23400,73508,28,12,0.2200,1.0000,3.9000,34.0000,9.8400
1,3,1,3,3,49,129,7,23400,73508,11,12,0.2200,1.0000,3.9000,34.0000,9.8400
1,3,1,10,3,47,110,7,23400,73508,19,12,0.2200,1.0000,3.9000,34.0000,9.8400
1,3,0,2,3,24,76,13,23400,24623,2,12,0.2200,1.0000,3.9000,34.0000,9.8400
1,3,0,2,3,24,70,13,23400,24623,14,12,0.2200,1.0000,3.9000,34.0000,9.8400
1,3,1,5,3,37,70,13,23400,24623,13,12,0.2200,1.0000,3.9000,34.0000,9.8400
1,3,0,3,2,49,50,4,23400,23760,14,12,0.2200,1.0000,3.9000,34.0000,9.8400
1,3,1,10,3,47,129,4,23400,23760,11,12,0.2200,1.0000,3.9000,34.0000,9.8400
1,3,1,9,3,46,129,5,23400,12231,11,12,0.2200,1.0000,3.9000,34.0000,9.8400
1,3,0,3,2,49,76,4,23400,23760,2,12,0.2200,1.0000,3.9000,34.0000,9.8400
1,3,0,4,2,48,129,5,23400,12231,11,12,0.2200,1.0000,3.9000,34.0000,9.8400
1,3,0,4,2,48,129,5,23400,12231,11,12,0.2200,1.0000,3.9000,34.0000,9.8400
1,3,1,3,4,49,181,3,23400,75506,3,12,0.2200,1.0000,3.9000,34.0000,9.8400
1,3,1,4,2,48,160,3,23400,75506,19,12,0.2200,1.0000,3.9000,34.0000,9.8400
1,3,1,8,5,52,160,3,23400,75506,18,12,0.2200,1.0000,3.9000,34.0000,9.8400
1,3,0,7,2,44,50,5,23400,12231,20,12,0.2200,1.0000,3.9000,34.0000,9.8400
1,3,0,3,5,49,228,16,23400,15023,3,12,0.2200,1.0000,3.9000,34.0000,9.8400
1,3,1,2,4,24,145,16,23400,15023,12,12,0.2200,1.0000,3.9000,34.0000,9.8400
1,3,0,5,2,37,50,14,23400,62105,18,12,0.2200,1.0000,3.9000,34.0000,9.8400
1,3,0,3,1,49,50,14,23400,62105,17,12,0.2200,1.0000,3.9000,34.0000,9.8400
1,3,1,6,3,55,50,14,23400,62105,16,12,0.2200,1.0000,3.9000,34.0000,9.8400
1,3,0,17,1,26,50,14,23400,62105,16,12,0.2200,1.0000,3.9000,34.0000,9.8400
1,3,1,4,7,48,181,1,23400,20315,1,12,0.2200,1.0000,3.9000,34.0000,9.8400
1,3,1,9,4,46,70,4,23400,23760,15,12,0.2200,1.0000,3.9000,34.0000,9.8400
1,3,0,3,3,49,50,4,23400,23760,15,12,0.2200,1.0000,3.9000,34.0000,9.8400
1,3,0,8,3,52,129,4,23400,23760,11,12,0.2200,1.0000,3.9000,34.0000,9.8400
1,3,1,7,2,44,66,14,23400,62105,14,12,0.2200,1.0000,3.9000,34.0000,9.8400
1,3,1,9,1,46,66,14,23400,62105,13,12,0.2200,1.0000,3.9000,34.0000,9.8400
1,3,1,14,4,75,234,3,23400,75506,2,12,0.2200,1.0000,3.9000,34.0000,9.8400
1,3,1,4,3,48,160,3,23400,75506,4,12,0.2200,1.0000,3.9000,34.0000,9.8400
1,3,1,5,5,37,66,14,23400,62105,14,12,0.2200,1.0000,3.9000,34.0000,9.8400
1,3,1,16,1,39,50,14,23400,62105,20,12,0.2200,1.0000,3.9000,34.0000,9.8400
1,3,1,11,1,51,50,14,23400,62105,17,12,0.2200,1.0000,3.9000,34.0000,9.8400
1,3,0,4,1,48,129,14,23400,62105,11,12,0.2200,1.0000,3.9000,34.0000,9.8400
1,3,0,7,3,44,50,14,23400,62105,14,12,0.2200,1.0000,3.9000,34.0000,9.8400
1,3,1,9,4,46,181,3,23400,75506,3,12,0.2200,1.0000,3.9000,34.0000,9.8400
1,3,1,9,5,46,172,3,23400,75506,9,12,0.2200,1.0000,3.9000,34.0000,9.8400
1,3,1,13,8,40,181,3,23400,75506,4,12,0.2200,1.0000,3.9000,34.0000,9.8400
1,3,1,7,7,44,181,3,23400,75506,3,12,0.2200,1.0000,3.9000,34.0000,9.8400
1,3,0,1,6,8,187,3,23400,75506,4,12,0.2200,1.0000,3.9000,34.0000,9.8400
1,3,0,4,3,48,187,3,23400,75506,5,12,0.2200,1.0000,3.9000,34.0000,9.8400
1,3,0,2,5,24,160,3,23400,75506,7,12,0.2200,1.0000,3.9000,34.0000,9.8400
1,3,1,6,3,55,172,3,23400,75506,9,12,0.2200,1.0000,3.9000,34.0000,9.8400
1,3,0,1,3,8,178,16,23400,15023,6,12,0.2200,1.0000,3.9000,34.0000,9.8400
1,3,1,6,5,55,129,4,23400,23760,11,12,0.2200,1.0000,3.9000,34.0000,9.8400
1,3,0,1,4,8,172,3,23400,75506,9,12,0.2200,1.0000,3.9000,34.0000,9.8400
1,3,1,3,3,49,160,3,23400,75506,2,12,0.2200,1.0000,3.9000,34.0000,9.8400
1,3,0,2,3,24,76,4,23400,23760,2,12,0.2200,1.0000,3.9000,34.0000,9.8400
1,3,1,8,5,52,172,3,23400,75506,9,12,0.2200,1.0000,3.9000,34.0000,9.8400
1,3,1,7,6,44,234,3,23400,75506,4,12,0.2200,1.0000,3.9000,34.0000,9.8400
1,3,1,5,3,37,76,4,23400,23760,4,12,0.2200,1.0000,3.9000,34.0000,9.8400
1,3,0,3,4,49,76,4,23400,23760,3,12,0.2200,1.0000,3.9000,34.0000,9.8400
1,3,0,2,3,24,160,3,23400,75506,2,12,0.2200,1.0000,3.9000,34.0000,9.8400
1,3,1,9,3,46,50,4,23400,23760,14,12,0.2200,1.0000,3.9000,34.0000,9.8400
1,3,1,3,6,49,187,3,23400,75506,18,12,0.2200,1.0000,3.9000,34.0000,9.8400
1,3,0,1,3,8,187,3,23400,75506,4,12,0.2200,1.0000,3.9000,34.0000,9.8400
1,3,0,2,3,24,160,3,23400,75506,4,12,0.2200,1.0000,3.9000,34.0000,9.8400
1,3,1,7,3,44,160,3,23400,75506,18,12,0.2200,1.0000,3.9000,34.0000,9.8400
1,3,1,5,4,37,172,3,23400,75506,9,12,0.2200,1.0000,3.9000,34.0000,9.8400
1,3,0,6,5,55,128,3,23400,75506,6,12,0.2200,1.0000,3.9000,34.0000,9.8400
1,3,1,4,2,48,160,3,23400,75506,6,12,0.2200,1.0000,3.9000,34.0000,9.8400
1,3,1,3,3,49,187,3,23400,75506,5,12,0.2200,1.0000,3.9000,34.0000,9.8400
1,3,1,9,6,46,181,3,23400,75506,3,12,0.2200,1.0000,3.9000,34.0000,9.8400
1,3,0,6,2,55,65,4,23400,23760,8,12,0.2200,1.0000,3.9000,34.0000,9.8400
1,3,0,7,2,44,76,4,23400,23760,2,12,0.2200,1.0000,3.9000,34.0000,9.8400
1,3,0,13,2,40,50,4,23400,23760,14,12,0.2200,1.0000,3.9000,34.0000,9.8400
1,3,0,6,2,55,50,4,23400,23760,15,12,0.2200,1.0000,3.9000,34.0000,9.8400
1,3,1,14,4,75,76,4,23400,23760,3,12,0.2200,1.0000,3.9000,34.0000,9.8400
1,3,1,4,2,48,70,13,23400,24623,14,12,0.2200,1.0000,3.9000,34.0000,9.8400
1,3,0,3,4,49,76,13,23400,24623,4,12,0.2200,1.0000,3.9000,34.0000,9.8400
1,3,1,5,3,37,76,13,23400,24623,4,12,0.2200,1.0000,3.9000,34.0000,9.8400
1,3,1,3,2,49,76,13,23400,24623,2,12,0.2200,1.0000,3.9000,34.0000,9.8400
1,3,1,6,3,55,76,13,23400,24623,4,12,0.2200,1.0000,3.9000,34.0000,9.8400
1,3,1,6,2,55,76,13,23400,24623,2,12,0.2200,1.0000,3.9000,34.0000,9.8400
1,3,1,6,3,55,70,13,23400,24623,14,12,0.2200,1.0000,3.9000,34.0000,9.8400
1,3,1,8,2,52,70,13,23400,24623,14,12,0.2200,1.0000,3.9000,34.0000,9.8400
1,3,0,6,2,55,70,13,23400,24623,14,12,0.2200,1.0000,3.9000,34.0000,9.8400
1,3,1,7,3,44,50,5,23400,12231,19,12,0.2200,1.0000,3.9000,34.0000,9.8400
1,3,1,11,2,51,129,5,23400,12231,11,12,0.2200,1.0000,3.9000,34.0000,9.8400
1,3,1,4,3,48,110,7,23400,73508,19,12,0.2200,1.0000,3.9000,34.0000,9.8400
1,3,0,2,6,24,132,7,23400,73508,19,12,0.2200,1.0000,3.9000,34.0000,9.8400
1,3,1,7,1,44,110,7,23400,73508,20,12,0.2200,1.0000,3.9000,34.0000,9.8400
1,3,1,5,2,37,158,7,23400,73508,20,12,0.2200,1.0000,3.9000,34.0000,9.8400
1,3,1,6,3,55,110,7,23400,73508,19,12,0.2200,1.0000,3.9000,34.0000,9.8400
1,3,1,10,7,47,132,7,23400,73508,17,12,0.2200,1.0000,3.9000,34.0000,9.8400
1,3,1,4,3,48,110,7,23400,73508,17,12,0.2200,1.0000,3.9000,34.0000,9.8400
1,3,1,9,2,46,160,3,23400,75506,2,12,0.2200,1.0000,3.9000,34.0000,9.8400
1,3,0,6,7,55,160,3,23400,75506,5,12,0.2200,1.0000,3.9000,34.0000,9.8400
1,3,0,12,7,36,181,3,23400,75506,5,12,0.2200,1.0000,3.9000,34.0000,9.8400
1,3,1,13,8,40,146,1,23400,20315,8,12,0.2200,1.0000,3.9000,34.0000,9.8400
1,3,1,9,7,46,181,1,23400,20315,2,12,0.2200,1.0000,3.9000,34.0000,9.8400
1,3,1,8,1,52,70,6,23400,22418,16,12,0.2200,1.0000,3.9000,34.0000,9.8400
1,3,1,14,1,75,50,6,23400,22418,16,12,0.2200,1.0000,3.9000,34.0000,9.8400
1,3,1,1,4,8,100,11,23400,23463,14,12,0.2200,1.0000,3.9000,34.0000,9.8400
1,3,1,5,4,37,100,11,23400,23463,13,12,0.2200,1.0000,3.9000,34.0000,9.8400
1,3,1,6,3,55,100,11,23400,23463,10,12,0.2200,1.0000,3.9000,34.0000,9.8400
1,3,0,6,3,55,187,3,23400,75506,10,12,0.2200,1.0000,3.9000,34.0000,9.8400
1,3,0,9,3,46,160,3,23400,75506,2,12,0.2200,1.0000,3.9000,34.0000,9.8400
1,3,1,3,2,49,76,4,23400,23760,2,12,0.2200,1.0000,3.9000,34.0000,9.8400
1,3,0,4,1,48,50,4,23400,23760,15,12,0.2200,1.0000,3.9000,34.0000,9.8400
1,3,1,11,2,51,76,4,23400,23760,2,12,0.2200,1.0000,3.9000,34.0000,9.8400
1,3,1,4,2,48,50,4,23400,23760,14,12,0.2200,1.0000,3.9000,34.0000,9.8400
1,3,1,5,1,37,50,4,23400,23760,15,12,0.2200,1.0000,3.9000,34.0000,9.8400
1,3,0,5,1,37,129,4,23400,23760,11,12,0.2200,1.0000,3.9000,34.0000,9.8400
1,3,1,12,2,36,50,4,23400,23760,15,12,0.2200,1.0000,3.9000,34.0000,9.8400
1,3,1,7,8,44,160,3,23400,75506,20,12,0.2200,1.0000,3.9000,34.0000,9.8400
1,3,1,5,5,37,160,3,23400,75506,19,12,0.2200,1.0000,3.9000,34.0000,9.8400
1,3,0,4,6,48,187,3,23400,75506,18,12,0.2200,1.0000,3.9000,34.0000,9.8400
1,3,1,12,3,36,187,3,23400,75506,5,12,0.2200,1.0000,3.9000,34.0000,9.8400
1,3,1,6,7,55,160,3,23400,75506,6,12,0.2200,1.0000,3.9000,34.0000,9.8400
1,3,1,9,4,46,160,3,23400,75506,18,12,0.2200,1.0000,3.9000,34.0000,9.8400
1,3,1,7,7,44,154,17,23400,46218,20,12,0.2200,1.0000,3.9000,34.0000,9.8400
1,3,0,3,2,49,124,17,23400,46218,20,12,0.2200,1.0000,3.9000,34.0000,9.8400
1,3,1,9,6,46,173,17,23400,46218,7,12,0.2200,1.0000,3.9000,34.0000,9.8400
1,3,1,9,7,46,154,17,23400,46218,19,12,0.2200,1.0000,3.9000,34.0000,9.8400
1,3,1,10,8,47,173,17,23400,46218,10,12,0.2200,1.0000,3.9000,34.0000,9.8400
1,3,0,3,7,49,216,17,23400,46218,17,12,0.2200,1.0000,3.9000,34.0000,9.8400
1,3,0,15,4,57,173,17,23400,46218,6,12,0.2200,1.0000,3.9000,34.0000,9.8400
1,3,0,8,4,52,173,17,23400,46218,4,12,0.2200,1.0000,3.9000,34.0000,9.8400
1,3,0,6,8,55,142,17,23400,46218,18,12,0.2200,1.0000,3.9000,34.0000,9.8400
1,3,0,7,5,44,154,17,23400,46218,15,12,0.2200,1.0000,3.9000,34.0000,9.8400
1,3,1,6,7,55,124,17,23400,46218,20,12,0.2200,1.0000,3.9000,34.0000,9.8400
1,3,1,8,8,52,173,17,23400,46218,3,12,0.2200,1.0000,3.9000,34.0000,9.8400
1,3,0,7,3,44,120,17,23400,46218,19,12,0.2200,1.0000,3.9000,34.0000,9.8400
1,3,0,6,5,55,154,17,23400,46218,19,12,0.2200,1.0000,3.9000,34.0000,9.8400
1,3,0,8,4,52,216,17,23400,46218,18,12,0.2200,1.0000,3.9000,34.0000,9.8400
1,3,1,6,7,55,173,17,23400,46218,3,12,0.2200,1.0000,3.9000,34.0000,9.8400
1,3,1,8,3,52,142,17,23400,46218,18,12,0.2200,1.0000,3.9000,34.0000,9.8400
1,3,1,12,6,36,154,17,23400,46218,21,12,0.2200,1.0000,3.9000,34.0000,9.8400
1,3,1,8,3,52,142,17,23400,46218,25,12,0.2200,1.0000,3.9000,34.0000,9.8400
1,3,0,6,5,55,124,17,23400,46218,21,12,0.2200,1.0000,3.9000,34.0000,9.8400
1,3,0,13,2,40,142,17,23400,46218,22,12,0.2200,1.0000,3.9000,34.0000,9.8400
1,3,1,8,4,52,120,17,23400,46218,12,12,0.2200,1.0000,3.9000,34.0000,9.8400
1,3,0,14,2,75,154,17,23400,46218,20,12,0.2200,1.0000,3.9000,34.0000,9.8400
1,3,0,4,3,48,124,17,23400,46218,20,12,0.2200,1.0000,3.9000,34.0000,9.8400
1,3,0,8,2,52,142,17,23400,46218,25,12,0.2200,1.0000,3.9000,34.0000,9.8400
1,3,1,6,5,55,124,17,23400,46218,17,12,0.2200,1.0000,3.9000,34.0000,9.8400
1,3,0,4,5,48,142,17,23400,46218,19,12,0.2200,1.0000,3.9000,34.0000,9.8400
1,3,0,8,7,52,142,17,23400,46218,23,12,0.2200,1.0000,3.9000,34.0000,9.8400
1,3,1,10,3,47,120,17,23400,46218,22,12,0.2200,1.0000,3.9000,34.0000,9.8400
1,3,0,7,4,44,142,17,23400,46218,26,12,0.2200,1.0000,3.9000,34.0000,9.8400
1,3,0,6,7,55,216,17,23400,46218,17,12,0.2200,1.0000,3.9000,34.0000,9.8400
1,3,1,14,2,75,142,17,23400,46218,21,12,0.2200,1.0000,3.9000,34.0000,9.8400
1,3,0,10,5,47,142,17,23400,46218,20,12,0.2200,1.0000,3.9000,34.0000,9.8400
1,3,0,3,3,49,142,17,23400,46218,17,12,0.2200,1.0000,3.9000,34.0000,9.8400
1,3,0,14,4,75,173,17,23400,46218,5,12,0.2200,1.0000,3.9000,34.0000,9.8400
1,3,1,8,7,52,154,17,23400,46218,19,12,0.2200,1.0000,3.9000,34.0000,9.8400
1,3,0,17,4,26,173,17,23400,46218,5,12,0.2200,1.0000,3.9000,34.0000,9.8400
1,3,0,10,3,47,120,17,23400,46218,13,12,0.2200,1.0000,3.9000,34.0000,9.8400
1,3,1,3,5,49,154,17,23400,46218,9,12,0.2200,1.0000,3.9000,34.0000,9.8400
1,3,0,10,2,47,142,17,23400,46218,23,12,0.2200,1.0000,3.9000,34.0000,9.8400
1,3,0,10,3,47,142,17,23400,46218,18,12,0.2200,1.0000,3.9000,34.0000,9.8400
1,3,1,9,3,46,120,17,23400,46218,12,12,0.2200,1.0000,3.9000,34.0000,9.8400
1,3,0,7,3,44,173,17,23400,46218,5,12,0.2200,1.0000,3.9000,34.0000,9.8400
1,3,1,11,7,51,173,17,23400,46218,5,12,0.2200,1.0000,3.9000,34.0000,9.8400
1,3,1,10,4,47,154,17,23400,46218,21,12,0.2200,1.0000,3.9000,34.0000,9.8400
1,3,1,5,4,37,120,17,23400,46218,12,12,0.2200,1.0000,3.9000,34.0000,9.8400
1,3,1,6,7,55,173,17,23400,46218,11,12,0.2200,1.0000,3.9000,34.0000,9.8400
1,3,1,4,3,48,173,17,23400,46218,5,12,0.2200,1.0000,3.9000,34.0000,9.8400
1,3,0,10,5,47,173,17,23400,46218,6,12,0.2200,1.0000,3.9000,34.0000,9.8400
1,3,0,7,3,44,142,17,23400,46218,26,12,0.2200,1.0000,3.9000,34.0000,9.8400
1,3,1,11,2,51,50,4,23400,23760,15,12,0.2200,1.0000,3.9000,34.0000,9.8400
1,3,0,3,2,49,76,4,23400,23760,1,12,0.2200,1.0000,3.9000,34.0000,9.8400
1,3,1,5,1,37,50,4,23400,23760,14,12,0.2200,1.0000,3.9000,34.0000,9.8400
1,3,1,15,7,57,154,17,23400,46218,3,12,0.2200,1.0000,3.9000,34.0000,9.8400
1,3,1,6,7,55,173,17,23400,46218,7,12,0.2200,1.0000,3.9000,34.0000,9.8400
1,3,0,10,5,47,154,17,23400,46218,20,12,0.2200,1.0000,3.9000,34.0000,9.8400
1,3,0,10,2,47,173,17,23400,46218,5,12,0.2200,1.0000,3.9000,34.0000,9.8400
1,3,0,10,7,47,173,17,23400,46218,6,12,0.2200,1.0000,3.9000,34.0000,9.8400
1,3,0,11,4,51,173,17,23400,46218,5,12,0.2200,1.0000,3.9000,34.0000,9.8400
1,3,1,5,8,37,154,17,23400,46218,20,12,0.2200,1.0000,3.9000,34.0000,9.8400
1,3,0,6,7,55,173,17,23400,46218,7,12,0.2200,1.0000,3.9000,34.0000,9.8400
1,3,0,10,4,47,173,17,23400,46218,7,12,0.2200,1.0000,3.9000,34.0000,9.8400
1,3,0,10,2,47,124,17,23400,46218,20,12,0.2200,1.0000,3.9000,34.0000,9.8400
1,3,1,8,4,52,120,17,23400,46218,18,12,0.2200,1.0000,3.9000,34.0000,9.8400
1,3,1,13,4,40,120,17,23400,46218,18,12,0.2200,1.0000,3.9000,34.0000,9.8400
1,3,0,5,3,37,173,17,23400,46218,7,12,0.2200,1.0000,3.9000,34.0000,9.8400
1,3,0,6,5,55,120,17,23400,46218,21,12,0.2200,1.0000,3.9000,34.0000,9.8400
1,3,0,17,2,26,120,17,23400,46218,19,12,0.2200,1.0000,3.9000,34.0000,9.8400
1,3,1,7,5,44,154,17,23400,46218,20,12,0.2200,1.0000,3.9000,34.0000,9.8400
1,3,0,6,3,55,154,17,23400,46218,20,12,0.2200,1.0000,3.9000,34.0000,9.8400
1,3,1,13,3,40,160,3,23400,75506,6,12,0.2200,1.0000,3.9000,34.0000,9.8400
1,3,1,5,4,37,160,3,23400,75506,4,12,0.2200,1.0000,3.9000,34.0000,9.8400
1,3,0,6,4,55,182,16,23400,15023,2,12,0.2200,1.0000,3.9000,34.0000,9.8400
1,3,1,11,7,51,160,3,23400,75506,2,12,0.2200,1.0000,3.9000,34.0000,9.8400
1,3,0,6,6,55,160,3,23400,75506,2,12,0.2200,1.0000,3.9000,34.0000,9.8400
1,3,0,5,7,37,182,16,23400,15023,2,12,0.2200,1.0000,3.9000,34.0000,9.8400
1,3,1,9,3,46,187,3,23400,75506,10,12,0.2200,1.0000,3.9000,34.0000,9.8400
1,3,0,5,7,37,160,3,23400,75506,3,12,0.2200,1.0000,3.9000,34.0000,9.8400
1,3,1,8,3,52,160,3,23400,75506,2,12,0.2200,1.0000,3.9000,34.0000,9.8400
1,3,0,3,2,49,70,6,23400,22418,15,12,0.2200,1.0000,3.9000,34.0000,9.8400
1,3,1,6,8,55,181,3,23400,75506,3,12,0.2200,1.0000,3.9000,34.0000,9.8400
1,3,1,5,6,37,187,3,23400,75506,6,12,0.2200,1.0000,3.9000,34.0000,9.8400
1,3,1,7,1,44,129,5,23400,12231,11,12,0.2200,1.0000,3.9000,34.0000,9.8400
1,3,1,5,1,37,158,7,23400,73508,24,12,0.2200,1.0000,3.9000,34.0000,9.8400
1,3,1,15,2,57,50,5,23400,12231,17,12,0.2200,1.0000,3.9000,34.0000,9.8400
1,3,1,7,7,44,160,3,23400,75506,3,12,0.2200,1.0000,3.9000,34.0000,9.8400
1,3,1,4,4,48,160,3,23400,75506,5,12,0.2200,1.0000,3.9000,34.0000,9.8400
1,3,0,3,4,49,160,3,23400,75506,18,12,0.2200,1.0000,3.9000,34.0000,9.8400
1,3,1,13,7,40,160,3,23400,75506,20,12,0.2200,1.0000,3.9000,34.0000,9.8400
1,3,1,11,5,51,172,3,23400,75506,9,12,0.2200,1.0000,3.9000,34.0000,9.8400
1,3,1,4,3,48,160,3,23400,75506,2,12,0.2200,1.0000,3.9000,34.0000,9.8400
1,3,1,16,3,39,160,3,23400,75506,18,12,0.2200,1.0000,3.9000,34.0000,9.8400
1,3,1,8,5,52,209,3,23400,75506,24,12,0.2200,1.0000,3.9000,34.0000,9.8400
1,3,1,6,2,55,129,5,23400,12231,11,12,0.2200,1.0000,3.9000,34.0000,9.8400
1,3,1,11,3,51,70,14,23400,62105,1,12,0.2200,1.0000,3.9000,34.0000,9.8400
1,3,1,8,3,52,70,14,23400,62105,1,12,0.2200,1.0000,3.9000,34.0000,9.8400
1,3,1,7,1,44,50,14,23400,62105,15,12,0.2200,1.0000,3.9000,34.0000,9.8400
1,3,1,6,2,55,50,5,23400,12231,18,12,0.2200,1.0000,3.9000,34.0000,9.8400
1,3,0,11,6,51,128,3,23400,75506,19,12,0.2200,1.0000,3.9000,34.0000,9.8400
1,3,0,4,3,48,128,3,23400,75506,19,12,0.2200,1.0000,3.9000,34.0000,9.8400
1,3,1,8,3,52,187,3,23400,75506,5,12,0.2200,1.0000,3.9000,34.0000,9.8400
1,3,0,15,3,57,50,4,23400,23760,14,12,0.2200,1.0000,3.9000,34.0000,9.8400
1,3,1,7,3,44,50,4,23400,23760,15,12,0.2200,1.0000,3.9000,34.0000,9.8400
1,3,0,5,3,37,76,4,23400,23760,3,12,0.2200,1.0000,3.9000,34.0000,9.8400
1,3,0,6,2,55,50,4,23400,23760,15,12,0.2200,1.0000,3.9000,34.0000,9.8400
1,3,0,4,3,48,50,4,23400,23760,14,12,0.2200,1.0000,3.9000,34.0000,9.8400
1,3,1,9,2,46,65,4,23400,23760,9,12,0.2200,1.0000,3.9000,34.0000,9.8400
1,3,1,5,2,37,50,4,23400,23760,15,12,0.2200,1.0000,3.9000,34.0000,9.8400
1,3,1,6,4,55,160,3,23400,75506,6,12,0.2200,1.0000,3.9000,34.0000,9.8400
1,3,1,8,4,52,160,3,23400,75506,6,12,0.2200,1.0000,3.9000,34.0000,9.8400
1,3,1,8,5,52,172,3,23400,75506,10,12,0.2200,1.0000,3.9000,34.0000,9.8400
1,3,0,5,7,37,181,3,23400,75506,5,12,0.2200,1.0000,3.9000,34.0000,9.8400
1,3,1,8,3,52,160,3,23400,75506,7,12,0.2200,1.0000,3.9000,34.0000,9.8400
1,3,1,9,7,46,181,3,23400,75506,5,12,0.2200,1.0000,3.9000,34.0000,9.8400
1,3,0,5,7,37,178,16,23400,15023,7,12,0.2200,1.0000,3.9000,34.0000,9.8400
1,3,0,7,5,44,66,14,23400,62105,15,12,0.2200,1.0000,3.9000,34.0000,9.8400
1,3,0,3,3,49,129,14,23400,62105,11,12,0.2200,1.0000,3.9000,34.0000,9.8400
1,3,1,6,2,55,129,14,23400,62105,11,12,0.2200,1.0000,3.9000,34.0000,9.8400
1,3,1,4,2,48,66,14,23400,62105,13,12,0.2200,1.0000,3.9000,34.0000,9.8400
1,3,0,11,2,51,129,5,23400,12231,11,12,0.2200,1.0000,3.9000,34.0000,9.8400
1,3,1,3,2,49,66,14,23400,62105,14,12,0.2200,1.0000,3.9000,34.0000,9.8400
1,3,0,5,2,37,129,14,23400,62105,11,12,0.2200,1.0000,3.9000,34.0000,9.8400
1,3,1,4,1,48,66,14,23400,62105,13,12,0.2200,1.0000,3.9000,34.0000,9.8400
1,3,0,8,3,52,50,14,23400,62105,18,12,0.2200,1.0000,3.9000,34.0000,9.8400
1,3,1,14,3,75,129,14,23400,62105,11,12,0.2200,1.0000,3.9000,34.0000,9.8400
1,3,1,12,1,36,66,14,23400,62105,14,12,0.2200,1.0000,3.9000,34.0000,9.8400
1,3,0,6,3,55,66,14,23400,62105,15,12,0.2200,1.0000,3.9000,34.0000,9.8400
1,3,1,11,3,51,182,16,23400,15023,2,12,0.2200,1.0000,3.9000,34.0000,9.8400
1,3,0,5,3,37,76,14,23400,62105,4,12,0.2200,1.0000,3.9000,34.0000,9.8400
1,3,0,10,2,47,76,14,23400,62105,4,12,0.2200,1.0000,3.9000,34.0000,9.8400
1,3,0,17,3,26,76,14,23400,62105,2,12,0.2200,1.0000,3.9000,34.0000,9.8400
1,3,0,3,1,49,50,14,23400,62105,15,12,0.2200,1.0000,3.9000,34.0000,9.8400
1,3,1,6,4,55,76,14,23400,62105,5,12,0.2200,1.0000,3.9000,34.0000,9.8400
1,3,1,6,3,55,50,14,23400,62105,18,12,0.2200,1.0000,3.9000,34.0000,9.8400
1,3,1,6,6,55,76,14,23400,62105,3,12,0.2200,1.0000,3.9000,34.0000,9.8400
1,3,1,11,5,51,66,14,23400,62105,10,12,0.2200,1.0000,3.9000,34.0000,9.8400
1,3,0,3,2,49,50,14,23400,62105,16,12,0.2200,1.0000,3.9000,34.0000,9.8400
1,3,1,9,2,46,50,14,23400,62105,16,12,0.2200,1.0000,3.9000,34.0000,9.8400
1,3,1,3,3,49,50,14,23400,62105,17,12,0.2200,1.0000,3.9000,34.0000,9.8400
1,3,1,10,3,47,76,14,23400,62105,3,12,0.2200,1.0000,3.9000,34.0000,9.8400
1,3,1,15,2,57,76,14,23400,62105,4,12,0.2200,1.0000,3.9000,34.0000,9.8400
1,3,0,7,3,44,50,4,23400,23760,15,12,0.2200,1.0000,3.9000,34.0000,9.8400
1,3,1,5,6,37,160,3,23400,75506,4,12,0.2200,1.0000,3.9000,34.0000,9.8400
1,3,1,10,5,47,160,3,23400,75506,19,12,0.2200,1.0000,3.9000,34.0000,9.8400
1,3,0,18,1,28,76,4,23400,23760,2,12,0.2200,1.0000,3.9000,34.0000,9.8400
1,3,1,4,2,48,65,4,23400,23760,9,12,0.2200,1.0000,3.9000,34.0000,9.8400
1,3,1,5,1,37,76,4,23400,23760,4,12,0.2200,1.0000,3.9000,34.0000,9.8400
1,3,0,7,1,44,50,4,23400,23760,14,12,0.2200,1.0000,3.9000,34.0000,9.8400
1,3,1,9,1,46,129,4,23400,23760,11,12,0.2200,1.0000,3.9000,34.0000,9.8400
1,3,1,9,3,46,76,4,23400,23760,3,12,0.2200,1.0000,3.9000,34.0000,9.8400
1,3,0,8,2,52,65,4,23400,23760,8,12,0.2200,1.0000,3.9000,34.0000,9.8400
1,3,1,9,3,46,50,4,23400,23760,15,12,0.2200,1.0000,3.9000,34.0000,9.8400
1,3,1,6,2,55,76,4,23400,23760,2,12,0.2200,1.0000,3.9000,34.0000,9.8400
1,3,1,4,1,48,50,4,23400,23760,15,12,0.2200,1.0000,3.9000,34.0000,9.8400
1,3,1,10,7,47,160,3,23400,75506,4,12,0.2200,1.0000,3.9000,34.0000,9.8400
1,3,0,3,2,49,128,3,23400,75506,4,12,0.2200,1.0000,3.9000,34.0000,9.8400
1,3,1,11,2,51,160,3,23400,75506,3,12,0.2200,1.0000,3.9000,34.0000,9.8400
1,3,0,3,5,49,160,3,23400,75506,8,12,0.2200,1.0000,3.9000,34.0000,9.8400
1,3,0,4,2,48,129,4,23400,23760,11,12,0.2200,1.0000,3.9000,34.0000,9.8400
1,3,1,5,4,37,160,3,23400,75506,5,12,0.2200,1.0000,3.9000,34.0000,9.8400
1,3,1,8,7,52,160,3,23400,75506,6,12,0.2200,1.0000,3.9000,34.0000,9.8400
1,3,0,3,1,49,50,4,23400,23760,15,12,0.2200,1.0000,3.9000,34.0000,9.8400
1,3,1,9,2,46,76,4,23400,23760,3,12,0.2200,1.0000,3.9000,34.0000,9.8400
1,3,0,7,1,44,50,4,23400,23760,14,12,0.2200,1.0000,3.9000,34.0000,9.8400
1,3,0,4,1,48,50,4,23400,23760,15,12,0.2200,1.0000,3.9000,34.0000,9.8400
1,3,1,9,2,46,50,4,23400,23760,14,12,0.2200,1.0000,3.9000,34.0000,9.8400
1,3,1,8,3,52,160,3,23400,75506,2,12,0.2200,1.0000,3.9000,34.0000,9.8400
1,3,0,5,3,37,160,3,23400,75506,3,12,0.2200,1.0000,3.9000,34.0000,9.8400
1,3,0,12,3,36,160,3,23400,75506,6,12,0.2200,1.0000,3.9000,34.0000,9.8400
1,3,1,4,2,48,50,8,23400,19857,15,12,0.2200,1.0000,3.9000,34.0000,9.8400
1,3,1,8,7,52,160,3,23400,75506,19,12,0.2200,1.0000,3.9000,34.0000,9.8400
1,3,1,7,7,44,160,3,23400,75506,5,12,0.2200,1.0000,3.9000,34.0000,9.8400
1,3,1,14,3,75,129,4,23400,23760,11,12,0.2200,1.0000,3.9000,34.0000,9.8400
1,3,1,9,5,46,160,3,23400,75506,20,12,0.2200,1.0000,3.9000,34.0000,9.8400
1,3,1,8,4,52,172,3,23400,75506,10,12,0.2200,1.0000,3.9000,34.0000,9.8400
1,3,1,16,4,39,172,3,23400,75506,9,12,0.2200,1.0000,3.9000,34.0000,9.8400
1,3,1,9,6,46,160,3,23400,75506,20,12,0.2200,1.0000,3.9000,34.0000,9.8400
1,3,1,13,7,40,181,1,23400,20315,3,12,0.2200,1.0000,3.9000,34.0000,9.8400
1,3,1,15,7,57,181,1,23400,20315,3,12,0.2200,1.0000,3.9000,34.0000,9.8400
1,3,1,15,7,57,146,1,23400,20315,8,12,0.2200,1.0000,3.9000,34.0000,9.8400
1,3,1,10,7,47,181,1,23400,20315,5,12,0.2200,1.0000,3.9000,34.0000,9.8400
1,3,0,8,2,52,50,4,23400,23760,15,12,0.2200,1.0000,3.9000,34.0000,9.8400
1,3,1,13,2,40,50,4,23400,23760,14,12,0.2200,1.0000,3.9000,34.0000,9.8400
1,3,0,16,2,39,129,4,23400,23760,11,12,0.2200,1.0000,3.9000,34.0000,9.8400
1,3,1,16,5,39,160,3,23400,75506,4,12,0.2200,1.0000,3.9000,34.0000,9.8400
1,3,1,7,4,44,100,11,23400,23463,13,12,0.2200,1.0000,3.9000,34.0000,9.8400
1,3,0,10,6,47,228,16,23400,15023,4,12,0.2200,1.0000,3.9000,34.0000,9.8400
1,3,0,7,3,44,129,4,23400,23760,11,12,0.2200,1.0000,3.9000,34.0000,9.8400
1,3,1,9,4,46,160,3,23400,75506,6,12,0.2200,1.0000,3.9000,34.0000,9.8400
1,3,1,7,5,44,178,16,23400,15023,6,12,0.2200,1.0000,3.9000,34.0000,9.8400
1,3,1,15,3,57,160,3,23400,75506,6,12,0.2200,1.0000,3.9000,34.0000,9.8400
1,3,1,8,5,52,66,14,23400,62105,10,12,0.2200,1.0000,3.9000,34.0000,9.8400
1,3,1,10,1,47,132,7,23400,73508,17,12,0.2200,1.0000,3.9000,34.0000,9.8400
1,3,1,8,1,52,110,7,23400,73508,19,12,0.2200,1.0000,3.9000,34.0000,9.8400
1,3,0,5,2,37,50,14,23400,62105,17,12,0.2200,1.0000,3.9000,34.0000,9.8400
1,3,1,17,2,26,50,14,23400,62105,17,12,0.2200,1.0000,3.9000,34.0000,9.8400
1,3,1,13,1,40,76,14,23400,62105,5,12,0.2200,1.0000,3.9000,34.0000,9.8400
1,3,1,8,1,52,76,14,23400,62105,5,12,0.2200,1.0000,3.9000,34.0000,9.8400
1,3,1,14,3,75,76,14,23400,62105,4,12,0.2200,1.0000,3.9000,34.0000,9.8400
1,3,0,15,3,57,76,14,23400,62105,4,12,0.2200,1.0000,3.9000,34.0000,9.8400
1,3,0,7,4,44,228,16,23400,15023,2,12,0.2200,1.0000,3.9000,34.0000,9.8400
1,3,1,11,7,51,228,16,23400,15023,2,12,0.2200,1.0000,3.9000,34.0000,9.8400
1,3,1,10,2,47,50,4,23400,23760,14,12,0.2200,1.0000,3.9000,34.0000,9.8400
1,3,1,8,3,52,160,3,23400,75506,5,12,0.2200,1.0000,3.9000,34.0000,9.8400
1,3,1,11,3,51,160,3,23400,75506,4,12,0.2200,1.0000,3.9000,34.0000,9.8400
1,3,1,11,4,51,187,3,23400,75506,18,12,0.2200,1.0000,3.9000,34.0000,9.8400
1,3,1,2,2,24,70,14,23400,62105,1,12,0.2200,1.0000,3.9000,34.0000,9.8400
1,3,1,9,2,46,160,3,23400,75506,2,12,0.2200,1.0000,3.9000,34.0000,9.8400
1,3,1,9,3,46,70,14,23400,62105,1,12,0.2200,1.0000,3.9000,34.0000,9.8400
1,3,1,14,3,75,70,14,23400,62105,1,12,0.2200,1.0000,3.9000,34.0000,9.8400
1,3,1,5,3,37,70,14,23400,62105,1,12,0.2200,1.0000,3.9000,34.0000,9.8400
1,3,1,7,3,44,70,14,23400,62105,1,12,0.2200,1.0000,3.9000,34.0000,9.8400
1,3,1,9,3,46,187,3,23400,75506,18,12,0.2200,1.0000,3.9000,34.0000,9.8400
1,3,1,12,1,36,50,14,23400,62105,16,12,0.2200,1.0000,3.9000,34.0000,9.8400
1,3,0,12,3,36,50,14,23400,62105,5,12,0.2200,1.0000,3.9000,34.0000,9.8400
1,3,1,7,2,44,50,14,23400,62105,17,12,0.2200,1.0000,3.9000,34.0000,9.8400
1,3,1,11,3,51,160,3,23400,75506,6,12,0.2200,1.0000,3.9000,34.0000,9.8400
1,3,1,12,5,36,172,3,23400,75506,9,12,0.2200,1.0000,3.9000,34.0000,9.8400
1,3,1,7,2,44,76,4,23400,23760,2,12,0.2200,1.0000,3.9000,34.0000,9.8400
1,3,1,11,3,51,76,4,23400,23760,3,12,0.2200,1.0000,3.9000,34.0000,9.8400
1,3,1,8,3,52,66,14,23400,62105,14,12,0.2200,1.0000,3.9000,34.0000,9.8400
1,3,1,16,2,39,129,14,23400,62105,11,12,0.2200,1.0000,3.9000,34.0000,9.8400
1,3,1,5,4,37,129,14,23400,62105,11,12,0.2200,1.0000,3.9000,34.0000,9.8400
1,3,1,18,1,28,66,14,23400,62105,13,12,0.2200,1.0000,3.9000,34.0000,9.8400
1,3,1,13,3,40,50,14,23400,62105,14,12,0.2200,1.0000,3.9000,34.0000,9.8400
1,3,1,13,6,40,66,14,23400,62105,14,12,0.2200,1.0000,3.9000,34.0000,9.8400
1,3,1,14,3,75,50,14,23400,62105,17,12,0.2200,1.0000,3.9000,34.0000,9.8400
1,3,0,14,3,75,66,14,23400,62105,14,12,0.2200,1.0000,3.9000,34.0000,9.8400
1,3,1,13,2,40,128,3,23400,75506,6,12,0.2200,1.0000,3.9000,34.0000,9.8400
1,3,1,7,3,44,187,3,23400,75506,4,12,0.2200,1.0000,3.9000,34.0000,9.8400
1,3,1,16,6,39,187,3,23400,75506,6,12,0.2200,1.0000,3.9000,34.0000,9.8400
1,3,1,18,4,28,181,3,23400,75506,2,12,0.2200,1.0000,3.9000,34.0000,9.8400
1,3,1,14,7,75,181,3,23400,75506,3,12,0.2200,1.0000,3.9000,34.0000,9.8400
1,3,0,13,5,40,173,17,23400,46218,5,12,0.2200,1.0000,3.9000,34.0000,9.8400
1,3,0,11,4,51,173,17,23400,46218,6,12,0.2200,1.0000,3.9000,34.0000,9.8400
1,3,0,15,2,57,124,17,23400,46218,21,12,0.2200,1.0000,3.9000,34.0000,9.8400
1,3,1,13,7,40,173,17,23400,46218,5,12,0.2200,1.0000,3.9000,34.0000,9.8400
1,3,0,8,2,52,50,4,23400,23760,15,12,0.2200,1.0000,3.9000,34.0000,9.8400
1,3,0,14,3,75,154,17,23400,46218,19,12,0.2200,1.0000,3.9000,34.0000,9.8400
1,3,1,7,5,44,154,17,23400,46218,20,12,0.2200,1.0000,3.9000,34.0000,9.8400
1,3,1,11,1,51,120,17,23400,46218,18,12,0.2200,1.0000,3.9000,34.0000,9.8400
1,3,0,13,5,40,216,17,23400,46218,18,12,0.2200,1.0000,3.9000,34.0000,9.8400
1,3,1,17,1,26,173,17,23400,46218,10,12,0.2200,1.0000,3.9000,34.0000,9.8400
1,3,0,14,5,75,154,17,23400,46218,14,12,0.2200,1.0000,3.9000,34.0000,9.8400
1,3,1,7,5,44,154,17,23400,46218,20,12,0.2200,1.0000,3.9000,34.0000,9.8400
1,3,0,10,3,47,173,17,23400,46218,4,12,0.2200,1.0000,3.9000,34.0000,9.8400
1,3,0,8,7,52,142,17,23400,46218,18,12,0.2200,1.0000,3.9000,34.0000,9.8400
1,3,1,13,8,40,216,17,23400,46218,18,12,0.2200,1.0000,3.9000,34.0000,9.8400
1,3,1,15,4,57,120,17,23400,46218,17,12,0.2200,1.0000,3.9000,34.0000,9.8400
1,3,0,13,4,40,142,17,23400,46218,18,12,0.2200,1.0000,3.9000,34.0000,9.8400
1,3,0,10,4,47,173,17,23400,46218,5,12,0.2200,1.0000,3.9000,34.0000,9.8400
1,3,1,17,1,26,142,17,23400,46218,18,12,0.2200,1.0000,3.9000,34.0000,9.8400
1,3,0,16,7,39,173,17,23400,46218,7,12,0.2200,1.0000,3.9000,34.0000,9.8400
1,3,1,16,8,39,154,17,23400,46218,19,12,0.2200,1.0000,3.9000,34.0000,9.8400
1,3,1,11,7,51,154,17,23400,46218,18,12,0.2200,1.0000,3.9000,34.0000,9.8400
1,3,0,11,4,51,173,17,23400,46218,4,12,0.2200,1.0000,3.9000,34.0000,9.8400
1,3,0,15,6,57,173,17,23400,46218,5,12,0.2200,1.0000,3.9000,34.0000,9.8400
1,3,0,12,2,36,173,17,23400,46218,11,12,0.2200,1.0000,3.9000,34.0000,9.8400
1,3,1,10,3,47,120,17,23400,46218,12,12,0.2200,1.0000,3.9000,34.0000,9.8400
1,3,1,14,3,75,120,17,23400,46218,21,12,0.2200,1.0000,3.9000,34.0000,9.8400
1,3,0,14,3,75,154,17,23400,46218,19,12,0.2200,1.0000,3.9000,34.0000,9.8400
1,3,1,14,3,75,142,17,23400,46218,18,12,0.2200,1.0000,3.9000,34.0000,9.8400
1,3,0,14,3,75,173,17,23400,46218,7,12,0.2200,1.0000,3.9000,34.0000,9.8400
1,3,1,17,2,26,154,17,23400,46218,9,12,0.2200,1.0000,3.9000,34.0000,9.8400
1,3,1,10,2,47,154,17,23400,46218,19,12,0.2200,1.0000,3.9000,34.0000,9.8400
1,3,0,12,4,36,173,17,23400,46218,5,12,0.2200,1.0000,3.9000,34.0000,9.8400
1,3,0,14,4,75,120,17,23400,46218,18,12,0.2200,1.0000,3.9000,34.0000,9.8400
1,3,1,9,3,46,160,3,23400,75506,19,12,0.2200,1.0000,3.9000,34.0000,9.8400
1,3,1,10,3,47,160,3,23400,75506,2,12,0.2200,1.0000,3.9000,34.0000,9.8400
1,3,1,9,2,46,160,3,23400,75506,19,12,0.2200,1.0000,3.9000,34.0000,9.8400
1,3,1,11,3,51,160,3,23400,75506,3,12,0.2200,1.0000,3.9000,34.0000,9.8400
1,3,1,13,3,40,172,3,23400,75506,9,12,0.2200,1.0000,3.9000,34.0000,9.8400
1,3,0,14,3,75,187,3,23400,75506,10,12,0.2200,1.0000,3.9000,34.0000,9.8400
1,3,1,16,7,39,172,3,23400,75506,9,12,0.2200,1.0000,3.9000,34.0000,9.8400
1,3,1,14,3,75,129,4,23400,23760,11,12,0.2200,1.0000,3.9000,34.0000,9.8400
1,3,1,7,1,44,76,4,23400,23760,2,12,0.2200,1.0000,3.9000,34.0000,9.8400
1,3,1,6,3,55,76,8,23400,19857,12,12,0.2200,1.0000,3.9000,34.0000,9.8400
1,3,0,16,1,39,50,4,23400,23760,14,12,0.2200,1.0000,3.9000,34.0000,9.8400
1,3,1,11,2,51,76,4,23400,23760,2,12,0.2200,1.0000,3.9000,34.0000,9.8400
1,3,1,6,2,55,50,4,23400,23760,14,12,0.2200,1.0000,3.9000,34.0000,9.8400
1,3,1,15,2,57,129,5,23400,12231,11,12,0.2200,1.0000,3.9000,34.0000,9.8400
1,3,0,12,3,36,76,4,23400,23760,4,12,0.2200,1.0000,3.9000,34.0000,9.8400
1,3,0,12,2,36,129,4,23400,23760,11,12,0.2200,1.0000,3.9000,34.0000,9.8400
1,3,1,14,3,75,129,5,23400,12231,11,12,0.2200,1.0000,3.9000,34.0000,9.8400
1,3,1,11,3,51,70,13,23400,24623,13,12,0.2200,1.0000,3.9000,34.0000,9.8400
1,3,1,10,3,47,70,13,23400,24623,14,12,0.2200,1.0000,3.9000,34.0000,9.8400
1,3,1,9,2,46,70,13,23400,24623,15,12,0.2200,1.0000,3.9000,34.0000,9.8400
1,3,1,9,2,46,76,13,23400,24623,2,12,0.2200,1.0000,3.9000,34.0000,9.8400
1,3,1,7,2,44,76,13,23400,24623,2,12,0.2200,1.0000,3.9000,34.0000,9.8400
1,3,1,8,3,52,76,13,23400,24623,4,12,0.2200,1.0000,3.9000,34.0000,9.8400
1,3,1,6,2,55,70,13,23400,24623,14,12,0.2200,1.0000,3.9000,34.0000,9.8400
1,3,1,13,7,40,132,7,23400,73508,17,12,0.2200,1.0000,3.9000,34.0000,9.8400
1,3,1,9,6,46,132,7,23400,73508,17,12,0.2200,1.0000,3.9000,34.0000,9.8400
1,3,0,14,3,75,187,3,23400,75506,10,12,0.2200,1.0000,3.9000,34.0000,9.8400
1,3,0,13,6,40,187,3,23400,75506,18,12,0.2200,1.0000,3.9000,34.0000,9.8400
1,3,1,14,3,75,50,5,23400,12231,18,12,0.2200,1.0000,3.9000,34.0000,9.8400
1,3,1,8,3,52,129,7,23400,73508,11,12,0.2200,1.0000,3.9000,34.0000,9.8400
1,3,1,7,3,44,129,7,23400,73508,11,12,0.2200,1.0000,3.9000,34.0000,9.8400
1,3,1,15,2,57,50,5,23400,12231,19,12,0.2200,1.0000,3.9000,34.0000,9.8400
1,3,1,11,2,51,158,7,23400,73508,21,12,0.2200,1.0000,3.9000,34.0000,9.8400
1,3,1,11,3,51,187,3,23400,75506,7,12,0.2200,1.0000,3.9000,34.0000,9.8400
1,3,0,9,2,46,110,7,23400,73508,17,12,0.2200,1.0000,3.9000,34.0000,9.8400
1,3,1,8,3,52,129,5,23400,12231,11,12,0.2200,1.0000,3.9000,34.0000,9.8400
1,3,1,9,2,46,76,4,23400,23760,1,12,0.2200,1.0000,3.9000,34.0000,9.8400
1,3,0,11,5,51,160,3,23400,75506,7,12,0.2200,1.0000,3.9000,34.0000,9.8400
1,3,1,9,7,46,160,3,23400,75506,7,12,0.2200,1.0000,3.9000,34.0000,9.8400
1,3,1,10,5,47,160,3,23400,75506,20,12,0.2200,1.0000,3.9000,34.0000,9.8400
1,3,1,13,8,40,172,3,23400,75506,9,12,0.2200,1.0000,3.9000,34.0000,9.8400
1,3,1,11,1,51,50,5,23400,12231,20,12,0.2200,1.0000,3.9000,34.0000,9.8400
1,3,1,6,4,55,150,9,23400,9496,14,12,0.2200,1.0000,3.9000,34.0000,9.8400
1,3,1,18,7,28,186,9,23400,9496,1,12,0.2200,1.0000,3.9000,34.0000,9.8400
1,3,1,10,4,47,129,5,23400,12231,11,12,0.2200,1.0000,3.9000,34.0000,9.8400
1,3,1,14,2,75,76,4,23400,23760,3,12,0.2200,1.0000,3.9000,34.0000,9.8400
1,3,1,13,3,40,182,16,23400,15023,2,12,0.2200,1.0000,3.9000,34.0000,9.8400
1,3,0,11,1,51,50,4,23400,23760,14,12,0.2200,1.0000,3.9000,34.0000,9.8400
1,3,1,14,5,75,160,3,23400,75506,6,12,0.2200,1.0000,3.9000,34.0000,9.8400
1,3,1,11,4,51,172,3,23400,75506,9,12,0.2200,1.0000,3.9000,34.0000,9.8400
1,3,1,8,5,52,128,3,23400,75506,4,12,0.2200,1.0000,3.9000,34.0000,9.8400
1,3,1,14,3,75,160,3,23400,75506,4,12,0.2200,1.0000,3.9000,34.0000,9.8400
1,3,1,11,4,51,160,3,23400,75506,18,12,0.2200,1.0000,3.9000,34.0000,9.8400
1,3,1,16,7,39,181,3,23400,75506,2,12,0.2200,1.0000,3.9000,34.0000,9.8400
1,3,1,8,1,52,50,5,23400,12231,20,12,0.2200,1.0000,3.9000,34.0000,9.8400
1,3,1,16,4,39,187,3,23400,75506,10,12,0.2200,1.0000,3.9000,34.0000,9.8400
1,3,0,12,1,36,50,5,23400,12231,17,12,0.2200,1.0000,3.9000,34.0000,9.8400
1,3,0,14,1,75,50,4,23400,23760,15,12,0.2200,1.0000,3.9000,34.0000,9.8400
1,3,1,12,2,36,50,4,23400,23760,15,12,0.2200,1.0000,3.9000,34.0000,9.8400
1,3,0,14,2,75,50,4,23400,23760,15,12,0.2200,1.0000,3.9000,34.0000,9.8400
1,3,1,4,1,48,50,4,23400,23760,15,12,0.2200,1.0000,3.9000,34.0000,9.8400
1,3,1,8,2,52,50,4,23400,23760,15,12,0.2200,1.0000,3.9000,34.0000,9.8400
1,3,1,15,2,57,50,4,23400,23760,15,12,0.2200,1.0000,3.9000,34.0000,9.8400
1,3,1,11,4,51,76,4,23400,23760,2,12,0.2200,1.0000,3.9000,34.0000,9.8400
1,3,0,8,1,52,50,4,23400,23760,15,12,0.2200,1.0000,3.9000,34.0000,9.8400
1,3,1,10,1,47,50,4,23400,23760,14,12,0.2200,1.0000,3.9000,34.0000,9.8400
1,3,1,9,1,46,129,4,23400,23760,11,12,0.2200,1.0000,3.9000,34.0000,9.8400
1,3,1,10,1,47,50,14,23400,62105,16,12,0.2200,1.0000,3.9000,34.0000,9.8400
1,3,1,10,1,47,50,14,23400,62105,17,12,0.2200,1.0000,3.9000,34.0000,9.8400
1,3,1,11,2,51,76,4,23400,23760,4,12,0.2200,1.0000,3.9000,34.0000,9.8400
1,3,1,13,2,40,65,4,23400,23760,8,12,0.2200,1.0000,3.9000,34.0000,9.8400
1,3,1,15,3,57,70,14,23400,62105,1,12,0.2200,1.0000,3.9000,34.0000,9.8400
1,3,1,17,2,26,50,5,23400,12231,18,12,0.2200,1.0000,3.9000,34.0000,9.8400
1,3,1,12,4,36,178,16,23400,15023,8,12,0.2200,1.0000,3.9000,34.0000,9.8400
1,3,1,11,1,51,65,4,23400,23760,9,12,0.2200,1.0000,3.9000,34.0000,9.8400
1,3,1,10,1,47,129,14,23400,62105,11,12,0.2200,1.0000,3.9000,34.0000,9.8400
1,3,1,12,2,36,66,14,23400,62105,15,12,0.2200,1.0000,3.9000,34.0000,9.8400
1,3,1,16,2,39,66,14,23400,62105,14,12,0.2200,1.0000,3.9000,34.0000,9.8400
1,3,1,9,6,46,66,14,23400,62105,13,12,0.2200,1.0000,3.9000,34.0000,9.8400
1,3,1,14,1,75,50,14,23400,62105,18,12,0.2200,1.0000,3.9000,34.0000,9.8400
1,3,1,11,1,51,129,14,23400,62105,11,12,0.2200,1.0000,3.9000,34.0000,9.8400
1,3,1,9,3,46,66,14,23400,62105,14,12,0.2200,1.0000,3.9000,34.0000,9.8400
1,3,1,14,1,75,66,14,23400,62105,15,12,0.2200,1.0000,3.9000,34.0000,9.8400
1,3,1,14,6,75,76,14,23400,62105,12,12,0.2200,1.0000,3.9000,34.0000,9.8400
1,3,1,13,1,40,70,13,23400,24623,14,12,0.2200,1.0000,3.9000,34.0000,9.8400
1,3,0,14,2,75,160,3,23400,75506,2,12,0.2200,1.0000,3.9000,34.0000,9.8400
1,3,0,15,3,57,129,5,23400,12231,11,12,0.2200,1.0000,3.9000,34.0000,9.8400
1,3,0,16,4,39,160,3,23400,75506,4,12,0.2200,1.0000,3.9000,34.0000,9.8400
1,3,1,11,3,51,160,3,23400,75506,5,12,0.2200,1.0000,3.9000,34.0000,9.8400
1,3,1,12,3,36,110,7,23400,73508,19,12,0.2200,1.0000,3.9000,34.0000,9.8400
1,3,0,16,4,39,160,3,23400,75506,3,12,0.2200,1.0000,3.9000,34.0000,9.8400
1,3,1,12,3,36,149,7,23400,73508,27,12,0.2200,1.0000,3.9000,34.0000,9.8400
1,3,1,13,3,40,110,7,23400,73508,20,12,0.2200,1.0000,3.9000,34.0000,9.8400
1,3,1,15,3,57,160,3,23400,75506,2,12,0.2200,1.0000,3.9000,34.0000,9.8400
1,3,1,13,3,40,76,13,23400,24623,4,12,0.2200,1.0000,3.9000,34.0000,9.8400
1,3,1,8,3,52,76,13,23400,24623,4,12,0.2200,1.0000,3.9000,34.0000,9.8400
1,3,1,12,3,36,70,13,23400,24623,14,12,0.2200,1.0000,3.9000,34.0000,9.8400
1,3,0,9,1,46,76,13,23400,24623,2,12,0.2200,1.0000,3.9000,34.0000,9.8400
1,3,1,11,2,51,70,13,23400,24623,15,12,0.2200,1.0000,3.9000,34.0000,9.8400
1,3,0,14,3,75,70,13,23400,24623,15,12,0.2200,1.0000,3.9000,34.0000,9.8400
1,3,1,10,3,47,76,13,23400,24623,2,12,0.2200,1.0000,3.9000,34.0000,9.8400
1,3,1,12,3,36,76,13,23400,24623,4,12,0.2200,1.0000,3.9000,34.0000,9.8400
1,3,0,11,1,51,70,13,23400,24623,15,12,0.2200,1.0000,3.9000,34.0000,9.8400
1,3,1,12,3,36,160,3,23400,75506,3,12,0.2200,1.0000,3.9000,34.0000,9.8400
1,3,1,12,4,36,160,3,23400,75506,19,12,0.2200,1.0000,3.9000,34.0000,9.8400
1,3,1,7,2,44,50,8,23400,19857,15,12,0.2200,1.0000,3.9000,34.0000,9.8400
1,3,0,14,2,75,50,4,23400,23760,14,12,0.2200,1.0000,3.9000,34.0000,9.8400
1,3,1,8,2,52,50,4,23400,23760,15,12,0.2200,1.0000,3.9000,34.0000,9.8400
1,3,1,11,4,51,76,4,23400,23760,3,12,0.2200,1.0000,3.9000,34.0000,9.8400
1,3,1,14,2,75,160,3,23400,75506,6,12,0.2200,1.0000,3.9000,34.0000,9.8400
1,3,1,16,2,39,160,3,23400,75506,20,12,0.2200,1.0000,3.9000,34.0000,9.8400
1,3,1,14,5,75,160,3,23400,75506,6,12,0.2200,1.0000,3.9000,34.0000,9.8400
1,3,1,16,2,39,76,4,23400,23760,2,12,0.2200,1.0000,3.9000,34.0000,9.8400
1,3,1,16,5,39,160,3,23400,75506,6,12,0.2200,1.0000,3.9000,34.0000,9.8400
1,3,1,11,2,51,50,4,23400,23760,14,12,0.2200,1.0000,3.9000,34.0000,9.8400
1,3,1,10,3,47,50,5,23400,12231,18,12,0.2200,1.0000,3.9000,34.0000,9.8400
1,3,1,8,3,52,76,4,23400,23760,2,12,0.2200,1.0000,3.9000,34.0000,9.8400
1,3,1,16,4,39,172,3,23400,75506,10,12,0.2200,1.0000,3.9000,34.0000,9.8400
1,3,1,12,7,36,160,3,23400,75506,19,12,0.2200,1.0000,3.9000,34.0000,9.8400
1,3,0,13,2,40,65,4,23400,23760,8,12,0.2200,1.0000,3.9000,34.0000,9.8400
1,3,0,14,2,75,129,4,23400,23760,11,12,0.2200,1.0000,3.9000,34.0000,9.8400
1,3,1,10,1,47,50,4,23400,23760,15,12,0.2200,1.0000,3.9000,34.0000,9.8400
1,3,1,14,3,75,129,4,23400,23760,11,12,0.2200,1.0000,3.9000,34.0000,9.8400
1,3,1,14,3,75,160,3,23400,75506,4,12,0.2200,1.0000,3.9000,34.0000,9.8400
1,3,0,16,1,39,50,4,23400,23760,15,12,0.2200,1.0000,3.9000,34.0000,9.8400
1,3,1,14,1,75,128,3,23400,75506,6,12,0.2200,1.0000,3.9000,34.0000,9.8400
1,3,1,16,3,39,178,16,23400,15023,7,12,0.2200,1.0000,3.9000,34.0000,9.8400
1,3,0,14,4,75,129,5,23400,12231,11,12,0.2200,1.0000,3.9000,34.0000,9.8400
1,3,0,18,3,28,160,3,23400,75506,6,12,0.2200,1.0000,3.9000,34.0000,9.8400
1,3,0,14,5,75,160,3,23400,75506,2,12,0.2200,1.0000,3.9000,34.0000,9.8400
1,3,0,16,3,39,76,4,23400,23760,3,12,0.2200,1.0000,3.9000,34.0000,9.8400
1,3,0,18,1,28,50,4,23400,23760,14,12,0.2200,1.0000,3.9000,34.0000,9.8400
1,3,0,14,3,75,76,4,23400,23760,2,12,0.2200,1.0000,3.9000,34.0000,9.8400
1,3,1,11,3,51,50,4,23400,23760,14,12,0.2200,1.0000,3.9000,34.0000,9.8400
1,3,1,10,4,47,100,11,23400,23463,9,12,0.2200,1.0000,3.9000,34.0000,9.8400
1,3,1,13,1,40,76,14,23400,62105,4,12,0.2200,1.0000,3.9000,34.0000,9.8400
1,3,1,14,3,75,76,14,23400,62105,5,12,0.2200,1.0000,3.9000,34.0000,9.8400
1,3,0,11,4,51,142,17,23400,46218,19,12,0.2200,1.0000,3.9000,34.0000,9.8400
1,3,0,15,5,57,142,17,23400,46218,23,12,0.2200,1.0000,3.9000,34.0000,9.8400
1,3,1,14,2,75,76,14,23400,62105,3,12,0.2200,1.0000,3.9000,34.0000,9.8400
1,3,1,15,6,57,76,14,23400,62105,3,12,0.2200,1.0000,3.9000,34.0000,9.8400
1,3,0,12,2,36,76,14,23400,62105,4,12,0.2200,1.0000,3.9000,34.0000,9.8400
1,3,0,15,6,57,142,17,23400,46218,17,12,0.2200,1.0000,3.9000,34.0000,9.8400
1,3,1,16,7,39,160,3,23400,75506,2,12,0.2200,1.0000,3.9000,34.0000,9.8400
1,3,0,14,4,75,154,17,23400,46218,19,12,0.2200,1.0000,3.9000,34.0000,9.8400
1,3,1,15,4,57,50,14,23400,62105,18,12,0.2200,1.0000,3.9000,34.0000,9.8400
1,3,1,14,3,75,142,17,23400,46218,18,12,0.2200,1.0000,3.9000,34.0000,9.8400
1,3,1,17,2,26,154,17,23400,46218,20,12,0.2200,1.0000,3.9000,34.0000,9.8400
1,3,1,16,5,39,120,17,23400,46218,22,12,0.2200,1.0000,3.9000,34.0000,9.8400
1,3,1,12,2,36,120,17,23400,46218,12,12,0.2200,1.0000,3.9000,34.0000,9.8400
1,3,0,15,3,57,142,17,23400,46218,24,12,0.2200,1.0000,3.9000,34.0000,9.8400
1,3,0,15,4,57,142,17,23400,46218,19,12,0.2200,1.0000,3.9000,34.0000,9.8400
1,3,1,12,7,36,154,17,23400,46218,9,12,0.2200,1.0000,3.9000,34.0000,9.8400
1,3,1,15,2,57,120,17,23400,46218,19,12,0.2200,1.0000,3.9000,34.0000,9.8400
1,3,0,15,7,57,173,17,23400,46218,5,12,0.2200,1.0000,3.9000,34.0000,9.8400
1,3,1,10,4,47,173,17,23400,46218,5,12,0.2200,1.0000,3.9000,34.0000,9.8400
1,3,0,17,8,26,154,17,23400,46218,3,12,0.2200,1.0000,3.9000,34.0000,9.8400
1,3,0,14,4,75,120,17,23400,46218,18,12,0.2200,1.0000,3.9000,34.0000,9.8400
1,3,1,17,2,26,173,17,23400,46218,7,12,0.2200,1.0000,3.9000,34.0000,9.8400
1,3,1,17,3,26,124,17,23400,46218,20,12,0.2200,1.0000,3.9000,34.0000,9.8400
1,3,1,13,4,40,173,17,23400,46218,10,12,0.2200,1.0000,3.9000,34.0000,9.8400
1,3,1,14,2,75,124,17,23400,46218,17,12,0.2200,1.0000,3.9000,34.0000,9.8400
1,3,1,10,3,47,50,14,23400,62105,17,12,0.2200,1.0000,3.9000,34.0000,9.8400
1,3,0,15,1,57,50,14,23400,62105,19,12,0.2200,1.0000,3.9000,34.0000,9.8400
1,3,1,12,8,36,173,17,23400,46218,6,12,0.2200,1.0000,3.9000,34.0000,9.8400
1,3,1,15,3,57,120,17,23400,46218,12,12,0.2200,1.0000,3.9000,34.0000,9.8400
1,3,1,11,3,51,124,17,23400,46218,20,12,0.2200,1.0000,3.9000,34.0000,9.8400
1,3,1,11,1,51,50,14,23400,62105,16,12,0.2200,1.0000,3.9000,34.0000,9.8400
1,3,0,8,3,52,124,17,23400,46218,20,12,0.2200,1.0000,3.9000,34.0000,9.8400
1,3,0,15,7,57,173,17,23400,46218,5,12,0.2200,1.0000,3.9000,34.0000,9.8400
1,3,0,15,6,57,76,14,23400,62105,4,12,0.2200,1.0000,3.9000,34.0000,9.8400
1,3,1,12,3,36,173,17,23400,46218,7,12,0.2200,1.0000,3.9000,34.0000,9.8400
1,3,1,15,2,57,154,17,23400,46218,19,12,0.2200,1.0000,3.9000,34.0000,9.8400
1,3,1,14,3,75,142,17,23400,46218,25,12,0.2200,1.0000,3.9000,34.0000,9.8400
1,3,0,16,4,39,154,17,23400,46218,15,12,0.2200,1.0000,3.9000,34.0000,9.8400
1,3,0,17,2,26,173,17,23400,46218,7,12,0.2200,1.0000,3.9000,34.0000,9.8400
1,3,1,15,2,57,120,17,23400,46218,12,12,0.2200,1.0000,3.9000,34.0000,9.8400
1,3,1,10,3,47,76,4,23400,23760,1,12,0.2200,1.0000,3.9000,34.0000,9.8400
1,3,1,12,1,36,50,4,23400,23760,15,12,0.2200,1.0000,3.9000,34.0000,9.8400
1,3,0,18,4,28,160,3,23400,75506,6,12,0.2200,1.0000,3.9000,34.0000,9.8400
1,3,1,14,4,75,160,3,23400,75506,2,12,0.2200,1.0000,3.9000,34.0000,9.8400
1,3,1,15,1,57,50,14,23400,62105,9,12,0.2200,1.0000,3.9000,34.0000,9.8400
1,3,1,13,1,40,110,7,23400,73508,18,12,0.2200,1.0000,3.9000,34.0000,9.8400
1,3,0,14,2,75,76,13,23400,24623,2,12,0.2200,1.0000,3.9000,34.0000,9.8400
1,3,1,14,3,75,76,8,23400,19857,11,12,0.2200,1.0000,3.9000,34.0000,9.8400
1,3,1,13,2,40,76,13,23400,24623,4,12,0.2200,1.0000,3.9000,34.0000,9.8400
1,3,1,10,4,47,70,13,23400,24623,13,12,0.2200,1.0000,3.9000,34.0000,9.8400
1,3,1,13,4,40,150,9,23400,9496,14,12,0.2200,1.0000,3.9000,34.0000,9.8400
1,3,1,14,5,75,228,16,23400,15023,2,12,0.2200,1.0000,3.9000,34.0000,9.8400
1,3,1,14,3,75,160,3,23400,75506,19,12,0.2200,1.0000,3.9000,34.0000,9.8400
1,3,1,14,5,75,160,3,23400,75506,3,12,0.2200,1.0000,3.9000,34.0000,9.8400
1,3,1,16,2,39,129,4,23400,23760,11,12,0.2200,1.0000,3.9000,34.0000,9.8400
1,3,1,18,1,28,128,3,23400,75506,6,12,0.2200,1.0000,3.9000,34.0000,9.8400
1,3,0,17,3,26,173,17,23400,46218,7,12,0.2200,1.0000,3.9000,34.0000,9.8400
1,3,0,17,2,26,142,17,23400,46218,25,12,0.2200,1.0000,3.9000,34.0000,9.8400
1,3,1,15,2,57,154,17,23400,46218,19,12,0.2200,1.0000,3.9000,34.0000,9.8400
1,3,1,17,3,26,142,17,23400,46218,20,12,0.2200,1.0000,3.9000,34.0000,9.8400
1,3,1,11,3,51,76,4,23400,23760,2,12,0.2200,1.0000,3.9000,34.0000,9.8400
1,3,1,11,2,51,50,4,23400,23760,15,12,0.2200,1.0000,3.9000,34.0000,9.8400
1,3,0,18,2,28,160,3,23400,75506,2,12,0.2200,1.0000,3.9000,34.0000,9.8400
1,3,1,17,3,26,129,5,23400,12231,11,12,0.2200,1.0000,3.9000,34.0000,9.8400
1,3,1,15,2,57,76,4,23400,23760,2,12,0.2200,1.0000,3.9000,34.0000,9.8400
1,3,0,18,2,28,76,4,23400,23760,3,12,0.2200,1.0000,3.9000,34.0000,9.8400
1,3,0,18,2,28,50,4,23400,23760,14,12,0.2200,1.0000,3.9000,34.0000,9.8400
1,3,0,17,1,26,50,14,23400,62105,16,12,0.2200,1.0000,3.9000,34.0000,9.8400
1,3,1,10,2,47,50,14,23400,62105,17,12,0.2200,1.0000,3.9000,34.0000,9.8400
1,3,1,14,3,75,50,14,23400,62105,17,12,0.2200,1.0000,3.9000,34.0000,9.8400
1,3,1,13,3,40,70,14,23400,62105,1,12,0.2200,1.0000,3.9000,34.0000,9.8400
1,3,1,12,1,36,129,14,23400,62105,11,12,0.2200,1.0000,3.9000,34.0000,9.8400
1,3,1,18,2,28,129,4,23400,23760,11,12,0.2200,1.0000,3.9000,34.0000,9.8400
1,3,1,4,1,48,129,14,23400,62105,11,12,0.2200,1.0000,3.9000,34.0000,9.8400
1,3,0,18,2,28,160,3,23400,75506,4,12,0.2200,1.0000,3.9000,34.0000,9.8400
1,3,1,13,7,40,160,3,23400,75506,2,12,0.2200,1.0000,3.9000,34.0000,9.8400
1,3,1,14,3,75,160,3,23400,75506,5,12,0.2200,1.0000,3.9000,34.0000,9.8400
1,3,1,13,2,40,50,5,23400,12231,20,12,0.2200,1.0000,3.9000,34.0000,9.8400
1,3,1,14,3,75,76,4,23400,23760,2,12,0.2200,1.0000,3.9000,34.0000,9.8400
1,3,1,11,1,51,50,4,23400,23760,14,12,0.2200,1.0000,3.9000,34.0000,9.8400
1,3,1,13,2,40,110,7,23400,73508,18,12,0.2200,1.0000,3.9000,34.0000,9.8400
1,3,1,14,5,75,178,16,23400,15023,6,12,0.2200,1.0000,3.9000,34.0000,9.8400
1,3,1,16,3,39,110,7,23400,73508,18,12,0.2200,1.0000,3.9000,34.0000,9.8400
1,3,0,16,5,39,160,3,23400,75506,8,12,0.2200,1.0000,3.9000,34.0000,9.8400
1,3,1,15,1,57,50,4,23400,23760,14,12,0.2200,1.0000,3.9000,34.0000,9.8400
1,3,1,15,3,57,160,3,23400,75506,19,12,0.2200,1.0000,3.9000,34.0000,9.8400
1,3,1,15,3,57,65,4,23400,23760,9,12,0.2200,1.0000,3.9000,34.0000,9.8400
1,3,1,15,3,57,129,5,23400,12231,11,12,0.2200,1.0000,3.9000,34.0000,9.8400
1,3,0,16,1,39,50,4,23400,23760,15,12,0.2200,1.0000,3.9000,34.0000,9.8400
1,3,1,14,2,75,129,4,23400,23760,11,12,0.2200,1.0000,3.9000,34.0000,9.8400
1,3,0,18,3,28,50,4,23400,23760,14,12,0.2200,1.0000,3.9000,34.0000,9.8400
1,3,0,17,2,26,50,14,23400,62105,16,12,0.2200,1.0000,3.9000,34.0000,9.8400
1,3,1,14,2,75,50,14,23400,62105,16,12,0.2200,1.0000,3.9000,34.0000,9.8400
1,3,1,10,1,47,50,14,23400,62105,15,12,0.2200,1.0000,3.9000,34.0000,9.8400
1,3,0,18,1,28,50,4,23400,23760,14,12,0.2200,1.0000,3.9000,34.0000,9.8400
1,3,1,15,1,57,110,7,23400,73508,18,12,0.2200,1.0000,3.9000,34.0000,9.8400
1,3,1,15,5,57,142,17,23400,46218,19,12,0.2200,1.0000,3.9000,34.0000,9.8400
1,3,1,14,3,75,124,17,23400,46218,20,12,0.2200,1.0000,3.9000,34.0000,9.8400
1,3,1,16,3,39,76,4,23400,23760,4,12,0.2200,1.0000,3.9000,34.0000,9.8400
1,3,1,17,3,26,173,17,23400,46218,5,12,0.2200,1.0000,3.9000,34.0000,9.8400
1,3,0,18,1,28,50,4,23400,23760,15,12,0.2200,1.0000,3.9000,34.0000,9.8400
1,3,1,15,2,57,50,4,23400,23760,15,12,0.2200,1.0000,3.9000,34.0000,9.8400
1,3,0,18,1,28,50,4,23400,23760,15,12,0.2200,1.0000,3.9000,34.0000,9.8400
1,3,0,18,1,28,50,4,23400,23760,14,12,0.2200,1.0000,3.9000,34.0000,9.8400
1,3,1,9,1,46,50,4,23400,23760,15,12,0.2200,1.0000,3.9000,34.0000,9.8400
1,3,0,16,1,39,50,4,23400,23760,15,12,0.2200,1.0000,3.9000,34.0000,9.8400
1,3,1,17,2,26,65,4,23400,23760,8,12,0.2200,1.0000,3.9000,34.0000,9.8400
1,3,1,14,3,75,50,4,23400,23760,15,12,0.2200,1.0000,3.9000,34.0000,9.8400
1,3,1,12,1,36,50,4,23400,23760,15,12,0.2200,1.0000,3.9000,34.0000,9.8400
1,3,1,18,1,28,76,4,23400,23760,1,12,0.2200,1.0000,3.9000,34.0000,9.8400
1,3,0,16,1,39,50,4,23400,23760,14,12,0.2200,1.0000,3.9000,34.0000,9.8400
1,3,1,12,1,36,50,4,23400,23760,15,12,0.2200,1.0000,3.9000,34.0000,9.8400
1,3,1,15,2,57,50,5,23400,12231,18,12,0.2200,1.0000,3.9000,34.0000,9.8400
1,3,1,15,3,57,129,5,23400,12231,11,12,0.2200,1.0000,3.9000,34.0000,9.8400
1,3,1,17,2,26,160,3,23400,75506,5,12,0.2200,1.0000,3.9000,34.0000,9.8400
1,3,0,16,3,39,128,3,23400,75506,19,12,0.2200,1.0000,3.9000,34.0000,9.8400
1,3,1,15,2,57,158,7,23400,73508,22,12,0.2200,1.0000,3.9000,34.0000,9.8400
1,3,1,14,4,75,172,3,23400,75506,9,12,0.2200,1.0000,3.9000,34.0000,9.8400
1,3,1,14,3,75,129,7,23400,73508,11,12,0.2200,1.0000,3.9000,34.0000,9.8400
1,3,1,11,2,51,50,8,23400,19857,15,12,0.2200,1.0000,3.9000,34.0000,9.8400
1,3,1,14,3,75,100,11,23400,23463,12,12,0.2200,1.0000,3.9000,34.0000,9.8400
1,3,0,15,1,57,70,13,23400,24623,14,12,0.2200,1.0000,3.9000,34.0000,9.8400
1,3,0,17,1,26,76,13,23400,24623,2,12,0.2200,1.0000,3.9000,34.0000,9.8400
1,3,0,14,4,75,76,13,23400,24623,2,12,0.2200,1.0000,3.9000,34.0000,9.8400
1,3,1,18,2,28,66,14,23400,62105,13,12,0.2200,1.0000,3.9000,34.0000,9.8400
1,3,1,17,2,26,50,5,23400,12231,18,12,0.2200,1.0000,3.9000,34.0000,9.8400
1,3,1,18,2,28,76,4,23400,23760,3,12,0.2200,1.0000,3.9000,34.0000,9.8400
1,3,1,14,4,75,76,4,23400,23760,2,12,0.2200,1.0000,3.9000,34.0000,9.8400
1,3,0,16,2,39,50,4,23400,23760,14,12,0.2200,1.0000,3.9000,34.0000,9.8400
1,3,0,18,2,28,50,4,23400,23760,15,12,0.2200,1.0000,3.9000,34.0000,9.8400
1,3,0,18,1,28,70,6,23400,22418,15,12,0.2200,1.0000,3.9000,34.0000,9.8400
1,3,0,18,3,28,50,4,23400,23760,14,12,0.2200,1.0000,3.9000,34.0000,9.8400
1,3,1,9,3,46,70,14,23400,62105,1,12,0.2200,1.0000,3.9000,34.0000,9.8400
1,3,1,18,2,28,76,4,23400,23760,2,12,0.2200,1.0000,3.9000,34.0000,9.8400
1,3,1,18,2,28,66,14,23400,62105,15,12,0.2200,1.0000,3.9000,34.0000,9.8400
1,3,1,14,2,75,129,14,23400,62105,11,12,0.2200,1.0000,3.9000,34.0000,9.8400
1,3,1,11,2,51,50,5,23400,12231,17,12,0.2200,1.0000,3.9000,34.0000,9.8400
1,3,1,16,1,39,129,14,23400,62105,11,12,0.2200,1.0000,3.9000,34.0000,9.8400
1,3,1,15,3,57,66,14,23400,62105,14,12,0.2200,1.0000,3.9000,34.0000,9.8400
1,3,1,14,1,75,50,4,23400,23760,14,12,0.2200,1.0000,3.9000,34.0000,9.8400
1,3,1,15,3,57,129,7,23400,73508,11,12,0.2200,1.0000,3.9000,34.0000,9.8400
1,3,1,13,1,40,129,14,23400,62105,11,12,0.2200,1.0000,3.9000,34.0000,9.8400
1,3,0,18,3,28,50,14,23400,62105,18,12,0.2200,1.0000,3.9000,34.0000,9.8400
1,3,1,15,4,57,100,11,23400,23463,13,12,0.2200,1.0000,3.9000,34.0000,9.8400
1,3,0,16,2,39,50,4,23400,23760,15,12,0.2200,1.0000,3.9000,34.0000,9.8400
1,3,1,14,3,75,50,14,23400,62105,17,12,0.2200,1.0000,3.9000,34.0000,9.8400
1,3,1,17,2,26,50,14,23400,62105,17,12,0.2200,1.0000,3.9000,34.0000,9.8400
1,3,1,12,1,36,50,4,23400,23760,15,12,0.2200,1.0000,3.9000,34.0000,9.8400
1,3,0,16,1,39,50,4,23400,23760,15,12,0.2200,1.0000,3.9000,34.0000,9.8400
1,3,1,15,2,57,50,8,23400,19857,15,12,0.2200,1.0000,3.9000,34.0000,9.8400
1,3,1,18,1,28,129,14,23400,62105,11,12,0.2200,1.0000,3.9000,34.0000,9.8400
1,3,0,16,1,39,50,4,23400,23760,15,12,0.2200,1.0000,3.9000,34.0000,9.8400
1,5,0,3,3,14,157,7,7835,73508,21,49,0.0000,0.0000,0.0000,76.0000,7.3800
1,5,0,2,3,12,191,7,7835,73508,1,49,0.0000,0.0000,0.0000,76.0000,7.3800
1,5,0,4,3,19,191,7,7835,73508,1,49,0.0000,0.0000,0.0000,76.0000,7.3800
1,5,1,9,5,20,157,7,7835,73508,20,49,0.0000,0.0000,0.0000,76.0000,7.3800
1,5,0,3,5,14,157,7,7835,73508,17,49,0.0000,0.0000,0.0000,76.0000,7.3800
1,5,0,9,4,20,76,13,7835,24623,4,49,0.0000,0.0000,0.0000,76.0000,7.3800
1,5,0,4,2,19,76,13,7835,24623,5,49,0.0000,0.0000,0.0000,76.0000,7.3800
1,5,0,2,3,12,186,9,7835,9496,1,49,0.0000,0.0000,0.0000,76.0000,7.3800
1,5,0,9,5,20,172,3,7835,75506,2,49,0.0000,0.0000,0.0000,76.0000,7.3800
1,5,0,17,5,36,172,3,7835,75506,10,49,0.0000,0.0000,0.0000,76.0000,7.3800
1,5,0,4,4,19,160,3,7835,75506,19,49,0.0000,0.0000,0.0000,76.0000,7.3800
1,5,0,4,5,19,172,3,7835,75506,10,49,0.0000,0.0000,0.0000,76.0000,7.3800
1,5,0,2,8,12,160,3,7835,75506,6,49,0.0000,0.0000,0.0000,76.0000,7.3800
1,5,0,5,5,11,176,3,7835,75506,18,49,0.0000,0.0000,0.0000,76.0000,7.3800
1,5,0,8,5,14,273,3,7835,75506,19,49,0.0000,0.0000,0.0000,76.0000,7.3800
1,5,0,3,5,14,273,3,7835,75506,19,49,0.0000,0.0000,0.0000,76.0000,7.3800
1,5,0,6,1,12,172,3,7835,75506,2,49,0.0000,0.0000,0.0000,76.0000,7.3800
1,5,0,3,1,14,160,3,7835,75506,18,49,0.0000,0.0000,0.0000,76.0000,7.3800
1,5,0,2,5,12,160,3,7835,75506,3,49,0.0000,0.0000,0.0000,76.0000,7.3800
1,5,1,4,9,19,176,3,7835,75506,20,49,0.0000,0.0000,0.0000,76.0000,7.3800
1,5,0,13,3,15,128,3,7835,75506,5,49,0.0000,0.0000,0.0000,76.0000,7.3800
1,5,0,2,5,12,176,3,7835,75506,17,49,0.0000,0.0000,0.0000,76.0000,7.3800
1,5,1,9,5,20,160,3,7835,75506,7,49,0.0000,0.0000,0.0000,76.0000,7.3800
1,5,0,2,5,12,160,3,7835,75506,3,49,0.0000,0.0000,0.0000,76.0000,7.3800
1,5,0,3,5,14,209,3,7835,75506,25,49,0.0000,0.0000,0.0000,76.0000,7.3800
1,5,0,3,5,14,172,3,7835,75506,1,49,0.0000,0.0000,0.0000,76.0000,7.3800
1,5,1,13,5,15,129,3,7835,75506,11,49,0.0000,0.0000,0.0000,76.0000,7.3800
1,5,0,1,5,1,181,3,7835,75506,4,49,0.0000,0.0000,0.0000,76.0000,7.3800
1,5,0,4,10,19,181,3,7835,75506,4,49,0.0000,0.0000,0.0000,76.0000,7.3800
1,5,0,16,5,13,160,3,7835,75506,18,49,0.0000,0.0000,0.0000,76.0000,7.3800
1,5,0,9,6,20,160,3,7835,75506,20,49,0.0000,0.0000,0.0000,76.0000,7.3800
1,5,0,2,6,12,172,3,7835,75506,1,49,0.0000,0.0000,0.0000,76.0000,7.3800
1,5,0,13,1,15,160,3,7835,75506,6,49,0.0000,0.0000,0.0000,76.0000,7.3800
1,5,0,2,1,12,160,3,7835,75506,19,49,0.0000,0.0000,0.0000,76.0000,7.3800
1,5,0,3,5,14,128,3,7835,75506,18,49,0.0000,0.0000,0.0000,76.0000,7.3800
1,5,0,4,3,19,128,3,7835,75506,19,49,0.0000,0.0000,0.0000,76.0000,7.3800
1,5,0,3,5,14,191,7,7835,73508,1,49,0.0000,0.0000,0.0000,76.0000,7.3800
1,5,0,9,5,20,160,3,7835,75506,8,49,0.0000,0.0000,0.0000,76.0000,7.3800
1,5,0,3,7,14,172,3,7835,75506,1,49,0.0000,0.0000,0.0000,76.0000,7.3800
1,5,0,15,1,25,172,3,7835,75506,9,49,0.0000,0.0000,0.0000,76.0000,7.3800
1,5,0,4,4,19,173,17,7835,46218,17,49,0.0000,0.0000,0.0000,76.0000,7.3800
1,5,1,8,5,14,154,17,7835,46218,19,49,0.0000,0.0000,0.0000,76.0000,7.3800
1,5,0,3,5,14,142,17,7835,46218,21,49,0.0000,0.0000,0.0000,76.0000,7.3800
1,5,0,6,5,12,173,17,7835,46218,6,49,0.0000,0.0000,0.0000,76.0000,7.3800
1,5,0,2,4,12,128,3,7835,75506,5,49,0.0000,0.0000,0.0000,76.0000,7.3800
1,5,0,13,10,15,273,3,7835,75506,18,49,0.0000,0.0000,0.0000,76.0000,7.3800
1,5,0,12,5,14,160,3,7835,75506,3,49,0.0000,0.0000,0.0000,76.0000,7.3800
1,5,0,3,11,14,181,3,7835,75506,2,49,0.0000,0.0000,0.0000,76.0000,7.3800
1,5,0,17,1,36,172,3,7835,75506,1,49,0.0000,0.0000,0.0000,76.0000,7.3800
1,5,0,16,5,13,128,3,7835,75506,5,49,0.0000,0.0000,0.0000,76.0000,7.3800
1,5,0,9,1,20,172,3,7835,75506,1,49,0.0000,0.0000,0.0000,76.0000,7.3800
1,5,0,2,3,12,128,3,7835,75506,6,49,0.0000,0.0000,0.0000,76.0000,7.3800
1,5,0,16,1,13,128,3,7835,75506,4,49,0.0000,0.0000,0.0000,76.0000,7.3800
1,5,0,4,8,19,176,3,7835,75506,18,49,0.0000,0.0000,0.0000,76.0000,7.3800
1,5,0,15,1,25,128,3,7835,75506,6,49,0.0000,0.0000,0.0000,76.0000,7.3800
1,5,0,5,5,11,172,3,7835,75506,9,49,0.0000,0.0000,0.0000,76.0000,7.3800
1,5,0,15,10,25,160,3,7835,75506,8,49,0.0000,0.0000,0.0000,76.0000,7.3800
1,5,0,3,1,14,160,3,7835,75506,20,49,0.0000,0.0000,0.0000,76.0000,7.3800
1,5,0,3,5,14,160,3,7835,75506,7,49,0.0000,0.0000,0.0000,76.0000,7.3800
1,5,0,16,1,13,160,3,7835,75506,19,49,0.0000,0.0000,0.0000,76.0000,7.3800
1,5,0,5,3,11,160,3,7835,75506,3,49,0.0000,0.0000,0.0000,76.0000,7.3800
1,5,0,12,2,14,76,13,7835,24623,6,49,0.0000,0.0000,0.0000,76.0000,7.3800
1,5,0,2,5,12,76,13,7835,24623,6,49,0.0000,0.0000,0.0000,76.0000,7.3800
1,5,0,4,5,19,209,3,7835,75506,16,49,0.0000,0.0000,0.0000,76.0000,7.3800
1,5,0,8,5,14,172,3,7835,75506,1,49,0.0000,0.0000,0.0000,76.0000,7.3800
1,5,0,10,5,15,160,3,7835,75506,20,49,0.0000,0.0000,0.0000,76.0000,7.3800
1,5,0,16,5,13,160,3,7835,75506,7,49,0.0000,0.0000,0.0000,76.0000,7.3800
1,5,0,3,10,14,181,3,7835,75506,4,49,0.0000,0.0000,0.0000,76.0000,7.3800
1,5,0,9,8,20,172,3,7835,75506,9,49,0.0000,0.0000,0.0000,76.0000,7.3800
1,5,0,17,8,36,160,3,7835,75506,18,49,0.0000,0.0000,0.0000,76.0000,7.3800
1,5,0,2,2,12,50,4,7835,23760,14,49,0.0000,0.0000,0.0000,76.0000,7.3800
1,5,0,8,6,14,160,3,7835,75506,7,49,0.0000,0.0000,0.0000,76.0000,7.3800
1,5,0,8,5,14,172,3,7835,75506,10,49,0.0000,0.0000,0.0000,76.0000,7.3800
1,5,0,5,1,11,181,3,7835,75506,3,49,0.0000,0.0000,0.0000,76.0000,7.3800
1,5,0,4,3,19,176,3,7835,75506,18,49,0.0000,0.0000,0.0000,76.0000,7.3800
1,5,1,14,5,9,172,3,7835,75506,1,49,0.0000,0.0000,0.0000,76.0000,7.3800
1,5,1,16,7,13,160,3,7835,75506,7,49,0.0000,0.0000,0.0000,76.0000,7.3800
1,5,0,13,5,15,176,3,7835,75506,17,49,0.0000,0.0000,0.0000,76.0000,7.3800
1,5,0,4,4,19,50,4,7835,23760,15,49,0.0000,0.0000,0.0000,76.0000,7.3800
1,5,0,5,5,11,50,4,7835,23760,14,49,0.0000,0.0000,0.0000,76.0000,7.3800
1,5,0,10,5,15,76,13,7835,24623,5,49,0.0000,0.0000,0.0000,76.0000,7.3800
1,5,0,11,3,19,76,13,7835,24623,6,49,0.0000,0.0000,0.0000,76.0000,7.3800
1,5,0,4,7,19,76,13,7835,24623,5,49,0.0000,0.0000,0.0000,76.0000,7.3800
1,5,0,7,4,7,76,13,7835,24623,6,49,0.0000,0.0000,0.0000,76.0000,7.3800
1,5,0,15,5,25,172,3,7835,75506,10,49,0.0000,0.0000,0.0000,76.0000,7.3800
1,5,1,9,5,20,173,17,7835,46218,4,49,0.0000,0.0000,0.0000,76.0000,7.3800
1,5,0,9,4,20,142,17,7835,46218,19,49,0.0000,0.0000,0.0000,76.0000,7.3800
1,5,0,14,11,9,154,17,7835,46218,18,49,0.0000,0.0000,0.0000,76.0000,7.3800
1,5,0,7,5,7,169,17,7835,46218,25,49,0.0000,0.0000,0.0000,76.0000,7.3800
1,5,1,12,5,14,154,17,7835,46218,19,49,0.0000,0.0000,0.0000,76.0000,7.3800
1,5,1,10,7,15,154,17,7835,46218,13,49,0.0000,0.0000,0.0000,76.0000,7.3800
1,5,0,4,4,19,128,3,7835,75506,20,49,0.0000,0.0000,0.0000,76.0000,7.3800
1,5,0,5,4,11,76,13,7835,24623,5,49,0.0000,0.0000,0.0000,76.0000,7.3800
1,5,0,5,3,11,76,13,7835,24623,4,49,0.0000,0.0000,0.0000,76.0000,7.3800
1,5,0,17,6,36,76,13,7835,24623,5,49,0.0000,0.0000,0.0000,76.0000,7.3800
1,5,0,10,4,15,76,13,7835,24623,5,49,0.0000,0.0000,0.0000,76.0000,7.3800
1,5,0,4,5,19,76,13,7835,24623,6,49,0.0000,0.0000,0.0000,76.0000,7.3800
1,5,0,15,5,25,76,13,7835,24623,6,49,0.0000,0.0000,0.0000,76.0000,7.3800
1,5,0,16,3,13,160,3,7835,75506,19,49,0.0000,0.0000,0.0000,76.0000,7.3800
1,5,0,15,10,25,181,3,7835,75506,5,49,0.0000,0.0000,0.0000,76.0000,7.3800
1,5,1,7,5,7,160,3,7835,75506,6,49,0.0000,0.0000,0.0000,76.0000,7.3800
1,5,1,13,5,15,172,3,7835,75506,10,49,0.0000,0.0000,0.0000,76.0000,7.3800
1,5,0,11,5,19,172,3,7835,75506,10,49,0.0000,0.0000,0.0000,76.0000,7.3800
1,5,0,10,5,15,50,4,7835,23760,14,49,0.0000,0.0000,0.0000,76.0000,7.3800
1,5,0,6,2,12,50,4,7835,23760,14,49,0.0000,0.0000,0.0000,76.0000,7.3800
1,5,1,17,5,36,209,3,7835,75506,20,49,0.0000,0.0000,0.0000,76.0000,7.3800
1,5,0,10,2,15,50,4,7835,23760,15,49,0.0000,0.0000,0.0000,76.0000,7.3800
1,5,0,4,2,19,50,4,7835,23760,15,49,0.0000,0.0000,0.0000,76.0000,7.3800
1,5,0,16,5,13,128,3,7835,75506,6,49,0.0000,0.0000,0.0000,76.0000,7.3800
1,5,0,9,3,20,160,3,7835,75506,4,49,0.0000,0.0000,0.0000,76.0000,7.3800
1,5,0,14,9,9,160,3,7835,75506,18,49,0.0000,0.0000,0.0000,76.0000,7.3800
1,5,0,16,5,13,128,3,7835,75506,6,49,0.0000,0.0000,0.0000,76.0000,7.3800
1,5,1,8,5,14,176,3,7835,75506,18,49,0.0000,0.0000,0.0000,76.0000,7.3800
1,5,0,9,1,20,172,3,7835,75506,1,49,0.0000,0.0000,0.0000,76.0000,7.3800
1,5,0,4,3,19,172,3,7835,75506,9,49,0.0000,0.0000,0.0000,76.0000,7.3800
1,5,0,15,5,25,273,3,7835,75506,19,49,0.0000,0.0000,0.0000,76.0000,7.3800
1,5,0,9,5,20,129,3,7835,75506,11,49,0.0000,0.0000,0.0000,76.0000,7.3800
1,5,0,7,3,7,128,3,7835,75506,19,49,0.0000,0.0000,0.0000,76.0000,7.3800
1,5,0,15,4,25,172,3,7835,75506,1,49,0.0000,0.0000,0.0000,76.0000,7.3800
1,5,0,7,5,7,191,7,7835,73508,1,49,0.0000,0.0000,0.0000,76.0000,7.3800
1,5,1,8,5,14,157,7,7835,73508,21,49,0.0000,0.0000,0.0000,76.0000,7.3800
1,5,0,10,4,15,76,13,7835,24623,5,49,0.0000,0.0000,0.0000,76.0000,7.3800
1,5,0,8,1,14,76,13,7835,24623,4,49,0.0000,0.0000,0.0000,76.0000,7.3800
1,5,0,6,3,12,149,7,7835,73508,28,49,0.0000,0.0000,0.0000,76.0000,7.3800
1,5,0,14,11,9,160,3,7835,75506,7,49,0.0000,0.0000,0.0000,76.0000,7.3800
1,5,0,5,5,11,172,3,7835,75506,10,49,0.0000,0.0000,0.0000,76.0000,7.3800
1,5,0,6,5,12,172,3,7835,75506,10,49,0.0000,0.0000,0.0000,76.0000,7.3800
1,5,0,9,5,20,176,3,7835,75506,18,49,0.0000,0.0000,0.0000,76.0000,7.3800
1,5,0,11,4,19,160,3,7835,75506,6,49,0.0000,0.0000,0.0000,76.0000,7.3800
1,5,0,8,10,14,181,3,7835,75506,4,49,0.0000,0.0000,0.0000,76.0000,7.3800
1,5,0,10,4,15,160,3,7835,75506,18,49,0.0000,0.0000,0.0000,76.0000,7.3800
1,5,1,9,5,20,273,3,7835,75506,18,49,0.0000,0.0000,0.0000,76.0000,7.3800
1,5,0,15,3,25,172,3,7835,75506,9,49,0.0000,0.0000,0.0000,76.0000,7.3800
1,5,0,8,5,14,172,3,7835,75506,10,49,0.0000,0.0000,0.0000,76.0000,7.3800
1,5,0,4,4,19,172,3,7835,75506,9,49,0.0000,0.0000,0.0000,76.0000,7.3800
1,5,0,9,2,20,50,4,7835,23760,15,49,0.0000,0.0000,0.0000,76.0000,7.3800
1,5,0,6,5,12,50,4,7835,23760,14,49,0.0000,0.0000,0.0000,76.0000,7.3800
1,5,0,4,4,19,50,4,7835,23760,14,49,0.0000,0.0000,0.0000,76.0000,7.3800
1,5,0,8,4,14,187,3,7835,75506,8,49,0.0000,0.0000,0.0000,76.0000,7.3800
1,5,0,12,5,14,181,3,7835,75506,3,49,0.0000,0.0000,0.0000,76.0000,7.3800
1,5,0,6,5,12,172,3,7835,75506,9,49,0.0000,0.0000,0.0000,76.0000,7.3800
1,5,0,15,5,25,172,3,7835,75506,1,49,0.0000,0.0000,0.0000,76.0000,7.3800
1,5,0,6,3,12,160,3,7835,75506,4,49,0.0000,0.0000,0.0000,76.0000,7.3800
1,5,0,5,6,11,181,3,7835,75506,3,49,0.0000,0.0000,0.0000,76.0000,7.3800
1,5,1,6,5,12,186,9,7835,9496,2,49,0.0000,0.0000,0.0000,76.0000,7.3800
1,5,0,17,10,36,172,3,7835,75506,2,49,0.0000,0.0000,0.0000,76.0000,7.3800
1,5,0,13,6,15,172,3,7835,75506,1,49,0.0000,0.0000,0.0000,76.0000,7.3800
1,5,0,5,4,11,50,4,7835,23760,15,49,0.0000,0.0000,0.0000,76.0000,7.3800
1,5,0,5,5,11,129,4,7835,23760,11,49,0.0000,0.0000,0.0000,76.0000,7.3800
1,5,0,6,5,12,160,3,7835,75506,19,49,0.0000,0.0000,0.0000,76.0000,7.3800
1,5,0,17,5,36,128,3,7835,75506,6,49,0.0000,0.0000,0.0000,76.0000,7.3800
1,5,1,15,5,25,128,3,7835,75506,5,49,0.0000,0.0000,0.0000,76.0000,7.3800
1,5,0,8,5,14,172,3,7835,75506,1,49,0.0000,0.0000,0.0000,76.0000,7.3800
1,5,0,6,4,12,160,3,7835,75506,5,49,0.0000,0.0000,0.0000,76.0000,7.3800
1,5,1,17,5,36,176,3,7835,75506,18,49,0.0000,0.0000,0.0000,76.0000,7.3800
1,5,0,6,5,12,160,3,7835,75506,8,49,0.0000,0.0000,0.0000,76.0000,7.3800
1,5,0,7,5,7,181,3,7835,75506,4,49,0.0000,0.0000,0.0000,76.0000,7.3800
1,5,1,11,1,19,160,3,7835,75506,19,49,0.0000,0.0000,0.0000,76.0000,7.3800
1,5,0,10,4,15,50,4,7835,23760,14,49,0.0000,0.0000,0.0000,76.0000,7.3800
1,5,0,12,4,14,173,17,7835,46218,17,49,0.0000,0.0000,0.0000,76.0000,7.3800
1,5,1,11,1,19,160,3,7835,75506,18,49,0.0000,0.0000,0.0000,76.0000,7.3800
1,5,0,15,6,25,172,3,7835,75506,1,49,0.0000,0.0000,0.0000,76.0000,7.3800
1,5,1,14,5,9,154,17,7835,46218,18,49,0.0000,0.0000,0.0000,76.0000,7.3800
1,5,0,9,4,20,142,17,7835,46218,17,49,0.0000,0.0000,0.0000,76.0000,7.3800
1,5,0,9,3,20,157,7,7835,73508,21,49,0.0000,0.0000,0.0000,76.0000,7.3800
1,5,0,8,5,14,157,7,7835,73508,27,49,0.0000,0.0000,0.0000,76.0000,7.3800
1,5,0,10,7,15,157,7,7835,73508,20,49,0.0000,0.0000,0.0000,76.0000,7.3800
1,5,0,14,7,9,157,7,7835,73508,20,49,0.0000,0.0000,0.0000,76.0000,7.3800
1,5,1,11,5,19,191,7,7835,73508,1,49,0.0000,0.0000,0.0000,76.0000,7.3800
1,5,0,7,3,7,129,7,7835,73508,11,49,0.0000,0.0000,0.0000,76.0000,7.3800
1,5,0,8,3,14,149,7,7835,73508,27,49,0.0000,0.0000,0.0000,76.0000,7.3800
1,5,0,11,5,19,132,7,7835,73508,17,49,0.0000,0.0000,0.0000,76.0000,7.3800
1,5,0,12,4,14,76,13,7835,24623,5,49,0.0000,0.0000,0.0000,76.0000,7.3800
1,5,0,17,4,36,76,13,7835,24623,6,49,0.0000,0.0000,0.0000,76.0000,7.3800
1,5,0,17,1,36,76,13,7835,24623,4,49,0.0000,0.0000,0.0000,76.0000,7.3800
1,5,0,13,3,15,187,3,7835,75506,5,49,0.0000,0.0000,0.0000,76.0000,7.3800
1,5,0,10,10,15,181,3,7835,75506,3,49,0.0000,0.0000,0.0000,76.0000,7.3800
1,5,0,17,11,36,181,3,7835,75506,2,49,0.0000,0.0000,0.0000,76.0000,7.3800
1,5,0,17,7,36,160,3,7835,75506,6,49,0.0000,0.0000,0.0000,76.0000,7.3800
1,5,0,15,5,25,160,3,7835,75506,19,49,0.0000,0.0000,0.0000,76.0000,7.3800
1,5,1,11,4,19,172,3,7835,75506,10,49,0.0000,0.0000,0.0000,76.0000,7.3800
1,5,0,9,4,20,128,3,7835,75506,21,49,0.0000,0.0000,0.0000,76.0000,7.3800
1,5,0,15,7,25,172,3,7835,75506,1,49,0.0000,0.0000,0.0000,76.0000,7.3800
1,5,0,11,5,19,172,3,7835,75506,2,49,0.0000,0.0000,0.0000,76.0000,7.3800
1,5,0,11,3,19,160,3,7835,75506,7,49,0.0000,0.0000,0.0000,76.0000,7.3800
1,5,0,18,3,5,172,3,7835,75506,10,49,0.0000,0.0000,0.0000,76.0000,7.3800
1,5,0,12,3,14,172,3,7835,75506,10,49,0.0000,0.0000,0.0000,76.0000,7.3800
1,5,0,13,9,15,176,3,7835,75506,18,49,0.0000,0.0000,0.0000,76.0000,7.3800
1,5,0,13,5,15,160,3,7835,75506,2,49,0.0000,0.0000,0.0000,76.0000,7.3800
1,5,0,17,4,36,160,3,7835,75506,3,49,0.0000,0.0000,0.0000,76.0000,7.3800
1,5,1,10,5,15,160,3,7835,75506,3,49,0.0000,0.0000,0.0000,76.0000,7.3800
1,5,0,17,3,36,160,3,7835,75506,8,49,0.0000,0.0000,0.0000,76.0000,7.3800
1,5,0,13,5,15,172,3,7835,75506,1,49,0.0000,0.0000,0.0000,76.0000,7.3800
1,5,0,11,3,19,128,3,7835,75506,19,49,0.0000,0.0000,0.0000,76.0000,7.3800
1,5,0,17,3,36,160,3,7835,75506,6,49,0.0000,0.0000,0.0000,76.0000,7.3800
1,5,0,13,4,15,187,3,7835,75506,7,49,0.0000,0.0000,0.0000,76.0000,7.3800
1,5,0,12,5,14,176,3,7835,75506,17,49,0.0000,0.0000,0.0000,76.0000,7.3800
1,5,0,15,5,25,209,3,7835,75506,16,49,0.0000,0.0000,0.0000,76.0000,7.3800
1,5,1,10,6,15,76,13,7835,24623,6,49,0.0000,0.0000,0.0000,76.0000,7.3800
1,5,0,15,4,25,50,4,7835,23760,14,49,0.0000,0.0000,0.0000,76.0000,7.3800
1,5,0,15,3,25,50,4,7835,23760,15,49,0.0000,0.0000,0.0000,76.0000,7.3800
1,5,0,17,3,36,187,3,7835,75506,18,49,0.0000,0.0000,0.0000,76.0000,7.3800
1,5,0,15,11,25,181,3,7835,75506,3,49,0.0000,0.0000,0.0000,76.0000,7.3800
1,5,0,16,5,13,172,3,7835,75506,9,49,0.0000,0.0000,0.0000,76.0000,7.3800
1,5,0,15,11,25,181,3,7835,75506,4,49,0.0000,0.0000,0.0000,76.0000,7.3800
1,5,0,11,5,19,128,3,7835,75506,14,49,0.0000,0.0000,0.0000,76.0000,7.3800
1,5,0,9,2,20,50,4,7835,23760,15,49,0.0000,0.0000,0.0000,76.0000,7.3800
1,5,0,12,3,14,50,4,7835,23760,14,49,0.0000,0.0000,0.0000,76.0000,7.3800
1,5,0,10,5,15,50,4,7835,23760,14,49,0.0000,0.0000,0.0000,76.0000,7.3800
1,5,0,17,3,36,50,4,7835,23760,14,49,0.0000,0.0000,0.0000,76.0000,7.3800
1,5,0,11,3,19,50,4,7835,23760,15,49,0.0000,0.0000,0.0000,76.0000,7.3800
1,5,0,11,4,19,128,3,7835,75506,20,49,0.0000,0.0000,0.0000,76.0000,7.3800
1,5,0,12,3,14,129,4,7835,23760,11,49,0.0000,0.0000,0.0000,76.0000,7.3800
1,5,0,12,5,14,160,3,7835,75506,4,49,0.0000,0.0000,0.0000,76.0000,7.3800
1,5,0,11,2,19,50,4,7835,23760,14,49,0.0000,0.0000,0.0000,76.0000,7.3800
1,5,0,15,3,25,187,3,7835,75506,8,49,0.0000,0.0000,0.0000,76.0000,7.3800
1,5,1,17,6,36,172,3,7835,75506,1,49,0.0000,0.0000,0.0000,76.0000,7.3800
1,5,0,17,4,36,76,13,7835,24623,5,49,0.0000,0.0000,0.0000,76.0000,7.3800
1,5,0,16,5,13,172,3,7835,75506,10,49,0.0000,0.0000,0.0000,76.0000,7.3800
1,5,0,17,4,36,76,13,7835,24623,5,49,0.0000,0.0000,0.0000,76.0000,7.3800
1,5,0,17,5,36,176,3,7835,75506,18,49,0.0000,0.0000,0.0000,76.0000,7.3800
1,5,0,11,4,19,76,13,7835,24623,5,49,0.0000,0.0000,0.0000,76.0000,7.3800
1,5,0,12,5,14,158,7,7835,73508,23,49,0.0000,0.0000,0.0000,76.0000,7.3800
1,5,0,15,5,25,157,7,7835,73508,26,49,0.0000,0.0000,0.0000,76.0000,7.3800
1,5,0,17,6,36,76,13,7835,24623,5,49,0.0000,0.0000,0.0000,76.0000,7.3800
1,5,0,13,2,15,50,4,7835,23760,15,49,0.0000,0.0000,0.0000,76.0000,7.3800
1,5,0,17,3,36,160,3,7835,75506,18,49,0.0000,0.0000,0.0000,76.0000,7.3800
1,5,0,11,1,19,76,13,7835,24623,6,49,0.0000,0.0000,0.0000,76.0000,7.3800
1,5,0,12,3,14,50,4,7835,23760,15,49,0.0000,0.0000,0.0000,76.0000,7.3800
1,5,0,17,4,36,160,3,7835,75506,6,49,0.0000,0.0000,0.0000,76.0000,7.3800
1,5,0,14,5,9,172,3,7835,75506,10,49,0.0000,0.0000,0.0000,76.0000,7.3800
1,5,0,11,4,19,76,13,7835,24623,4,49,0.0000,0.0000,0.0000,76.0000,7.3800
1,5,0,10,1,15,76,13,7835,24623,4,49,0.0000,0.0000,0.0000,76.0000,7.3800
1,5,0,18,2,5,76,13,7835,24623,5,49,0.0000,0.0000,0.0000,76.0000,7.3800
1,5,0,15,3,25,157,7,7835,73508,27,49,0.0000,0.0000,0.0000,76.0000,7.3800
1,5,0,15,5,25,157,7,7835,73508,21,49,0.0000,0.0000,0.0000,76.0000,7.3800
1,5,1,12,3,14,149,7,7835,73508,28,49,0.0000,0.0000,0.0000,76.0000,7.3800
1,5,0,14,3,9,149,7,7835,73508,27,49,0.0000,0.0000,0.0000,76.0000,7.3800
1,5,0,11,3,19,149,7,7835,73508,27,49,0.0000,0.0000,0.0000,76.0000,7.3800
1,5,0,18,7,5,180,9,7835,9496,11,49,0.0000,0.0000,0.0000,76.0000,7.3800
1,5,1,14,5,9,180,9,7835,9496,8,49,0.0000,0.0000,0.0000,76.0000,7.3800
1,5,1,17,4,36,160,3,7835,75506,3,49,0.0000,0.0000,0.0000,76.0000,7.3800
1,5,0,17,5,36,172,3,7835,75506,10,49,0.0000,0.0000,0.0000,76.0000,7.3800
1,5,0,17,4,36,128,3,7835,75506,19,49,0.0000,0.0000,0.0000,76.0000,7.3800
1,5,0,17,3,36,50,4,7835,23760,14,49,0.0000,0.0000,0.0000,76.0000,7.3800
1,5,0,17,1,36,128,3,7835,75506,21,49,0.0000,0.0000,0.0000,76.0000,7.3800
1,5,0,17,4,36,50,4,7835,23760,14,49,0.0000,0.0000,0.0000,76.0000,7.3800
1,5,0,13,1,15,76,13,7835,24623,4,49,0.0000,0.0000,0.0000,76.0000,7.3800
1,5,0,16,5,13,76,13,7835,24623,5,49,0.0000,0.0000,0.0000,76.0000,7.3800
1,5,1,18,4,5,160,3,7835,75506,4,49,0.0000,0.0000,0.0000,76.0000,7.3800
1,5,0,15,4,25,50,4,7835,23760,14,49,0.0000,0.0000,0.0000,76.0000,7.3800
1,5,0,17,2,36,76,13,7835,24623,4,49,0.0000,0.0000,0.0000,76.0000,7.3800
1,5,0,17,5,36,50,4,7835,23760,15,49,0.0000,0.0000,0.0000,76.0000,7.3800
1,5,0,15,5,25,76,13,7835,24623,6,49,0.0000,0.0000,0.0000,76.0000,7.3800
1,5,0,13,2,15,50,4,7835,23760,15,49,0.0000,0.0000,0.0000,76.0000,7.3800
1,5,0,17,3,36,76,13,7835,24623,5,49,0.0000,0.0000,0.0000,76.0000,7.3800
1,5,0,17,2,36,50,4,7835,23760,14,49,0.0000,0.0000,0.0000,76.0000,7.3800
1,5,0,18,2,5,129,4,7835,23760,11,49,0.0000,0.0000,0.0000,76.0000,7.3800
1,5,0,17,2,36,50,4,7835,23760,15,49,0.0000,0.0000,0.0000,76.0000,7.3800
1,5,0,17,3,36,50,4,7835,23760,15,49,0.0000,0.0000,0.0000,76.0000,7.3800
1,5,0,16,1,13,76,13,7835,24623,4,49,0.0000,0.0000,0.0000,76.0000,7.3800
1,3,0,3,4,7,66,14,2327,62105,10,24,0.3200,4.4000,5.9000,28.0000,11.4100
1,3,1,4,4,3,76,14,2327,62105,3,24,0.3200,4.4000,5.9000,28.0000,11.4100
1,3,0,2,5,9,230,9,2327,9496,3,24,0.3200,4.4000,5.9000,28.0000,11.4100
1,3,1,2,3,9,90,6,2327,22418,3,24,0.3200,4.4000,5.9000,28.0000,11.4100
1,3,0,2,4,9,140,3,2327,75506,20,24,0.3200,4.4000,5.9000,28.0000,11.4100
1,3,0,2,2,9,158,7,2327,73508,23,24,0.3200,4.4000,5.9000,28.0000,11.4100
1,3,0,2,3,9,143,15,2327,107363,17,24,0.3200,4.4000,5.9000,28.0000,11.4100
1,3,0,1,4,3,143,15,2327,107363,19,24,0.3200,4.4000,5.9000,28.0000,11.4100
1,3,0,2,5,9,175,15,2327,107363,2,24,0.3200,4.4000,5.9000,28.0000,11.4100
1,3,1,3,7,7,175,15,2327,107363,2,24,0.3200,4.4000,5.9000,28.0000,11.4100
1,3,0,2,5,9,143,15,2327,107363,12,24,0.3200,4.4000,5.9000,28.0000,11.4100
1,3,0,3,5,7,175,15,2327,107363,1,24,0.3200,4.4000,5.9000,28.0000,11.4100
1,3,1,3,4,7,70,14,2327,62105,1,24,0.3200,4.4000,5.9000,28.0000,11.4100
1,3,1,3,7,7,76,14,2327,62105,3,24,0.3200,4.4000,5.9000,28.0000,11.4100
1,3,1,2,1,9,66,14,2327,62105,17,24,0.3200,4.4000,5.9000,28.0000,11.4100
1,3,1,5,3,4,70,14,2327,62105,1,24,0.3200,4.4000,5.9000,28.0000,11.4100
1,3,1,3,3,7,70,14,2327,62105,1,24,0.3200,4.4000,5.9000,28.0000,11.4100
1,3,1,1,3,3,90,6,2327,22418,3,24,0.3200,4.4000,5.9000,28.0000,11.4100
1,3,0,2,6,9,128,3,2327,75506,20,24,0.3200,4.4000,5.9000,28.0000,11.4100
1,3,1,9,1,6,110,7,2327,73508,17,24,0.3200,4.4000,5.9000,28.0000,11.4100
1,3,1,1,3,3,158,7,2327,73508,22,24,0.3200,4.4000,5.9000,28.0000,11.4100
1,3,0,3,3,7,180,7,2327,73508,5,24,0.3200,4.4000,5.9000,28.0000,11.4100
1,3,1,5,1,4,129,14,2327,62105,11,24,0.3200,4.4000,5.9000,28.0000,11.4100
1,3,1,12,1,4,50,14,2327,62105,17,24,0.3200,4.4000,5.9000,28.0000,11.4100
1,3,0,4,6,3,143,15,2327,107363,17,24,0.3200,4.4000,5.9000,28.0000,11.4100
1,3,0,4,2,3,143,15,2327,107363,19,24,0.3200,4.4000,5.9000,28.0000,11.4100
1,3,0,15,7,6,181,1,2327,20315,2,24,0.3200,4.4000,5.9000,28.0000,11.4100
1,3,1,9,3,6,50,6,2327,22418,15,24,0.3200,4.4000,5.9000,28.0000,11.4100
1,3,1,6,3,5,70,14,2327,62105,1,24,0.3200,4.4000,5.9000,28.0000,11.4100
1,3,1,9,3,6,70,14,2327,62105,1,24,0.3200,4.4000,5.9000,28.0000,11.4100
1,3,0,13,6,8,128,3,2327,75506,19,24,0.3200,4.4000,5.9000,28.0000,11.4100
1,3,1,7,3,3,129,5,2327,12231,11,24,0.3200,4.4000,5.9000,28.0000,11.4100
1,3,0,5,4,4,76,4,2327,23760,3,24,0.3200,4.4000,5.9000,28.0000,11.4100
1,3,1,9,3,6,129,5,2327,12231,11,24,0.3200,4.4000,5.9000,28.0000,11.4100
1,3,0,11,4,6,76,12,2327,17869,5,24,0.3200,4.4000,5.9000,28.0000,11.4100
1,3,0,7,2,3,110,7,2327,73508,18,24,0.3200,4.4000,5.9000,28.0000,11.4100
1,3,0,5,2,4,180,7,2327,73508,1,24,0.3200,4.4000,5.9000,28.0000,11.4100
1,3,0,6,3,5,158,7,2327,73508,24,24,0.3200,4.4000,5.9000,28.0000,11.4100
1,3,0,8,3,3,158,7,2327,73508,23,24,0.3200,4.4000,5.9000,28.0000,11.4100
1,3,0,11,2,6,180,7,2327,73508,1,24,0.3200,4.4000,5.9000,28.0000,11.4100
1,3,0,12,6,4,175,15,2327,107363,5,24,0.3200,4.4000,5.9000,28.0000,11.4100
1,3,0,8,5,3,143,15,2327,107363,19,24,0.3200,4.4000,5.9000,28.0000,11.4100
1,3,0,6,2,5,143,15,2327,107363,13,24,0.3200,4.4000,5.9000,28.0000,11.4100
1,3,0,11,3,6,175,15,2327,107363,2,24,0.3200,4.4000,5.9000,28.0000,11.4100
1,3,0,13,3,8,143,15,2327,107363,8,24,0.3200,4.4000,5.9000,28.0000,11.4100
1,3,0,7,7,3,143,15,2327,107363,15,24,0.3200,4.4000,5.9000,28.0000,11.4100
1,3,0,6,2,5,143,15,2327,107363,18,24,0.3200,4.4000,5.9000,28.0000,11.4100
1,3,1,14,4,8,175,15,2327,107363,4,24,0.3200,4.4000,5.9000,28.0000,11.4100
1,3,0,6,5,5,143,15,2327,107363,15,24,0.3200,4.4000,5.9000,28.0000,11.4100
1,3,0,9,4,6,143,15,2327,107363,19,24,0.3200,4.4000,5.9000,28.0000,11.4100
1,3,0,10,5,1,230,9,2327,9496,2,24,0.3200,4.4000,5.9000,28.0000,11.4100
1,3,0,14,7,8,186,9,2327,9496,2,24,0.3200,4.4000,5.9000,28.0000,11.4100
1,3,1,15,4,6,70,14,2327,62105,1,24,0.3200,4.4000,5.9000,28.0000,11.4100
1,3,1,14,1,8,129,5,2327,12231,11,24,0.3200,4.4000,5.9000,28.0000,11.4100
1,3,0,15,5,6,175,15,2327,107363,5,24,0.3200,4.4000,5.9000,28.0000,11.4100
1,3,0,8,5,3,143,15,2327,107363,14,24,0.3200,4.4000,5.9000,28.0000,11.4100
1,3,0,13,5,8,143,15,2327,107363,20,24,0.3200,4.4000,5.9000,28.0000,11.4100
1,3,1,12,2,4,143,15,2327,107363,12,24,0.3200,4.4000,5.9000,28.0000,11.4100
1,3,0,14,7,8,175,15,2327,107363,2,24,0.3200,4.4000,5.9000,28.0000,11.4100
1,3,1,13,3,8,158,7,2327,73508,23,24,0.3200,4.4000,5.9000,28.0000,11.4100
1,3,1,13,1,8,50,5,2327,12231,20,24,0.3200,4.4000,5.9000,28.0000,11.4100
1,3,0,12,3,4,90,6,2327,22418,4,24,0.3200,4.4000,5.9000,28.0000,11.4100
1,3,0,11,4,6,143,15,2327,107363,8,24,0.3200,4.4000,5.9000,28.0000,11.4100
1,3,0,15,2,6,143,15,2327,107363,12,24,0.3200,4.4000,5.9000,28.0000,11.4100
1,3,1,14,2,8,143,15,2327,107363,19,24,0.3200,4.4000,5.9000,28.0000,11.4100
1,3,0,15,4,6,180,9,2327,9496,3,24,0.3200,4.4000,5.9000,28.0000,11.4100
1,3,1,13,3,8,70,14,2327,62105,1,24,0.3200,4.4000,5.9000,28.0000,11.4100
1,3,0,14,4,8,140,3,2327,75506,22,24,0.3200,4.4000,5.9000,28.0000,11.4100
1,3,0,13,1,8,158,7,2327,73508,23,24,0.3200,4.4000,5.9000,28.0000,11.4100
1,3,0,11,3,6,158,7,2327,73508,21,24,0.3200,4.4000,5.9000,28.0000,11.4100
1,3,1,13,2,8,158,7,2327,73508,24,24,0.3200,4.4000,5.9000,28.0000,11.4100
1,3,0,16,2,1,180,7,2327,73508,1,24,0.3200,4.4000,5.9000,28.0000,11.4100
1,3,1,9,4,6,143,15,2327,107363,21,24,0.3200,4.4000,5.9000,28.0000,11.4100
1,3,0,15,3,6,143,15,2327,107363,17,24,0.3200,4.4000,5.9000,28.0000,11.4100
1,3,1,11,3,6,143,15,2327,107363,16,24,0.3200,4.4000,5.9000,28.0000,11.4100
1,3,0,14,2,8,143,15,2327,107363,20,24,0.3200,4.4000,5.9000,28.0000,11.4100
1,3,0,14,3,8,90,6,2327,22418,4,24,0.3200,4.4000,5.9000,28.0000,11.4100
1,5,0,3,9,24,160,7,6506,73508,19,89,0.0000,0.0000,0.0000,74.0000,6.7100
1,5,0,3,2,24,180,7,6506,73508,4,89,0.0000,0.0000,0.0000,74.0000,6.7100
1,5,0,4,2,13,199,7,6506,73508,28,89,0.0000,0.0000,0.0000,74.0000,6.7100
1,5,0,3,8,24,160,7,6506,73508,18,89,0.0000,0.0000,0.0000,74.0000,6.7100
1,5,0,2,2,13,191,7,6506,73508,2,89,0.0000,0.0000,0.0000,74.0000,6.7100
1,5,0,4,4,13,180,7,6506,73508,1,89,0.0000,0.0000,0.0000,74.0000,6.7100
1,5,0,3,5,24,157,7,6506,73508,16,89,0.0000,0.0000,0.0000,74.0000,6.7100
1,5,0,3,6,24,199,7,6506,73508,23,89,0.0000,0.0000,0.0000,74.0000,6.7100
1,5,0,3,4,24,175,15,6506,107363,5,89,0.0000,0.0000,0.0000,74.0000,6.7100
1,5,0,6,2,17,175,15,6506,107363,7,89,0.0000,0.0000,0.0000,74.0000,6.7100
1,5,0,2,4,13,175,15,6506,107363,2,89,0.0000,0.0000,0.0000,74.0000,6.7100
1,5,0,3,5,24,143,15,6506,107363,15,89,0.0000,0.0000,0.0000,74.0000,6.7100
1,5,0,2,5,13,143,15,6506,107363,13,89,0.0000,0.0000,0.0000,74.0000,6.7100
1,5,0,3,9,24,175,15,6506,107363,4,89,0.0000,0.0000,0.0000,74.0000,6.7100
1,5,0,2,4,13,175,15,6506,107363,5,89,0.0000,0.0000,0.0000,74.0000,6.7100
1,5,0,3,1,24,143,15,6506,107363,11,89,0.0000,0.0000,0.0000,74.0000,6.7100
1,5,0,2,7,13,175,15,6506,107363,1,89,0.0000,0.0000,0.0000,74.0000,6.7100
1,5,0,12,4,11,143,15,6506,107363,18,89,0.0000,0.0000,0.0000,74.0000,6.7100
1,5,0,2,4,13,175,15,6506,107363,3,89,0.0000,0.0000,0.0000,74.0000,6.7100
1,5,0,3,5,24,175,15,6506,107363,7,89,0.0000,0.0000,0.0000,74.0000,6.7100
1,5,0,2,2,13,143,15,6506,107363,15,89,0.0000,0.0000,0.0000,74.0000,6.7100
1,5,0,3,5,24,143,15,6506,107363,17,89,0.0000,0.0000,0.0000,74.0000,6.7100
1,5,0,3,5,24,180,9,6506,9496,8,89,0.0000,0.0000,0.0000,74.0000,6.7100
1,5,0,3,2,24,186,9,6506,9496,1,89,0.0000,0.0000,0.0000,74.0000,6.7100
1,5,0,1,5,2,172,3,6506,75506,9,89,0.0000,0.0000,0.0000,74.0000,6.7100
1,5,0,3,1,24,160,3,6506,75506,18,89,0.0000,0.0000,0.0000,74.0000,6.7100
1,5,0,3,4,24,181,3,6506,75506,4,89,0.0000,0.0000,0.0000,74.0000,6.7100
1,5,0,3,5,24,160,3,6506,75506,3,89,0.0000,0.0000,0.0000,74.0000,6.7100
1,5,0,2,8,13,150,3,6506,75506,20,89,0.0000,0.0000,0.0000,74.0000,6.7100
1,5,0,4,5,13,150,11,6506,23463,14,89,0.0000,0.0000,0.0000,74.0000,6.7100
1,5,0,3,5,24,129,11,6506,23463,11,89,0.0000,0.0000,0.0000,74.0000,6.7100
1,5,0,3,8,24,178,16,6506,15023,5,89,0.0000,0.0000,0.0000,74.0000,6.7100
1,5,0,2,4,13,181,3,6506,75506,3,89,0.0000,0.0000,0.0000,74.0000,6.7100
1,5,0,2,1,13,128,3,6506,75506,20,89,0.0000,0.0000,0.0000,74.0000,6.7100
1,5,0,3,3,24,150,3,6506,75506,9,89,0.0000,0.0000,0.0000,74.0000,6.7100
1,5,1,4,5,13,157,7,6506,73508,21,89,0.0000,0.0000,0.0000,74.0000,6.7100
1,5,0,13,11,14,181,1,6506,20315,2,89,0.0000,0.0000,0.0000,74.0000,6.7100
1,5,0,3,4,24,173,17,6506,46218,10,89,0.0000,0.0000,0.0000,74.0000,6.7100
1,5,0,3,4,24,173,17,6506,46218,3,89,0.0000,0.0000,0.0000,74.0000,6.7100
1,5,0,5,4,11,142,17,6506,46218,25,89,0.0000,0.0000,0.0000,74.0000,6.7100
1,5,0,4,10,13,154,17,6506,46218,15,89,0.0000,0.0000,0.0000,74.0000,6.7100
1,5,0,4,7,13,173,17,6506,46218,11,89,0.0000,0.0000,0.0000,74.0000,6.7100
1,5,0,3,5,24,173,17,6506,46218,4,89,0.0000,0.0000,0.0000,74.0000,6.7100
1,5,0,5,4,11,154,17,6506,46218,18,89,0.0000,0.0000,0.0000,74.0000,6.7100
1,5,0,5,4,11,154,17,6506,46218,20,89,0.0000,0.0000,0.0000,74.0000,6.7100
1,5,0,2,1,13,145,16,6506,15023,13,89,0.0000,0.0000,0.0000,74.0000,6.7100
1,5,0,3,4,24,178,16,6506,15023,8,89,0.0000,0.0000,0.0000,74.0000,6.7100
1,5,0,4,3,13,187,3,6506,75506,5,89,0.0000,0.0000,0.0000,74.0000,6.7100
1,5,0,4,4,13,187,3,6506,75506,7,89,0.0000,0.0000,0.0000,74.0000,6.7100
1,5,0,1,3,2,128,3,6506,75506,21,89,0.0000,0.0000,0.0000,74.0000,6.7100
1,5,0,2,4,13,150,3,6506,75506,20,89,0.0000,0.0000,0.0000,74.0000,6.7100
1,5,0,4,4,13,128,3,6506,75506,20,89,0.0000,0.0000,0.0000,74.0000,6.7100
1,5,1,7,5,11,157,7,6506,73508,27,89,0.0000,0.0000,0.0000,74.0000,6.7100
1,5,0,8,4,15,157,7,6506,73508,26,89,0.0000,0.0000,0.0000,74.0000,6.7100
1,5,0,13,4,14,172,3,6506,75506,9,89,0.0000,0.0000,0.0000,74.0000,6.7100
1,5,0,9,4,13,173,17,6506,46218,4,89,0.0000,0.0000,0.0000,74.0000,6.7100
1,5,0,15,4,17,169,17,6506,46218,21,89,0.0000,0.0000,0.0000,74.0000,6.7100
1,5,0,7,4,11,173,17,6506,46218,18,89,0.0000,0.0000,0.0000,74.0000,6.7100
1,5,1,9,4,13,154,17,6506,46218,21,89,0.0000,0.0000,0.0000,74.0000,6.7100
1,5,0,11,4,13,173,17,6506,46218,18,89,0.0000,0.0000,0.0000,74.0000,6.7100
1,5,1,16,4,13,150,11,6506,23463,16,89,0.0000,0.0000,0.0000,74.0000,6.7100
1,5,0,2,5,13,150,11,6506,23463,13,89,0.0000,0.0000,0.0000,74.0000,6.7100
1,5,0,5,5,11,100,11,6506,23463,13,89,0.0000,0.0000,0.0000,74.0000,6.7100
1,5,0,6,4,17,128,3,6506,75506,20,89,0.0000,0.0000,0.0000,74.0000,6.7100
1,5,0,6,5,17,150,11,6506,23463,15,89,0.0000,0.0000,0.0000,74.0000,6.7100
1,5,0,9,5,13,162,11,6506,23463,15,89,0.0000,0.0000,0.0000,74.0000,6.7100
1,5,0,15,5,17,129,11,6506,23463,11,89,0.0000,0.0000,0.0000,74.0000,6.7100
1,5,0,5,4,11,162,11,6506,23463,16,89,0.0000,0.0000,0.0000,74.0000,6.7100
1,5,0,10,4,12,187,3,6506,75506,5,89,0.0000,0.0000,0.0000,74.0000,6.7100
1,5,0,6,4,17,178,16,6506,15023,4,89,0.0000,0.0000,0.0000,74.0000,6.7100
1,5,1,9,4,13,181,3,6506,75506,3,89,0.0000,0.0000,0.0000,74.0000,6.7100
1,5,0,6,3,17,143,15,6506,107363,11,89,0.0000,0.0000,0.0000,74.0000,6.7100
1,5,0,5,4,11,143,15,6506,107363,18,89,0.0000,0.0000,0.0000,74.0000,6.7100
1,5,1,7,4,11,175,15,6506,107363,2,89,0.0000,0.0000,0.0000,74.0000,6.7100
1,5,0,5,4,11,143,15,6506,107363,9,89,0.0000,0.0000,0.0000,74.0000,6.7100
1,5,0,6,7,17,143,15,6506,107363,10,89,0.0000,0.0000,0.0000,74.0000,6.7100
1,5,0,6,1,17,143,15,6506,107363,14,89,0.0000,0.0000,0.0000,74.0000,6.7100
1,5,0,6,4,17,143,15,6506,107363,12,89,0.0000,0.0000,0.0000,74.0000,6.7100
1,5,0,3,3,24,143,15,6506,107363,9,89,0.0000,0.0000,0.0000,74.0000,6.7100
1,5,0,6,8,17,175,15,6506,107363,7,89,0.0000,0.0000,0.0000,74.0000,6.7100
1,5,0,8,5,15,143,15,6506,107363,13,89,0.0000,0.0000,0.0000,74.0000,6.7100
1,5,0,7,4,11,143,15,6506,107363,12,89,0.0000,0.0000,0.0000,74.0000,6.7100
1,5,0,8,5,15,175,15,6506,107363,1,89,0.0000,0.0000,0.0000,74.0000,6.7100
1,5,0,11,5,13,143,15,6506,107363,21,89,0.0000,0.0000,0.0000,74.0000,6.7100
1,5,0,6,4,17,143,15,6506,107363,17,89,0.0000,0.0000,0.0000,74.0000,6.7100
1,5,0,5,3,11,143,15,6506,107363,21,89,0.0000,0.0000,0.0000,74.0000,6.7100
1,5,0,5,5,11,143,15,6506,107363,14,89,0.0000,0.0000,0.0000,74.0000,6.7100
1,5,0,6,4,17,143,15,6506,107363,11,89,0.0000,0.0000,0.0000,74.0000,6.7100
1,5,0,5,2,11,143,15,6506,107363,15,89,0.0000,0.0000,0.0000,74.0000,6.7100
1,5,0,4,4,13,143,15,6506,107363,21,89,0.0000,0.0000,0.0000,74.0000,6.7100
1,5,0,7,2,11,175,15,6506,107363,1,89,0.0000,0.0000,0.0000,74.0000,6.7100
1,5,0,4,2,13,143,15,6506,107363,11,89,0.0000,0.0000,0.0000,74.0000,6.7100
1,5,0,6,3,17,143,15,6506,107363,19,89,0.0000,0.0000,0.0000,74.0000,6.7100
1,5,0,7,5,11,175,15,6506,107363,7,89,0.0000,0.0000,0.0000,74.0000,6.7100
1,5,0,4,4,13,143,15,6506,107363,13,89,0.0000,0.0000,0.0000,74.0000,6.7100
1,5,0,7,4,11,181,3,6506,75506,3,89,0.0000,0.0000,0.0000,74.0000,6.7100
1,5,0,8,1,15,172,3,6506,75506,2,89,0.0000,0.0000,0.0000,74.0000,6.7100
1,5,0,16,1,13,128,3,6506,75506,6,89,0.0000,0.0000,0.0000,74.0000,6.7100
1,5,0,8,5,15,157,7,6506,73508,28,89,0.0000,0.0000,0.0000,74.0000,6.7100
1,5,0,8,4,15,199,7,6506,73508,20,89,0.0000,0.0000,0.0000,74.0000,6.7100
1,5,0,10,6,12,199,7,6506,73508,19,89,0.0000,0.0000,0.0000,74.0000,6.7100
1,5,0,6,2,17,234,7,6506,73508,16,89,0.0000,0.0000,0.0000,74.0000,6.7100
1,5,0,5,2,11,191,7,6506,73508,2,89,0.0000,0.0000,0.0000,74.0000,6.7100
1,5,0,11,1,13,172,3,6506,75506,1,89,0.0000,0.0000,0.0000,74.0000,6.7100
1,5,0,16,8,13,160,3,6506,75506,3,89,0.0000,0.0000,0.0000,74.0000,6.7100
1,5,0,4,1,13,160,3,6506,75506,19,89,0.0000,0.0000,0.0000,74.0000,6.7100
1,5,0,7,5,11,178,16,6506,15023,5,89,0.0000,0.0000,0.0000,74.0000,6.7100
1,5,0,8,5,15,228,16,6506,15023,3,89,0.0000,0.0000,0.0000,74.0000,6.7100
1,5,0,7,2,11,178,16,6506,15023,7,89,0.0000,0.0000,0.0000,74.0000,6.7100
1,5,0,17,5,8,145,16,6506,15023,14,89,0.0000,0.0000,0.0000,74.0000,6.7100
1,5,0,6,6,17,230,9,6506,9496,3,89,0.0000,0.0000,0.0000,74.0000,6.7100
1,5,0,9,4,13,230,9,6506,9496,3,89,0.0000,0.0000,0.0000,74.0000,6.7100
1,5,0,7,5,11,230,9,6506,9496,4,89,0.0000,0.0000,0.0000,74.0000,6.7100
1,5,0,6,4,17,186,9,6506,9496,1,89,0.0000,0.0000,0.0000,74.0000,6.7100
1,5,0,10,8,12,186,9,6506,9496,3,89,0.0000,0.0000,0.0000,74.0000,6.7100
1,5,0,9,5,13,160,3,6506,75506,18,89,0.0000,0.0000,0.0000,74.0000,6.7100
1,5,0,8,5,15,142,17,6506,46218,19,89,0.0000,0.0000,0.0000,74.0000,6.7100
1,5,0,12,5,11,154,17,6506,46218,20,89,0.0000,0.0000,0.0000,74.0000,6.7100
1,5,0,14,4,11,142,17,6506,46218,17,89,0.0000,0.0000,0.0000,74.0000,6.7100
1,5,0,11,4,13,178,16,6506,15023,9,89,0.0000,0.0000,0.0000,74.0000,6.7100
1,5,0,12,7,11,173,17,6506,46218,5,89,0.0000,0.0000,0.0000,74.0000,6.7100
1,5,1,11,4,13,154,17,6506,46218,21,89,0.0000,0.0000,0.0000,74.0000,6.7100
1,5,0,13,2,14,199,7,6506,73508,19,89,0.0000,0.0000,0.0000,74.0000,6.7100
1,5,0,11,2,13,191,7,6506,73508,3,89,0.0000,0.0000,0.0000,74.0000,6.7100
1,5,0,9,2,13,180,7,6506,73508,4,89,0.0000,0.0000,0.0000,74.0000,6.7100
1,5,0,8,2,15,180,7,6506,73508,1,89,0.0000,0.0000,0.0000,74.0000,6.7100
1,5,0,10,4,12,180,7,6506,73508,1,89,0.0000,0.0000,0.0000,74.0000,6.7100
1,5,0,14,6,11,180,7,6506,73508,3,89,0.0000,0.0000,0.0000,74.0000,6.7100
1,5,0,14,5,11,162,11,6506,23463,11,89,0.0000,0.0000,0.0000,74.0000,6.7100
1,5,0,8,5,15,182,16,6506,15023,2,89,0.0000,0.0000,0.0000,74.0000,6.7100
1,5,0,9,2,13,143,15,6506,107363,15,89,0.0000,0.0000,0.0000,74.0000,6.7100
1,5,0,11,5,13,175,15,6506,107363,7,89,0.0000,0.0000,0.0000,74.0000,6.7100
1,5,0,16,3,13,143,15,6506,107363,16,89,0.0000,0.0000,0.0000,74.0000,6.7100
1,5,0,9,4,13,143,15,6506,107363,16,89,0.0000,0.0000,0.0000,74.0000,6.7100
1,5,0,8,4,15,143,15,6506,107363,18,89,0.0000,0.0000,0.0000,74.0000,6.7100
1,5,0,12,4,11,175,15,6506,107363,1,89,0.0000,0.0000,0.0000,74.0000,6.7100
1,5,1,8,4,15,143,15,6506,107363,19,89,0.0000,0.0000,0.0000,74.0000,6.7100
1,5,0,13,8,14,175,15,6506,107363,2,89,0.0000,0.0000,0.0000,74.0000,6.7100
1,5,0,9,5,13,143,15,6506,107363,13,89,0.0000,0.0000,0.0000,74.0000,6.7100
1,5,0,13,2,14,175,15,6506,107363,3,89,0.0000,0.0000,0.0000,74.0000,6.7100
1,5,0,9,2,13,143,15,6506,107363,13,89,0.0000,0.0000,0.0000,74.0000,6.7100
1,5,1,12,5,11,157,7,6506,73508,21,89,0.0000,0.0000,0.0000,74.0000,6.7100
1,5,0,10,4,12,178,16,6506,15023,8,89,0.0000,0.0000,0.0000,74.0000,6.7100
1,5,1,11,3,13,187,3,6506,75506,10,89,0.0000,0.0000,0.0000,74.0000,6.7100
1,5,0,6,2,17,145,16,6506,15023,9,89,0.0000,0.0000,0.0000,74.0000,6.7100
1,5,0,9,3,13,128,3,6506,75506,20,89,0.0000,0.0000,0.0000,74.0000,6.7100
1,5,0,11,4,13,160,3,6506,75506,2,89,0.0000,0.0000,0.0000,74.0000,6.7100
1,5,0,6,3,17,187,3,6506,75506,4,89,0.0000,0.0000,0.0000,74.0000,6.7100
1,5,0,7,4,11,150,3,6506,75506,19,89,0.0000,0.0000,0.0000,74.0000,6.7100
1,5,0,13,8,14,187,3,6506,75506,5,89,0.0000,0.0000,0.0000,74.0000,6.7100
1,5,0,10,4,12,228,16,6506,15023,2,89,0.0000,0.0000,0.0000,74.0000,6.7100
1,5,0,8,5,15,157,7,6506,73508,18,89,0.0000,0.0000,0.0000,74.0000,6.7100
1,5,0,8,7,15,186,9,6506,9496,1,89,0.0000,0.0000,0.0000,74.0000,6.7100
1,5,0,10,5,12,180,9,6506,9496,8,89,0.0000,0.0000,0.0000,74.0000,6.7100
1,5,0,8,3,15,187,3,6506,75506,5,89,0.0000,0.0000,0.0000,74.0000,6.7100
1,5,0,10,3,12,187,3,6506,75506,4,89,0.0000,0.0000,0.0000,74.0000,6.7100
1,5,0,12,5,11,160,3,6506,75506,3,89,0.0000,0.0000,0.0000,74.0000,6.7100
1,5,0,13,4,14,128,3,6506,75506,20,89,0.0000,0.0000,0.0000,74.0000,6.7100
1,5,0,16,1,13,178,16,6506,15023,7,89,0.0000,0.0000,0.0000,74.0000,6.7100
1,5,0,13,4,14,178,16,6506,15023,4,89,0.0000,0.0000,0.0000,74.0000,6.7100
1,5,0,13,3,14,187,3,6506,75506,8,89,0.0000,0.0000,0.0000,74.0000,6.7100
1,5,0,14,4,11,128,3,6506,75506,21,89,0.0000,0.0000,0.0000,74.0000,6.7100
1,5,0,12,4,11,178,16,6506,15023,5,89,0.0000,0.0000,0.0000,74.0000,6.7100
1,5,0,15,4,17,228,16,6506,15023,2,89,0.0000,0.0000,0.0000,74.0000,6.7100
1,5,0,14,4,11,173,17,6506,46218,18,89,0.0000,0.0000,0.0000,74.0000,6.7100
1,5,1,15,5,17,157,7,6506,73508,27,89,0.0000,0.0000,0.0000,74.0000,6.7100
1,5,0,12,4,11,182,16,6506,15023,1,89,0.0000,0.0000,0.0000,74.0000,6.7100
1,5,0,12,4,11,191,7,6506,73508,1,89,0.0000,0.0000,0.0000,74.0000,6.7100
1,5,0,15,4,17,191,7,6506,73508,2,89,0.0000,0.0000,0.0000,74.0000,6.7100
1,5,1,15,5,17,157,7,6506,73508,27,89,0.0000,0.0000,0.0000,74.0000,6.7100
1,5,0,15,5,17,230,9,6506,9496,4,89,0.0000,0.0000,0.0000,74.0000,6.7100
1,5,0,15,5,17,230,9,6506,9496,3,89,0.0000,0.0000,0.0000,74.0000,6.7100
1,5,0,16,7,13,150,9,6506,9496,14,89,0.0000,0.0000,0.0000,74.0000,6.7100
1,5,1,16,5,13,175,15,6506,107363,4,89,0.0000,0.0000,0.0000,74.0000,6.7100
1,5,0,9,3,13,143,15,6506,107363,15,89,0.0000,0.0000,0.0000,74.0000,6.7100
1,5,1,11,4,13,143,15,6506,107363,20,89,0.0000,0.0000,0.0000,74.0000,6.7100
1,5,0,13,4,14,143,15,6506,107363,12,89,0.0000,0.0000,0.0000,74.0000,6.7100
1,5,0,13,8,14,175,15,6506,107363,1,89,0.0000,0.0000,0.0000,74.0000,6.7100
1,5,0,15,5,17,175,15,6506,107363,2,89,0.0000,0.0000,0.0000,74.0000,6.7100
1,5,0,14,7,11,175,15,6506,107363,2,89,0.0000,0.0000,0.0000,74.0000,6.7100
1,5,0,14,1,11,143,15,6506,107363,9,89,0.0000,0.0000,0.0000,74.0000,6.7100
1,5,0,15,4,17,175,15,6506,107363,2,89,0.0000,0.0000,0.0000,74.0000,6.7100
1,5,0,15,5,17,175,15,6506,107363,6,89,0.0000,0.0000,0.0000,74.0000,6.7100
1,5,1,10,3,12,143,15,6506,107363,12,89,0.0000,0.0000,0.0000,74.0000,6.7100
1,5,0,11,4,13,143,15,6506,107363,16,89,0.0000,0.0000,0.0000,74.0000,6.7100
1,5,0,17,4,8,175,15,6506,107363,5,89,0.0000,0.0000,0.0000,74.0000,6.7100
1,5,1,13,1,14,160,3,6506,75506,18,89,0.0000,0.0000,0.0000,74.0000,6.7100
1,5,0,15,4,17,187,3,6506,75506,4,89,0.0000,0.0000,0.0000,74.0000,6.7100
1,5,0,10,4,12,178,16,6506,15023,9,89,0.0000,0.0000,0.0000,74.0000,6.7100
1,5,1,16,5,13,100,11,6506,23463,13,89,0.0000,0.0000,0.0000,74.0000,6.7100
1,5,0,16,2,13,180,7,6506,73508,4,89,0.0000,0.0000,0.0000,74.0000,6.7100
1,5,0,15,4,17,178,16,6506,15023,6,89,0.0000,0.0000,0.0000,74.0000,6.7100
1,5,0,15,5,17,100,11,6506,23463,13,89,0.0000,0.0000,0.0000,74.0000,6.7100
1,5,0,15,5,17,157,7,6506,73508,28,89,0.0000,0.0000,0.0000,74.0000,6.7100
1,5,0,10,5,12,150,11,6506,23463,11,89,0.0000,0.0000,0.0000,74.0000,6.7100
1,5,0,14,2,11,180,7,6506,73508,5,89,0.0000,0.0000,0.0000,74.0000,6.7100
1,5,1,11,4,13,100,11,6506,23463,8,89,0.0000,0.0000,0.0000,74.0000,6.7100
1,5,0,12,2,11,180,7,6506,73508,1,89,0.0000,0.0000,0.0000,74.0000,6.7100
1,5,0,13,5,14,162,11,6506,23463,11,89,0.0000,0.0000,0.0000,74.0000,6.7100
1,5,0,10,2,12,191,7,6506,73508,2,89,0.0000,0.0000,0.0000,74.0000,6.7100
1,5,0,13,2,14,143,15,6506,107363,14,89,0.0000,0.0000,0.0000,74.0000,6.7100
1,5,0,16,3,13,143,15,6506,107363,15,89,0.0000,0.0000,0.0000,74.0000,6.7100
1,5,0,16,5,13,143,15,6506,107363,16,89,0.0000,0.0000,0.0000,74.0000,6.7100
1,5,0,11,1,13,143,15,6506,107363,13,89,0.0000,0.0000,0.0000,74.0000,6.7100
1,5,0,17,4,8,175,15,6506,107363,3,89,0.0000,0.0000,0.0000,74.0000,6.7100
1,5,0,14,4,11,175,15,6506,107363,5,89,0.0000,0.0000,0.0000,74.0000,6.7100
1,5,0,17,4,8,175,15,6506,107363,7,89,0.0000,0.0000,0.0000,74.0000,6.7100
1,5,0,14,3,11,143,15,6506,107363,21,89,0.0000,0.0000,0.0000,74.0000,6.7100
1,5,1,16,4,13,186,9,6506,9496,3,89,0.0000,0.0000,0.0000,74.0000,6.7100
1,5,0,17,6,8,178,16,6506,15023,8,89,0.0000,0.0000,0.0000,74.0000,6.7100
1,5,0,15,3,17,160,3,6506,75506,19,89,0.0000,0.0000,0.0000,74.0000,6.7100
1,5,0,14,4,11,143,15,6506,107363,15,89,0.0000,0.0000,0.0000,74.0000,6.7100
1,5,0,17,4,8,143,15,6506,107363,12,89,0.0000,0.0000,0.0000,74.0000,6.7100
1,5,0,16,4,13,143,15,6506,107363,19,89,0.0000,0.0000,0.0000,74.0000,6.7100
1,5,0,17,4,8,143,15,6506,107363,14,89,0.0000,0.0000,0.0000,74.0000,6.7100
1,5,1,12,2,11,143,15,6506,107363,11,89,0.0000,0.0000,0.0000,74.0000,6.7100
1,5,0,15,2,17,143,15,6506,107363,15,89,0.0000,0.0000,0.0000,74.0000,6.7100
1,5,0,17,1,8,143,15,6506,107363,13,89,0.0000,0.0000,0.0000,74.0000,6.7100
1,3,0,2,6,14,76,14,3215,62105,4,77,0.0000,0.0000,0.0000,58.0000,12.0800
1,3,0,2,5,14,76,14,3215,62105,3,77,0.0000,0.0000,0.0000,58.0000,12.0800
1,3,0,3,7,14,157,7,3215,73508,26,77,0.0000,0.0000,0.0000,58.0000,12.0800
1,3,0,2,5,14,128,3,3215,75506,5,77,0.0000,0.0000,0.0000,58.0000,12.0800
1,3,1,8,5,10,76,4,3215,23760,2,77,0.0000,0.0000,0.0000,58.0000,12.0800
1,3,0,5,4,4,173,17,3215,46218,5,77,0.0000,0.0000,0.0000,58.0000,12.0800
1,3,1,3,5,14,120,17,3215,46218,18,77,0.0000,0.0000,0.0000,58.0000,12.0800
1,3,0,3,1,14,154,17,3215,46218,21,77,0.0000,0.0000,0.0000,58.0000,12.0800
1,3,0,1,1,4,154,17,3215,46218,14,77,0.0000,0.0000,0.0000,58.0000,12.0800
1,3,0,4,4,5,128,3,3215,75506,19,77,0.0000,0.0000,0.0000,58.0000,12.0800
1,3,0,1,5,4,187,3,3215,75506,10,77,0.0000,0.0000,0.0000,58.0000,12.0800
1,3,0,2,4,14,191,7,3215,73508,1,77,0.0000,0.0000,0.0000,58.0000,12.0800
1,3,0,4,4,5,158,7,3215,73508,23,77,0.0000,0.0000,0.0000,58.0000,12.0800
1,3,0,2,4,14,128,3,3215,75506,18,77,0.0000,0.0000,0.0000,58.0000,12.0800
1,3,0,4,5,5,157,7,3215,73508,20,77,0.0000,0.0000,0.0000,58.0000,12.0800
1,3,0,3,7,14,70,13,3215,24623,14,77,0.0000,0.0000,0.0000,58.0000,12.0800
1,3,0,2,1,14,143,15,3215,107363,14,77,0.0000,0.0000,0.0000,58.0000,12.0800
1,3,0,3,5,14,175,15,3215,107363,2,77,0.0000,0.0000,0.0000,58.0000,12.0800
1,3,0,2,5,14,175,15,3215,107363,1,77,0.0000,0.0000,0.0000,58.0000,12.0800
1,3,0,3,5,14,143,15,3215,107363,17,77,0.0000,0.0000,0.0000,58.0000,12.0800
1,3,0,2,4,14,143,15,3215,107363,19,77,0.0000,0.0000,0.0000,58.0000,12.0800
1,3,0,1,4,4,143,15,3215,107363,8,77,0.0000,0.0000,0.0000,58.0000,12.0800
1,3,1,2,4,14,175,15,3215,107363,5,77,0.0000,0.0000,0.0000,58.0000,12.0800
1,3,0,2,1,14,143,15,3215,107363,13,77,0.0000,0.0000,0.0000,58.0000,12.0800
1,3,0,4,1,5,143,15,3215,107363,18,77,0.0000,0.0000,0.0000,58.0000,12.0800
1,3,0,2,4,14,143,15,3215,107363,12,77,0.0000,0.0000,0.0000,58.0000,12.0800
1,3,0,3,4,14,143,15,3215,107363,14,77,0.0000,0.0000,0.0000,58.0000,12.0800
1,3,0,3,6,14,175,15,3215,107363,5,77,0.0000,0.0000,0.0000,58.0000,12.0800
1,3,0,3,1,14,143,15,3215,107363,10,77,0.0000,0.0000,0.0000,58.0000,12.0800
1,3,0,1,1,4,160,3,3215,75506,19,77,0.0000,0.0000,0.0000,58.0000,12.0800
1,3,0,2,5,14,76,14,3215,62105,13,77,0.0000,0.0000,0.0000,58.0000,12.0800
1,3,0,2,1,14,140,3,3215,75506,22,77,0.0000,0.0000,0.0000,58.0000,12.0800
1,3,0,3,1,14,140,3,3215,75506,20,77,0.0000,0.0000,0.0000,58.0000,12.0800
1,3,0,3,6,14,150,3,3215,75506,20,77,0.0000,0.0000,0.0000,58.0000,12.0800
1,3,1,3,5,14,160,3,3215,75506,19,77,0.0000,0.0000,0.0000,58.0000,12.0800
1,3,0,3,5,14,160,3,3215,75506,6,77,0.0000,0.0000,0.0000,58.0000,12.0800
1,3,0,2,5,14,187,3,3215,75506,10,77,0.0000,0.0000,0.0000,58.0000,12.0800
1,3,1,8,7,10,70,13,3215,24623,14,77,0.0000,0.0000,0.0000,58.0000,12.0800
1,3,1,8,5,10,76,8,3215,19857,12,77,0.0000,0.0000,0.0000,58.0000,12.0800
1,3,0,5,1,4,154,17,3215,46218,20,77,0.0000,0.0000,0.0000,58.0000,12.0800
1,3,0,13,6,10,120,17,3215,46218,20,77,0.0000,0.0000,0.0000,58.0000,12.0800
1,3,0,5,1,4,172,3,3215,75506,9,77,0.0000,0.0000,0.0000,58.0000,12.0800
1,3,0,10,5,8,186,9,3215,9496,2,77,0.0000,0.0000,0.0000,58.0000,12.0800
1,3,0,13,1,10,181,3,3215,75506,3,77,0.0000,0.0000,0.0000,58.0000,12.0800
1,3,0,5,5,4,143,15,3215,107363,16,77,0.0000,0.0000,0.0000,58.0000,12.0800
1,3,0,7,2,5,143,15,3215,107363,8,77,0.0000,0.0000,0.0000,58.0000,12.0800
1,3,1,9,6,3,143,15,3215,107363,16,77,0.0000,0.0000,0.0000,58.0000,12.0800
1,3,0,6,4,3,143,15,3215,107363,19,77,0.0000,0.0000,0.0000,58.0000,12.0800
1,3,1,6,5,3,143,15,3215,107363,11,77,0.0000,0.0000,0.0000,58.0000,12.0800
1,3,0,11,5,7,160,3,3215,75506,7,77,0.0000,0.0000,0.0000,58.0000,12.0800
1,3,0,3,2,14,143,15,3215,107363,13,77,0.0000,0.0000,0.0000,58.0000,12.0800
1,3,0,14,8,8,172,1,3215,20315,16,77,0.0000,0.0000,0.0000,58.0000,12.0800
1,3,0,7,1,5,172,3,3215,75506,9,77,0.0000,0.0000,0.0000,58.0000,12.0800
1,3,0,10,5,8,76,14,3215,62105,4,77,0.0000,0.0000,0.0000,58.0000,12.0800
1,3,0,12,4,5,76,14,3215,62105,3,77,0.0000,0.0000,0.0000,58.0000,12.0800
1,3,0,10,1,8,181,3,3215,75506,2,77,0.0000,0.0000,0.0000,58.0000,12.0800
1,3,0,10,5,8,128,3,3215,75506,19,77,0.0000,0.0000,0.0000,58.0000,12.0800
1,3,0,8,6,10,76,12,3215,17869,2,77,0.0000,0.0000,0.0000,58.0000,12.0800
1,3,1,10,5,8,120,17,3215,46218,18,77,0.0000,0.0000,0.0000,58.0000,12.0800
1,3,0,8,1,10,120,17,3215,46218,17,77,0.0000,0.0000,0.0000,58.0000,12.0800
1,3,0,10,1,8,120,17,3215,46218,21,77,0.0000,0.0000,0.0000,58.0000,12.0800
1,3,0,8,5,10,172,3,3215,75506,10,77,0.0000,0.0000,0.0000,58.0000,12.0800
1,3,0,8,1,10,172,3,3215,75506,9,77,0.0000,0.0000,0.0000,58.0000,12.0800
1,3,0,13,5,10,76,13,3215,24623,2,77,0.0000,0.0000,0.0000,58.0000,12.0800
1,3,0,7,4,5,129,7,3215,73508,11,77,0.0000,0.0000,0.0000,58.0000,12.0800
1,3,0,9,4,3,191,7,3215,73508,3,77,0.0000,0.0000,0.0000,58.0000,12.0800
1,3,0,11,4,7,158,7,3215,73508,23,77,0.0000,0.0000,0.0000,58.0000,12.0800
1,3,0,6,1,3,143,15,3215,107363,8,77,0.0000,0.0000,0.0000,58.0000,12.0800
1,3,0,11,5,7,175,15,3215,107363,7,77,0.0000,0.0000,0.0000,58.0000,12.0800
1,3,0,8,1,10,143,15,3215,107363,18,77,0.0000,0.0000,0.0000,58.0000,12.0800
1,3,1,13,1,10,143,15,3215,107363,14,77,0.0000,0.0000,0.0000,58.0000,12.0800
1,3,0,10,4,8,175,15,3215,107363,2,77,0.0000,0.0000,0.0000,58.0000,12.0800
1,3,0,4,1,5,143,15,3215,107363,18,77,0.0000,0.0000,0.0000,58.0000,12.0800
1,3,0,14,5,8,143,15,3215,107363,14,77,0.0000,0.0000,0.0000,58.0000,12.0800
1,3,0,10,5,8,175,15,3215,107363,7,77,0.0000,0.0000,0.0000,58.0000,12.0800
1,3,0,7,5,5,143,15,3215,107363,14,77,0.0000,0.0000,0.0000,58.0000,12.0800
1,3,0,7,3,5,143,15,3215,107363,14,77,0.0000,0.0000,0.0000,58.0000,12.0800
1,3,0,8,5,10,150,9,3215,9496,15,77,0.0000,0.0000,0.0000,58.0000,12.0800
1,3,1,14,5,8,160,3,3215,75506,20,77,0.0000,0.0000,0.0000,58.0000,12.0800
1,3,0,14,1,8,181,3,3215,75506,4,77,0.0000,0.0000,0.0000,58.0000,12.0800
1,3,0,12,1,5,181,3,3215,75506,3,77,0.0000,0.0000,0.0000,58.0000,12.0800
1,3,1,14,5,8,76,14,3215,62105,3,77,0.0000,0.0000,0.0000,58.0000,12.0800
1,3,1,13,5,10,143,15,3215,107363,12,77,0.0000,0.0000,0.0000,58.0000,12.0800
1,3,0,11,4,7,175,15,3215,107363,7,77,0.0000,0.0000,0.0000,58.0000,12.0800
1,3,0,11,1,7,143,15,3215,107363,15,77,0.0000,0.0000,0.0000,58.0000,12.0800
1,3,1,8,1,10,143,15,3215,107363,16,77,0.0000,0.0000,0.0000,58.0000,12.0800
1,3,1,9,1,3,143,15,3215,107363,12,77,0.0000,0.0000,0.0000,58.0000,12.0800
1,3,0,13,5,10,128,3,3215,75506,19,77,0.0000,0.0000,0.0000,58.0000,12.0800
1,3,0,15,1,6,76,13,3215,24623,2,77,0.0000,0.0000,0.0000,58.0000,12.0800
1,3,0,12,1,5,76,13,3215,24623,4,77,0.0000,0.0000,0.0000,58.0000,12.0800
1,3,0,13,1,10,66,14,3215,62105,10,77,0.0000,0.0000,0.0000,58.0000,12.0800
1,3,0,15,4,6,150,9,3215,9496,15,77,0.0000,0.0000,0.0000,58.0000,12.0800
1,3,0,16,5,3,143,15,3215,107363,19,77,0.0000,0.0000,0.0000,58.0000,12.0800
1,3,1,13,4,10,143,15,3215,107363,14,77,0.0000,0.0000,0.0000,58.0000,12.0800
1,3,0,11,1,7,143,15,3215,107363,19,77,0.0000,0.0000,0.0000,58.0000,12.0800
1,3,0,16,1,3,143,15,3215,107363,20,77,0.0000,0.0000,0.0000,58.0000,12.0800
1,3,0,12,6,5,175,15,3215,107363,6,77,0.0000,0.0000,0.0000,58.0000,12.0800
1,3,1,14,4,8,143,15,3215,107363,18,77,0.0000,0.0000,0.0000,58.0000,12.0800
1,3,0,15,1,6,181,3,3215,75506,2,77,0.0000,0.0000,0.0000,58.0000,12.0800
1,3,0,15,4,6,128,3,3215,75506,19,77,0.0000,0.0000,0.0000,58.0000,12.0800
1,3,1,13,5,10,76,14,3215,62105,13,77,0.0000,0.0000,0.0000,58.0000,12.0800
1,3,0,11,4,7,128,3,3215,75506,15,77,0.0000,0.0000,0.0000,58.0000,12.0800
1,3,0,14,4,8,158,7,3215,73508,23,77,0.0000,0.0000,0.0000,58.0000,12.0800
1,3,0,12,4,5,158,7,3215,73508,23,77,0.0000,0.0000,0.0000,58.0000,12.0800
1,3,0,13,1,10,143,15,3215,107363,21,77,0.0000,0.0000,0.0000,58.0000,12.0800
1,3,0,16,2,3,143,15,3215,107363,21,77,0.0000,0.0000,0.0000,58.0000,12.0800
1,3,0,15,5,6,143,15,3215,107363,15,77,0.0000,0.0000,0.0000,58.0000,12.0800
1,3,0,14,4,8,143,15,3215,107363,14,77,0.0000,0.0000,0.0000,58.0000,12.0800
1,3,0,15,4,6,143,15,3215,107363,19,77,0.0000,0.0000,0.0000,58.0000,12.0800
1,3,0,17,1,1,143,15,3215,107363,10,77,0.0000,0.0000,0.0000,58.0000,12.0800
1,5,0,4,3,13,191,7,8569,73508,3,22,0.0000,0.0000,0.0000,77.0000,10.0700
1,5,0,3,3,30,199,7,8569,73508,20,22,0.0000,0.0000,0.0000,77.0000,10.0700
1,5,0,2,3,17,191,7,8569,73508,2,22,0.0000,0.0000,0.0000,77.0000,10.0700
1,5,0,1,3,3,199,7,8569,73508,18,22,0.0000,0.0000,0.0000,77.0000,10.0700
1,5,0,2,9,17,180,7,8569,73508,4,22,0.0000,0.0000,0.0000,77.0000,10.0700
1,5,1,5,5,17,132,7,8569,73508,19,22,0.0000,0.0000,0.0000,77.0000,10.0700
1,5,0,3,5,30,191,7,8569,73508,1,22,0.0000,0.0000,0.0000,77.0000,10.0700
1,5,0,8,3,16,178,16,8569,15023,9,22,0.0000,0.0000,0.0000,77.0000,10.0700
1,5,0,3,4,30,228,16,8569,15023,1,22,0.0000,0.0000,0.0000,77.0000,10.0700
1,5,0,4,3,13,145,16,8569,15023,13,22,0.0000,0.0000,0.0000,77.0000,10.0700
1,5,0,3,5,30,228,16,8569,15023,1,22,0.0000,0.0000,0.0000,77.0000,10.0700
1,5,0,3,5,30,181,3,8569,75506,2,22,0.0000,0.0000,0.0000,77.0000,10.0700
1,5,0,2,4,17,187,3,8569,75506,4,22,0.0000,0.0000,0.0000,77.0000,10.0700
1,5,1,19,4,3,150,11,8569,23463,14,22,0.0000,0.0000,0.0000,77.0000,10.0700
1,5,0,8,3,16,100,11,8569,23463,8,22,0.0000,0.0000,0.0000,77.0000,10.0700
1,5,0,3,5,30,200,11,8569,23463,6,22,0.0000,0.0000,0.0000,77.0000,10.0700
1,5,1,2,5,17,162,11,8569,23463,13,22,0.0000,0.0000,0.0000,77.0000,10.0700
1,5,0,13,5,17,162,11,8569,23463,14,22,0.0000,0.0000,0.0000,77.0000,10.0700
1,5,0,3,5,30,150,11,8569,23463,8,22,0.0000,0.0000,0.0000,77.0000,10.0700
1,5,0,3,5,30,162,11,8569,23463,13,22,0.0000,0.0000,0.0000,77.0000,10.0700
1,5,0,10,5,13,150,11,8569,23463,13,22,0.0000,0.0000,0.0000,77.0000,10.0700
1,5,0,2,4,17,100,11,8569,23463,14,22,0.0000,0.0000,0.0000,77.0000,10.0700
1,5,0,3,5,30,150,11,8569,23463,15,22,0.0000,0.0000,0.0000,77.0000,10.0700
1,5,0,7,5,15,162,11,8569,23463,10,22,0.0000,0.0000,0.0000,77.0000,10.0700
1,5,0,2,5,17,129,11,8569,23463,11,22,0.0000,0.0000,0.0000,77.0000,10.0700
1,5,0,1,5,3,150,11,8569,23463,13,22,0.0000,0.0000,0.0000,77.0000,10.0700
1,5,0,2,5,17,162,11,8569,23463,16,22,0.0000,0.0000,0.0000,77.0000,10.0700
1,5,0,4,5,13,150,11,8569,23463,7,22,0.0000,0.0000,0.0000,77.0000,10.0700
1,5,0,9,4,11,100,11,8569,23463,13,22,0.0000,0.0000,0.0000,77.0000,10.0700
1,5,1,15,5,27,162,11,8569,23463,12,22,0.0000,0.0000,0.0000,77.0000,10.0700
1,5,0,6,10,14,159,11,8569,23463,2,22,0.0000,0.0000,0.0000,77.0000,10.0700
1,5,0,6,5,14,162,11,8569,23463,11,22,0.0000,0.0000,0.0000,77.0000,10.0700
1,5,0,8,3,16,162,11,8569,23463,14,22,0.0000,0.0000,0.0000,77.0000,10.0700
1,5,0,12,10,23,162,11,8569,23463,16,22,0.0000,0.0000,0.0000,77.0000,10.0700
1,5,0,5,11,17,159,11,8569,23463,5,22,0.0000,0.0000,0.0000,77.0000,10.0700
1,5,1,4,5,13,145,16,8569,15023,12,22,0.0000,0.0000,0.0000,77.0000,10.0700
1,5,0,2,3,17,145,16,8569,15023,14,22,0.0000,0.0000,0.0000,77.0000,10.0700
1,5,1,3,4,30,178,16,8569,15023,9,22,0.0000,0.0000,0.0000,77.0000,10.0700
1,5,0,3,5,30,228,16,8569,15023,4,22,0.0000,0.0000,0.0000,77.0000,10.0700
1,5,0,3,3,30,182,16,8569,15023,3,22,0.0000,0.0000,0.0000,77.0000,10.0700
1,5,0,1,5,3,160,3,8569,75506,20,22,0.0000,0.0000,0.0000,77.0000,10.0700
1,5,0,4,3,13,187,3,8569,75506,10,22,0.0000,0.0000,0.0000,77.0000,10.0700
1,5,0,2,3,17,187,3,8569,75506,5,22,0.0000,0.0000,0.0000,77.0000,10.0700
1,5,0,4,5,13,191,7,8569,73508,1,22,0.0000,0.0000,0.0000,77.0000,10.0700
1,5,0,4,10,13,185,1,8569,20315,2,22,0.0000,0.0000,0.0000,77.0000,10.0700
1,5,0,3,11,30,157,1,8569,20315,10,22,0.0000,0.0000,0.0000,77.0000,10.0700
1,5,0,8,4,16,150,3,8569,75506,19,22,0.0000,0.0000,0.0000,77.0000,10.0700
1,5,0,2,4,17,129,2,8569,6713,11,22,0.0000,0.0000,0.0000,77.0000,10.0700
1,5,0,5,5,17,173,17,8569,46218,6,22,0.0000,0.0000,0.0000,77.0000,10.0700
1,5,0,7,5,15,173,17,8569,46218,10,22,0.0000,0.0000,0.0000,77.0000,10.0700
1,5,0,3,5,30,154,17,8569,46218,21,22,0.0000,0.0000,0.0000,77.0000,10.0700
1,5,0,5,4,17,154,17,8569,46218,2,22,0.0000,0.0000,0.0000,77.0000,10.0700
1,5,0,7,4,15,142,17,8569,46218,17,22,0.0000,0.0000,0.0000,77.0000,10.0700
1,5,0,5,4,17,154,17,8569,46218,13,22,0.0000,0.0000,0.0000,77.0000,10.0700
1,5,0,4,11,13,173,17,8569,46218,7,22,0.0000,0.0000,0.0000,77.0000,10.0700
1,5,0,3,5,30,228,16,8569,15023,2,22,0.0000,0.0000,0.0000,77.0000,10.0700
1,5,0,4,5,13,178,16,8569,15023,8,22,0.0000,0.0000,0.0000,77.0000,10.0700
1,5,0,3,3,30,182,16,8569,15023,1,22,0.0000,0.0000,0.0000,77.0000,10.0700
1,5,0,2,3,17,143,15,8569,107363,10,22,0.0000,0.0000,0.0000,77.0000,10.0700
1,5,0,5,4,17,143,15,8569,107363,16,22,0.0000,0.0000,0.0000,77.0000,10.0700
1,5,0,3,5,30,175,15,8569,107363,3,22,0.0000,0.0000,0.0000,77.0000,10.0700
1,5,0,3,4,30,175,15,8569,107363,1,22,0.0000,0.0000,0.0000,77.0000,10.0700
1,5,0,3,4,30,143,15,8569,107363,12,22,0.0000,0.0000,0.0000,77.0000,10.0700
1,5,0,2,5,17,175,15,8569,107363,5,22,0.0000,0.0000,0.0000,77.0000,10.0700
1,5,0,2,3,17,143,15,8569,107363,21,22,0.0000,0.0000,0.0000,77.0000,10.0700
1,5,0,2,1,17,143,15,8569,107363,20,22,0.0000,0.0000,0.0000,77.0000,10.0700
1,5,0,4,3,13,175,15,8569,107363,6,22,0.0000,0.0000,0.0000,77.0000,10.0700
1,5,0,4,4,13,143,15,8569,107363,13,22,0.0000,0.0000,0.0000,77.0000,10.0700
1,5,0,5,5,17,175,15,8569,107363,1,22,0.0000,0.0000,0.0000,77.0000,10.0700
1,5,1,3,2,30,143,15,8569,107363,13,22,0.0000,0.0000,0.0000,77.0000,10.0700
1,5,0,13,2,17,143,15,8569,107363,13,22,0.0000,0.0000,0.0000,77.0000,10.0700
1,5,0,13,9,17,175,15,8569,107363,7,22,0.0000,0.0000,0.0000,77.0000,10.0700
1,5,0,3,5,30,175,15,8569,107363,1,22,0.0000,0.0000,0.0000,77.0000,10.0700
1,5,0,3,4,30,175,15,8569,107363,1,22,0.0000,0.0000,0.0000,77.0000,10.0700
1,5,0,2,1,17,143,15,8569,107363,9,22,0.0000,0.0000,0.0000,77.0000,10.0700
1,5,0,3,1,30,182,16,8569,15023,2,22,0.0000,0.0000,0.0000,77.0000,10.0700
1,5,0,3,4,30,228,16,8569,15023,2,22,0.0000,0.0000,0.0000,77.0000,10.0700
1,5,0,3,5,30,129,2,8569,6713,11,22,0.0000,0.0000,0.0000,77.0000,10.0700
1,5,0,2,4,17,129,2,8569,6713,11,22,0.0000,0.0000,0.0000,77.0000,10.0700
1,5,0,3,5,30,191,7,8569,73508,3,22,0.0000,0.0000,0.0000,77.0000,10.0700
1,5,0,5,3,17,129,2,8569,6713,11,22,0.0000,0.0000,0.0000,77.0000,10.0700
1,5,0,7,4,15,157,7,8569,73508,27,22,0.0000,0.0000,0.0000,77.0000,10.0700
1,5,0,7,5,15,199,7,8569,73508,21,22,0.0000,0.0000,0.0000,77.0000,10.0700
1,5,0,9,5,11,191,7,8569,73508,1,22,0.0000,0.0000,0.0000,77.0000,10.0700
1,5,0,9,4,11,154,17,8569,46218,19,22,0.0000,0.0000,0.0000,77.0000,10.0700
1,5,1,7,5,15,142,17,8569,46218,21,22,0.0000,0.0000,0.0000,77.0000,10.0700
1,5,0,3,7,30,154,17,8569,46218,15,22,0.0000,0.0000,0.0000,77.0000,10.0700
1,5,0,8,5,16,142,17,8569,46218,19,22,0.0000,0.0000,0.0000,77.0000,10.0700
1,5,1,10,5,13,173,17,8569,46218,6,22,0.0000,0.0000,0.0000,77.0000,10.0700
1,5,0,7,5,15,154,17,8569,46218,20,22,0.0000,0.0000,0.0000,77.0000,10.0700
1,5,0,10,5,13,100,11,8569,23463,9,22,0.0000,0.0000,0.0000,77.0000,10.0700
1,5,0,8,4,16,100,11,8569,23463,8,22,0.0000,0.0000,0.0000,77.0000,10.0700
1,5,0,5,4,17,100,11,8569,23463,8,22,0.0000,0.0000,0.0000,77.0000,10.0700
1,5,0,14,9,9,162,11,8569,23463,15,22,0.0000,0.0000,0.0000,77.0000,10.0700
1,5,0,13,10,17,129,11,8569,23463,11,22,0.0000,0.0000,0.0000,77.0000,10.0700
1,5,0,16,4,21,129,11,8569,23463,11,22,0.0000,0.0000,0.0000,77.0000,10.0700
1,5,0,17,2,17,100,11,8569,23463,6,22,0.0000,0.0000,0.0000,77.0000,10.0700
1,5,0,8,5,16,200,11,8569,23463,6,22,0.0000,0.0000,0.0000,77.0000,10.0700
1,5,0,12,5,23,100,11,8569,23463,9,22,0.0000,0.0000,0.0000,77.0000,10.0700
1,5,0,3,5,30,150,11,8569,23463,6,22,0.0000,0.0000,0.0000,77.0000,10.0700
1,5,0,18,5,5,162,11,8569,23463,13,22,0.0000,0.0000,0.0000,77.0000,10.0700
1,5,0,5,2,17,100,11,8569,23463,14,22,0.0000,0.0000,0.0000,77.0000,10.0700
1,5,0,6,4,14,150,11,8569,23463,8,22,0.0000,0.0000,0.0000,77.0000,10.0700
1,5,0,15,11,27,129,11,8569,23463,11,22,0.0000,0.0000,0.0000,77.0000,10.0700
1,5,0,6,5,14,129,11,8569,23463,11,22,0.0000,0.0000,0.0000,77.0000,10.0700
1,5,1,12,5,23,150,11,8569,23463,17,22,0.0000,0.0000,0.0000,77.0000,10.0700
1,5,0,12,5,23,100,11,8569,23463,12,22,0.0000,0.0000,0.0000,77.0000,10.0700
1,5,0,8,5,16,150,11,8569,23463,15,22,0.0000,0.0000,0.0000,77.0000,10.0700
1,5,0,17,3,17,162,11,8569,23463,13,22,0.0000,0.0000,0.0000,77.0000,10.0700
1,5,0,9,5,11,150,11,8569,23463,19,22,0.0000,0.0000,0.0000,77.0000,10.0700
1,5,0,7,4,15,228,16,8569,15023,3,22,0.0000,0.0000,0.0000,77.0000,10.0700
1,5,0,2,7,17,178,16,8569,15023,5,22,0.0000,0.0000,0.0000,77.0000,10.0700
1,5,0,5,4,17,178,16,8569,15023,8,22,0.0000,0.0000,0.0000,77.0000,10.0700
1,5,0,16,3,21,178,16,8569,15023,4,22,0.0000,0.0000,0.0000,77.0000,10.0700
1,5,0,4,5,13,145,16,8569,15023,13,22,0.0000,0.0000,0.0000,77.0000,10.0700
1,5,0,5,5,17,228,16,8569,15023,4,22,0.0000,0.0000,0.0000,77.0000,10.0700
1,5,0,16,10,21,145,16,8569,15023,12,22,0.0000,0.0000,0.0000,77.0000,10.0700
1,5,0,16,5,21,228,16,8569,15023,3,22,0.0000,0.0000,0.0000,77.0000,10.0700
1,5,0,6,5,14,228,16,8569,15023,4,22,0.0000,0.0000,0.0000,77.0000,10.0700
1,5,0,14,11,9,157,1,8569,20315,12,22,0.0000,0.0000,0.0000,77.0000,10.0700
1,5,0,15,10,27,185,1,8569,20315,1,22,0.0000,0.0000,0.0000,77.0000,10.0700
1,5,0,8,5,16,157,7,8569,73508,27,22,0.0000,0.0000,0.0000,77.0000,10.0700
1,5,0,9,6,11,180,7,8569,73508,5,22,0.0000,0.0000,0.0000,77.0000,10.0700
1,5,0,12,3,23,199,7,8569,73508,19,22,0.0000,0.0000,0.0000,77.0000,10.0700
1,5,0,9,3,11,199,7,8569,73508,28,22,0.0000,0.0000,0.0000,77.0000,10.0700
1,5,0,5,3,17,199,7,8569,73508,27,22,0.0000,0.0000,0.0000,77.0000,10.0700
1,5,1,5,3,17,143,15,8569,107363,19,22,0.0000,0.0000,0.0000,77.0000,10.0700
1,5,0,7,5,15,175,15,8569,107363,6,22,0.0000,0.0000,0.0000,77.0000,10.0700
1,5,1,6,4,14,143,15,8569,107363,16,22,0.0000,0.0000,0.0000,77.0000,10.0700
1,5,0,13,4,17,143,15,8569,107363,21,22,0.0000,0.0000,0.0000,77.0000,10.0700
1,5,0,6,4,14,143,15,8569,107363,13,22,0.0000,0.0000,0.0000,77.0000,10.0700
1,5,0,6,7,14,175,15,8569,107363,2,22,0.0000,0.0000,0.0000,77.0000,10.0700
1,5,0,6,5,14,143,15,8569,107363,20,22,0.0000,0.0000,0.0000,77.0000,10.0700
1,5,0,5,5,17,143,15,8569,107363,13,22,0.0000,0.0000,0.0000,77.0000,10.0700
1,5,0,12,3,23,143,15,8569,107363,20,22,0.0000,0.0000,0.0000,77.0000,10.0700
1,5,0,5,5,17,175,15,8569,107363,4,22,0.0000,0.0000,0.0000,77.0000,10.0700
1,5,0,6,1,14,143,15,8569,107363,10,22,0.0000,0.0000,0.0000,77.0000,10.0700
1,5,0,15,1,27,143,15,8569,107363,15,22,0.0000,0.0000,0.0000,77.0000,10.0700
1,5,0,15,4,27,175,15,8569,107363,5,22,0.0000,0.0000,0.0000,77.0000,10.0700
1,5,0,4,8,13,175,15,8569,107363,5,22,0.0000,0.0000,0.0000,77.0000,10.0700
1,5,0,7,4,15,175,15,8569,107363,2,22,0.0000,0.0000,0.0000,77.0000,10.0700
1,5,0,7,5,15,175,15,8569,107363,2,22,0.0000,0.0000,0.0000,77.0000,10.0700
1,5,0,11,5,17,143,15,8569,107363,11,22,0.0000,0.0000,0.0000,77.0000,10.0700
1,5,0,13,5,17,143,15,8569,107363,17,22,0.0000,0.0000,0.0000,77.0000,10.0700
1,5,0,7,5,15,175,15,8569,107363,1,22,0.0000,0.0000,0.0000,77.0000,10.0700
1,5,0,6,5,14,143,15,8569,107363,12,22,0.0000,0.0000,0.0000,77.0000,10.0700
1,5,0,6,1,14,143,15,8569,107363,18,22,0.0000,0.0000,0.0000,77.0000,10.0700
1,5,0,11,5,17,172,3,8569,75506,10,22,0.0000,0.0000,0.0000,77.0000,10.0700
1,5,1,16,5,21,228,16,8569,15023,1,22,0.0000,0.0000,0.0000,77.0000,10.0700
1,5,0,14,4,9,145,16,8569,15023,13,22,0.0000,0.0000,0.0000,77.0000,10.0700
1,5,1,3,5,30,178,16,8569,15023,5,22,0.0000,0.0000,0.0000,77.0000,10.0700
1,5,0,5,1,17,145,16,8569,15023,9,22,0.0000,0.0000,0.0000,77.0000,10.0700
1,5,0,16,5,21,228,16,8569,15023,4,22,0.0000,0.0000,0.0000,77.0000,10.0700
1,5,0,16,4,21,178,16,8569,15023,4,22,0.0000,0.0000,0.0000,77.0000,10.0700
1,5,0,3,5,30,228,16,8569,15023,2,22,0.0000,0.0000,0.0000,77.0000,10.0700
1,5,0,17,5,17,228,16,8569,15023,2,22,0.0000,0.0000,0.0000,77.0000,10.0700
1,5,0,9,5,11,181,3,8569,75506,3,22,0.0000,0.0000,0.0000,77.0000,10.0700
1,5,0,13,5,17,172,3,8569,75506,9,22,0.0000,0.0000,0.0000,77.0000,10.0700
1,5,1,7,5,15,228,16,8569,15023,1,22,0.0000,0.0000,0.0000,77.0000,10.0700
1,5,0,12,5,23,154,17,8569,46218,21,22,0.0000,0.0000,0.0000,77.0000,10.0700
1,5,0,11,5,17,160,3,8569,75506,19,22,0.0000,0.0000,0.0000,77.0000,10.0700
1,5,1,12,5,23,142,17,8569,46218,25,22,0.0000,0.0000,0.0000,77.0000,10.0700
1,5,0,17,4,17,173,17,8569,46218,7,22,0.0000,0.0000,0.0000,77.0000,10.0700
1,5,0,11,4,17,173,17,8569,46218,18,22,0.0000,0.0000,0.0000,77.0000,10.0700
1,5,0,14,3,9,145,16,8569,15023,13,22,0.0000,0.0000,0.0000,77.0000,10.0700
1,5,0,11,7,17,173,17,8569,46218,5,22,0.0000,0.0000,0.0000,77.0000,10.0700
1,5,0,11,5,17,191,7,8569,73508,3,22,0.0000,0.0000,0.0000,77.0000,10.0700
1,5,0,12,5,23,157,7,8569,73508,27,22,0.0000,0.0000,0.0000,77.0000,10.0700
1,5,0,6,3,14,191,7,8569,73508,1,22,0.0000,0.0000,0.0000,77.0000,10.0700
1,5,0,7,3,15,199,7,8569,73508,19,22,0.0000,0.0000,0.0000,77.0000,10.0700
1,5,0,8,3,16,199,7,8569,73508,27,22,0.0000,0.0000,0.0000,77.0000,10.0700
1,5,0,15,3,27,199,7,8569,73508,17,22,0.0000,0.0000,0.0000,77.0000,10.0700
1,5,0,11,6,17,180,7,8569,73508,1,22,0.0000,0.0000,0.0000,77.0000,10.0700
1,5,0,15,5,27,150,11,8569,23463,14,22,0.0000,0.0000,0.0000,77.0000,10.0700
1,5,0,8,5,16,162,11,8569,23463,16,22,0.0000,0.0000,0.0000,77.0000,10.0700
1,5,0,16,3,21,100,11,8569,23463,13,22,0.0000,0.0000,0.0000,77.0000,10.0700
1,5,1,13,5,17,162,11,8569,23463,14,22,0.0000,0.0000,0.0000,77.0000,10.0700
1,5,0,13,2,17,100,11,8569,23463,8,22,0.0000,0.0000,0.0000,77.0000,10.0700
1,5,1,16,5,21,200,11,8569,23463,3,22,0.0000,0.0000,0.0000,77.0000,10.0700
1,5,1,11,5,17,129,11,8569,23463,11,22,0.0000,0.0000,0.0000,77.0000,10.0700
1,5,0,16,5,21,150,11,8569,23463,19,22,0.0000,0.0000,0.0000,77.0000,10.0700
1,5,1,8,5,16,150,11,8569,23463,13,22,0.0000,0.0000,0.0000,77.0000,10.0700
1,5,1,10,5,13,150,11,8569,23463,15,22,0.0000,0.0000,0.0000,77.0000,10.0700
1,5,0,10,4,13,150,11,8569,23463,13,22,0.0000,0.0000,0.0000,77.0000,10.0700
1,5,0,11,5,17,150,11,8569,23463,16,22,0.0000,0.0000,0.0000,77.0000,10.0700
1,5,0,11,5,17,191,7,8569,73508,1,22,0.0000,0.0000,0.0000,77.0000,10.0700
1,5,0,12,5,23,145,16,8569,15023,12,22,0.0000,0.0000,0.0000,77.0000,10.0700
1,5,0,17,3,17,145,16,8569,15023,13,22,0.0000,0.0000,0.0000,77.0000,10.0700
1,5,0,16,9,21,178,16,8569,15023,8,22,0.0000,0.0000,0.0000,77.0000,10.0700
1,5,0,13,3,17,145,16,8569,15023,14,22,0.0000,0.0000,0.0000,77.0000,10.0700
1,5,0,11,5,17,228,16,8569,15023,2,22,0.0000,0.0000,0.0000,77.0000,10.0700
1,5,0,10,3,13,160,3,8569,75506,2,22,0.0000,0.0000,0.0000,77.0000,10.0700
1,5,0,15,3,27,143,15,8569,107363,13,22,0.0000,0.0000,0.0000,77.0000,10.0700
1,5,0,13,3,17,129,15,8569,107363,11,22,0.0000,0.0000,0.0000,77.0000,10.0700
1,5,0,13,1,17,175,15,8569,107363,6,22,0.0000,0.0000,0.0000,77.0000,10.0700
1,5,0,11,1,17,175,15,8569,107363,7,22,0.0000,0.0000,0.0000,77.0000,10.0700
1,5,0,14,5,9,143,15,8569,107363,21,22,0.0000,0.0000,0.0000,77.0000,10.0700
1,5,0,17,5,17,143,15,8569,107363,13,22,0.0000,0.0000,0.0000,77.0000,10.0700
1,5,0,8,3,16,143,15,8569,107363,21,22,0.0000,0.0000,0.0000,77.0000,10.0700
1,5,0,15,3,27,143,15,8569,107363,20,22,0.0000,0.0000,0.0000,77.0000,10.0700
1,5,0,8,4,16,143,15,8569,107363,14,22,0.0000,0.0000,0.0000,77.0000,10.0700
1,5,0,16,4,21,143,15,8569,107363,14,22,0.0000,0.0000,0.0000,77.0000,10.0700
1,5,0,10,5,13,175,15,8569,107363,3,22,0.0000,0.0000,0.0000,77.0000,10.0700
1,5,0,9,4,11,143,15,8569,107363,17,22,0.0000,0.0000,0.0000,77.0000,10.0700
1,5,0,10,4,13,128,3,8569,75506,17,22,0.0000,0.0000,0.0000,77.0000,10.0700
1,5,1,12,5,23,172,3,8569,75506,10,22,0.0000,0.0000,0.0000,77.0000,10.0700
1,5,0,7,5,15,160,3,8569,75506,5,22,0.0000,0.0000,0.0000,77.0000,10.0700
1,5,0,10,4,13,228,16,8569,15023,1,22,0.0000,0.0000,0.0000,77.0000,10.0700
1,5,0,8,3,16,129,2,8569,6713,11,22,0.0000,0.0000,0.0000,77.0000,10.0700
1,5,0,8,5,16,145,16,8569,15023,12,22,0.0000,0.0000,0.0000,77.0000,10.0700
1,5,0,14,5,9,199,7,8569,73508,20,22,0.0000,0.0000,0.0000,77.0000,10.0700
1,5,0,10,5,13,191,7,8569,73508,1,22,0.0000,0.0000,0.0000,77.0000,10.0700
1,5,0,12,5,23,191,7,8569,73508,1,22,0.0000,0.0000,0.0000,77.0000,10.0700
1,5,0,6,3,14,150,3,8569,75506,19,22,0.0000,0.0000,0.0000,77.0000,10.0700
1,5,0,9,3,11,187,3,8569,75506,4,22,0.0000,0.0000,0.0000,77.0000,10.0700
1,5,0,9,4,11,129,2,8569,6713,11,22,0.0000,0.0000,0.0000,77.0000,10.0700
1,5,1,13,3,17,187,3,8569,75506,18,22,0.0000,0.0000,0.0000,77.0000,10.0700
1,5,0,16,7,21,228,16,8569,15023,3,22,0.0000,0.0000,0.0000,77.0000,10.0700
1,5,1,12,3,23,129,2,8569,6713,11,22,0.0000,0.0000,0.0000,77.0000,10.0700
1,5,0,16,4,21,145,16,8569,15023,14,22,0.0000,0.0000,0.0000,77.0000,10.0700
1,5,0,12,5,23,143,15,8569,107363,17,22,0.0000,0.0000,0.0000,77.0000,10.0700
1,5,0,11,1,17,143,15,8569,107363,14,22,0.0000,0.0000,0.0000,77.0000,10.0700
1,5,0,13,5,17,175,15,8569,107363,3,22,0.0000,0.0000,0.0000,77.0000,10.0700
1,5,0,17,2,17,143,15,8569,107363,9,22,0.0000,0.0000,0.0000,77.0000,10.0700
1,5,0,15,5,27,175,15,8569,107363,3,22,0.0000,0.0000,0.0000,77.0000,10.0700
1,5,0,15,5,27,175,15,8569,107363,2,22,0.0000,0.0000,0.0000,77.0000,10.0700
1,5,0,15,4,27,143,15,8569,107363,15,22,0.0000,0.0000,0.0000,77.0000,10.0700
1,5,0,9,4,11,143,15,8569,107363,21,22,0.0000,0.0000,0.0000,77.0000,10.0700
1,5,0,15,4,27,175,15,8569,107363,7,22,0.0000,0.0000,0.0000,77.0000,10.0700
1,5,0,16,4,21,175,15,8569,107363,5,22,0.0000,0.0000,0.0000,77.0000,10.0700
1,5,0,12,4,23,143,15,8569,107363,21,22,0.0000,0.0000,0.0000,77.0000,10.0700
1,5,0,15,5,27,175,15,8569,107363,4,22,0.0000,0.0000,0.0000,77.0000,10.0700
1,5,0,14,7,9,175,15,8569,107363,3,22,0.0000,0.0000,0.0000,77.0000,10.0700
1,5,1,15,4,27,143,15,8569,107363,20,22,0.0000,0.0000,0.0000,77.0000,10.0700
1,5,0,16,5,21,228,16,8569,15023,3,22,0.0000,0.0000,0.0000,77.0000,10.0700
1,5,0,11,5,17,186,9,8569,9496,1,22,0.0000,0.0000,0.0000,77.0000,10.0700
1,5,1,15,5,27,230,9,8569,9496,3,22,0.0000,0.0000,0.0000,77.0000,10.0700
1,5,1,12,5,23,178,16,8569,15023,6,22,0.0000,0.0000,0.0000,77.0000,10.0700
1,5,1,12,5,23,178,16,8569,15023,5,22,0.0000,0.0000,0.0000,77.0000,10.0700
1,5,0,12,4,23,228,16,8569,15023,4,22,0.0000,0.0000,0.0000,77.0000,10.0700
1,5,0,10,3,13,100,11,8569,23463,13,22,0.0000,0.0000,0.0000,77.0000,10.0700
1,5,0,10,3,13,110,7,8569,73508,18,22,0.0000,0.0000,0.0000,77.0000,10.0700
1,5,1,17,5,17,162,11,8569,23463,15,22,0.0000,0.0000,0.0000,77.0000,10.0700
1,5,0,15,5,27,191,7,8569,73508,1,22,0.0000,0.0000,0.0000,77.0000,10.0700
1,5,0,17,5,17,100,11,8569,23463,9,22,0.0000,0.0000,0.0000,77.0000,10.0700
1,5,0,14,9,9,150,11,8569,23463,8,22,0.0000,0.0000,0.0000,77.0000,10.0700
1,5,1,16,5,21,100,11,8569,23463,13,22,0.0000,0.0000,0.0000,77.0000,10.0700
1,5,0,12,4,23,100,11,8569,23463,12,22,0.0000,0.0000,0.0000,77.0000,10.0700
1,5,0,15,5,27,157,7,8569,73508,21,22,0.0000,0.0000,0.0000,77.0000,10.0700
1,5,0,13,3,17,191,7,8569,73508,1,22,0.0000,0.0000,0.0000,77.0000,10.0700
1,5,0,10,3,13,199,7,8569,73508,19,22,0.0000,0.0000,0.0000,77.0000,10.0700
1,5,0,11,3,17,199,7,8569,73508,27,22,0.0000,0.0000,0.0000,77.0000,10.0700
1,5,0,12,5,23,143,15,8569,107363,11,22,0.0000,0.0000,0.0000,77.0000,10.0700
1,5,0,15,5,27,143,15,8569,107363,12,22,0.0000,0.0000,0.0000,77.0000,10.0700
1,5,0,12,1,23,143,15,8569,107363,11,22,0.0000,0.0000,0.0000,77.0000,10.0700
1,5,0,15,5,27,143,15,8569,107363,9,22,0.0000,0.0000,0.0000,77.0000,10.0700
1,5,0,12,4,23,143,15,8569,107363,11,22,0.0000,0.0000,0.0000,77.0000,10.0700
1,5,0,17,2,17,100,11,8569,23463,8,22,0.0000,0.0000,0.0000,77.0000,10.0700
1,5,0,17,5,17,162,11,8569,23463,16,22,0.0000,0.0000,0.0000,77.0000,10.0700
1,5,0,17,4,17,150,11,8569,23463,13,22,0.0000,0.0000,0.0000,77.0000,10.0700
1,5,0,15,5,27,173,17,8569,46218,7,22,0.0000,0.0000,0.0000,77.0000,10.0700
1,5,0,14,4,9,173,17,8569,46218,11,22,0.0000,0.0000,0.0000,77.0000,10.0700
1,5,0,18,6,5,178,16,8569,15023,5,22,0.0000,0.0000,0.0000,77.0000,10.0700
1,5,0,18,5,5,178,16,8569,15023,7,22,0.0000,0.0000,0.0000,77.0000,10.0700
1,5,0,16,4,21,145,16,8569,15023,12,22,0.0000,0.0000,0.0000,77.0000,10.0700
1,5,0,17,6,17,178,16,8569,15023,5,22,0.0000,0.0000,0.0000,77.0000,10.0700
1,5,0,16,4,21,228,16,8569,15023,1,22,0.0000,0.0000,0.0000,77.0000,10.0700
1,5,0,18,3,5,228,16,8569,15023,1,22,0.0000,0.0000,0.0000,77.0000,10.0700
1,5,0,12,4,23,150,3,8569,75506,21,22,0.0000,0.0000,0.0000,77.0000,10.0700
1,5,0,11,4,17,178,16,8569,15023,9,22,0.0000,0.0000,0.0000,77.0000,10.0700
1,5,0,15,5,27,172,3,8569,75506,9,22,0.0000,0.0000,0.0000,77.0000,10.0700
1,5,0,15,3,27,150,3,8569,75506,19,22,0.0000,0.0000,0.0000,77.0000,10.0700
1,5,0,13,3,17,129,2,8569,6713,11,22,0.0000,0.0000,0.0000,77.0000,10.0700
1,5,1,11,4,17,129,2,8569,6713,11,22,0.0000,0.0000,0.0000,77.0000,10.0700
1,5,0,17,4,17,178,16,8569,15023,4,22,0.0000,0.0000,0.0000,77.0000,10.0700
1,5,0,19,4,3,228,16,8569,15023,4,22,0.0000,0.0000,0.0000,77.0000,10.0700
1,5,0,15,3,27,129,2,8569,6713,11,22,0.0000,0.0000,0.0000,77.0000,10.0700
1,5,0,19,5,3,228,16,8569,15023,1,22,0.0000,0.0000,0.0000,77.0000,10.0700
1,5,0,18,1,5,178,16,8569,15023,8,22,0.0000,0.0000,0.0000,77.0000,10.0700
1,5,0,15,4,27,100,11,8569,23463,13,22,0.0000,0.0000,0.0000,77.0000,10.0700
1,5,0,15,5,27,100,11,8569,23463,9,22,0.0000,0.0000,0.0000,77.0000,10.0700
1,5,0,16,4,21,143,15,8569,107363,14,22,0.0000,0.0000,0.0000,77.0000,10.0700
1,5,0,15,5,27,143,15,8569,107363,15,22,0.0000,0.0000,0.0000,77.0000,10.0700
1,5,0,13,5,17,143,15,8569,107363,13,22,0.0000,0.0000,0.0000,77.0000,10.0700
1,5,0,16,1,21,143,15,8569,107363,13,22,0.0000,0.0000,0.0000,77.0000,10.0700
1,5,0,17,5,17,143,15,8569,107363,21,22,0.0000,0.0000,0.0000,77.0000,10.0700
1,5,0,17,4,17,143,15,8569,107363,21,22,0.0000,0.0000,0.0000,77.0000,10.0700
1,5,0,17,1,17,178,16,8569,15023,6,22,0.0000,0.0000,0.0000,77.0000,10.0700
1,5,0,11,9,35,199,7,17725,73508,29,43,0.0000,0.0000,0.0000,65.0000,6.7100
1,5,0,11,10,35,199,7,17725,73508,23,43,0.0000,0.0000,0.0000,65.0000,6.7100
1,5,1,3,8,40,193,7,17725,73508,15,43,0.0000,0.0000,0.0000,65.0000,6.7100
1,5,0,1,7,17,191,7,17725,73508,1,43,0.0000,0.0000,0.0000,65.0000,6.7100
1,5,0,9,7,33,199,7,17725,73508,21,43,0.0000,0.0000,0.0000,65.0000,6.7100
1,5,0,9,4,33,160,7,17725,73508,20,43,0.0000,0.0000,0.0000,65.0000,6.7100
1,5,0,2,4,29,160,7,17725,73508,17,43,0.0000,0.0000,0.0000,65.0000,6.7100
1,5,0,4,10,59,168,7,17725,73508,23,43,0.0000,0.0000,0.0000,65.0000,6.7100
1,5,0,2,10,29,226,7,17725,73508,28,43,0.0000,0.0000,0.0000,65.0000,6.7100
1,5,0,3,8,40,199,7,17725,73508,23,43,0.0000,0.0000,0.0000,65.0000,6.7100
1,5,0,4,11,59,168,7,17725,73508,22,43,0.0000,0.0000,0.0000,65.0000,6.7100
1,5,0,4,10,59,193,7,17725,73508,15,43,0.0000,0.0000,0.0000,65.0000,6.7100
1,5,0,2,1,29,160,7,17725,73508,19,43,0.0000,0.0000,0.0000,65.0000,6.7100
1,5,0,2,8,29,199,7,17725,73508,23,43,0.0000,0.0000,0.0000,65.0000,6.7100
1,5,0,15,4,32,180,7,17725,73508,6,43,0.0000,0.0000,0.0000,65.0000,6.7100
1,5,0,2,2,29,149,1,17725,20315,11,43,0.0000,0.0000,0.0000,65.0000,6.7100
1,5,1,4,4,59,146,1,17725,20315,8,43,0.0000,0.0000,0.0000,65.0000,6.7100
1,5,0,4,4,59,146,1,17725,20315,7,43,0.0000,0.0000,0.0000,65.0000,6.7100
1,5,0,2,4,29,119,1,17725,20315,12,43,0.0000,0.0000,0.0000,65.0000,6.7100
1,5,0,2,4,29,149,1,17725,20315,13,43,0.0000,0.0000,0.0000,65.0000,6.7100
1,5,0,1,4,17,150,9,17725,9496,14,43,0.0000,0.0000,0.0000,65.0000,6.7100
1,5,0,7,11,33,189,10,17725,6791,1,43,0.0000,0.0000,0.0000,65.0000,6.7100
1,5,0,4,11,59,189,10,17725,6791,1,43,0.0000,0.0000,0.0000,65.0000,6.7100
1,5,0,2,1,29,50,14,17725,62105,5,43,0.0000,0.0000,0.0000,65.0000,6.7100
1,5,0,11,2,35,66,14,17725,62105,10,43,0.0000,0.0000,0.0000,65.0000,6.7100
1,5,1,5,4,37,76,14,17725,62105,5,43,0.0000,0.0000,0.0000,65.0000,6.7100
1,5,0,8,2,32,50,14,17725,62105,16,43,0.0000,0.0000,0.0000,65.0000,6.7100
1,5,0,3,1,40,50,14,17725,62105,16,43,0.0000,0.0000,0.0000,65.0000,6.7100
1,5,0,4,5,59,76,14,17725,62105,3,43,0.0000,0.0000,0.0000,65.0000,6.7100
1,5,0,4,2,59,76,14,17725,62105,1,43,0.0000,0.0000,0.0000,65.0000,6.7100
1,5,0,3,1,40,66,14,17725,62105,15,43,0.0000,0.0000,0.0000,65.0000,6.7100
1,5,0,3,1,40,66,14,17725,62105,14,43,0.0000,0.0000,0.0000,65.0000,6.7100
1,5,0,5,10,37,294,10,17725,6791,5,43,0.0000,0.0000,0.0000,65.0000,6.7100
1,5,0,3,11,40,129,10,17725,6791,11,43,0.0000,0.0000,0.0000,65.0000,6.7100
1,5,0,6,11,40,294,10,17725,6791,7,43,0.0000,0.0000,0.0000,65.0000,6.7100
1,5,0,4,10,59,273,3,17725,75506,19,43,0.0000,0.0000,0.0000,65.0000,6.7100
1,5,0,1,5,17,181,3,17725,75506,3,43,0.0000,0.0000,0.0000,65.0000,6.7100
1,5,0,10,5,32,285,3,17725,75506,2,43,0.0000,0.0000,0.0000,65.0000,6.7100
1,5,0,2,11,29,181,3,17725,75506,5,43,0.0000,0.0000,0.0000,65.0000,6.7100
1,5,0,3,9,40,160,3,17725,75506,3,43,0.0000,0.0000,0.0000,65.0000,6.7100
1,5,0,1,10,17,129,11,17725,23463,11,43,0.0000,0.0000,0.0000,65.0000,6.7100
1,5,1,4,10,59,129,11,17725,23463,11,43,0.0000,0.0000,0.0000,65.0000,6.7100
1,5,0,2,11,29,129,11,17725,23463,11,43,0.0000,0.0000,0.0000,65.0000,6.7100
1,5,0,3,10,40,129,11,17725,23463,11,43,0.0000,0.0000,0.0000,65.0000,6.7100
1,5,1,19,9,16,129,11,17725,23463,11,43,0.0000,0.0000,0.0000,65.0000,6.7100
1,5,0,4,10,59,129,11,17725,23463,11,43,0.0000,0.0000,0.0000,65.0000,6.7100
1,5,0,1,10,17,129,11,17725,23463,11,43,0.0000,0.0000,0.0000,65.0000,6.7100
1,5,0,3,2,40,145,16,17725,15023,13,43,0.0000,0.0000,0.0000,65.0000,6.7100
1,5,0,3,9,40,181,3,17725,75506,4,43,0.0000,0.0000,0.0000,65.0000,6.7100
1,5,0,2,9,29,187,3,17725,75506,5,43,0.0000,0.0000,0.0000,65.0000,6.7100
1,5,0,4,9,59,187,3,17725,75506,10,43,0.0000,0.0000,0.0000,65.0000,6.7100
1,5,0,19,8,16,293,7,17725,73508,2,43,0.0000,0.0000,0.0000,65.0000,6.7100
1,5,0,2,3,29,191,7,17725,73508,1,43,0.0000,0.0000,0.0000,65.0000,6.7100
1,5,0,3,3,40,234,7,17725,73508,17,43,0.0000,0.0000,0.0000,65.0000,6.7100
1,5,0,3,2,40,160,7,17725,73508,18,43,0.0000,0.0000,0.0000,65.0000,6.7100
1,5,0,2,4,29,157,1,17725,20315,12,43,0.0000,0.0000,0.0000,65.0000,6.7100
1,5,0,10,4,32,157,1,17725,20315,13,43,0.0000,0.0000,0.0000,65.0000,6.7100
1,5,0,3,1,40,181,1,17725,20315,2,43,0.0000,0.0000,0.0000,65.0000,6.7100
1,5,1,15,4,32,157,1,17725,20315,12,43,0.0000,0.0000,0.0000,65.0000,6.7100
1,5,0,12,4,37,181,1,17725,20315,4,43,0.0000,0.0000,0.0000,65.0000,6.7100
1,5,0,3,10,40,181,1,17725,20315,4,43,0.0000,0.0000,0.0000,65.0000,6.7100
1,5,0,17,10,29,181,1,17725,20315,6,43,0.0000,0.0000,0.0000,65.0000,6.7100
1,5,0,11,2,35,119,1,17725,20315,12,43,0.0000,0.0000,0.0000,65.0000,6.7100
1,5,0,4,11,59,185,1,17725,20315,2,43,0.0000,0.0000,0.0000,65.0000,6.7100
1,5,0,6,10,40,185,1,17725,20315,1,43,0.0000,0.0000,0.0000,65.0000,6.7100
1,5,0,3,10,40,149,1,17725,20315,13,43,0.0000,0.0000,0.0000,65.0000,6.7100
1,5,0,6,10,40,149,1,17725,20315,11,43,0.0000,0.0000,0.0000,65.0000,6.7100
1,5,0,3,5,40,181,3,17725,75506,5,43,0.0000,0.0000,0.0000,65.0000,6.7100
1,5,0,3,5,40,181,3,17725,75506,4,43,0.0000,0.0000,0.0000,65.0000,6.7100
1,5,0,2,7,29,181,3,17725,75506,3,43,0.0000,0.0000,0.0000,65.0000,6.7100
1,5,0,2,2,29,187,3,17725,75506,8,43,0.0000,0.0000,0.0000,65.0000,6.7100
1,5,0,3,6,40,129,2,17725,6713,11,43,0.0000,0.0000,0.0000,65.0000,6.7100
1,5,0,3,3,40,129,2,17725,6713,11,43,0.0000,0.0000,0.0000,65.0000,6.7100
1,5,0,1,7,17,173,17,17725,46218,5,43,0.0000,0.0000,0.0000,65.0000,6.7100
1,5,0,4,10,59,337,17,17725,46218,1,43,0.0000,0.0000,0.0000,65.0000,6.7100
1,5,0,4,11,59,173,17,17725,46218,6,43,0.0000,0.0000,0.0000,65.0000,6.7100
1,5,0,7,10,33,169,17,17725,46218,22,43,0.0000,0.0000,0.0000,65.0000,6.7100
1,5,0,4,7,59,173,17,17725,46218,6,43,0.0000,0.0000,0.0000,65.0000,6.7100
1,5,0,9,10,33,170,17,17725,46218,21,43,0.0000,0.0000,0.0000,65.0000,6.7100
1,5,0,4,2,59,142,17,17725,46218,19,43,0.0000,0.0000,0.0000,65.0000,6.7100
1,5,0,1,4,17,173,17,17725,46218,5,43,0.0000,0.0000,0.0000,65.0000,6.7100
1,5,0,2,2,29,120,17,17725,46218,21,43,0.0000,0.0000,0.0000,65.0000,6.7100
1,5,0,6,10,40,169,17,17725,46218,20,43,0.0000,0.0000,0.0000,65.0000,6.7100
1,5,0,3,10,40,129,17,17725,46218,11,43,0.0000,0.0000,0.0000,65.0000,6.7100
1,5,0,4,4,59,154,17,17725,46218,3,43,0.0000,0.0000,0.0000,65.0000,6.7100
1,5,0,4,10,59,179,17,17725,46218,1,43,0.0000,0.0000,0.0000,65.0000,6.7100
1,5,0,3,7,40,173,17,17725,46218,7,43,0.0000,0.0000,0.0000,65.0000,6.7100
1,5,0,4,10,59,173,17,17725,46218,4,43,0.0000,0.0000,0.0000,65.0000,6.7100
1,5,0,7,11,33,216,17,17725,46218,18,43,0.0000,0.0000,0.0000,65.0000,6.7100
1,5,0,2,1,29,154,17,17725,46218,21,43,0.0000,0.0000,0.0000,65.0000,6.7100
1,5,0,2,2,29,154,17,17725,46218,19,43,0.0000,0.0000,0.0000,65.0000,6.7100
1,5,0,4,11,59,154,17,17725,46218,9,43,0.0000,0.0000,0.0000,65.0000,6.7100
1,5,0,2,6,29,179,17,17725,46218,1,43,0.0000,0.0000,0.0000,65.0000,6.7100
1,5,0,1,6,17,291,17,17725,46218,23,43,0.0000,0.0000,0.0000,65.0000,6.7100
1,5,0,4,1,59,154,17,17725,46218,20,43,0.0000,0.0000,0.0000,65.0000,6.7100
1,5,0,4,6,59,179,17,17725,46218,1,43,0.0000,0.0000,0.0000,65.0000,6.7100
1,5,0,4,11,59,216,17,17725,46218,18,43,0.0000,0.0000,0.0000,65.0000,6.7100
1,5,0,4,11,59,169,17,17725,46218,21,43,0.0000,0.0000,0.0000,65.0000,6.7100
1,5,0,2,1,29,178,16,17725,15023,6,43,0.0000,0.0000,0.0000,65.0000,6.7100
1,5,0,19,5,16,181,3,17725,75506,4,43,0.0000,0.0000,0.0000,65.0000,6.7100
1,5,0,3,5,40,160,3,17725,75506,5,43,0.0000,0.0000,0.0000,65.0000,6.7100
1,5,0,1,7,17,181,3,17725,75506,5,43,0.0000,0.0000,0.0000,65.0000,6.7100
1,5,0,2,5,29,181,3,17725,75506,2,43,0.0000,0.0000,0.0000,65.0000,6.7100
1,5,0,2,5,29,143,15,17725,107363,19,43,0.0000,0.0000,0.0000,65.0000,6.7100
1,5,0,2,8,29,175,15,17725,107363,7,43,0.0000,0.0000,0.0000,65.0000,6.7100
1,5,0,3,10,40,143,15,17725,107363,12,43,0.0000,0.0000,0.0000,65.0000,6.7100
1,5,0,3,8,40,175,15,17725,107363,5,43,0.0000,0.0000,0.0000,65.0000,6.7100
1,5,0,1,2,17,143,15,17725,107363,11,43,0.0000,0.0000,0.0000,65.0000,6.7100
1,5,0,2,8,29,175,15,17725,107363,2,43,0.0000,0.0000,0.0000,65.0000,6.7100
1,5,0,1,1,17,143,15,17725,107363,17,43,0.0000,0.0000,0.0000,65.0000,6.7100
1,5,0,3,1,40,143,15,17725,107363,8,43,0.0000,0.0000,0.0000,65.0000,6.7100
1,5,1,1,4,17,143,15,17725,107363,15,43,0.0000,0.0000,0.0000,65.0000,6.7100
1,5,0,2,5,29,143,15,17725,107363,13,43,0.0000,0.0000,0.0000,65.0000,6.7100
1,5,0,1,2,17,143,15,17725,107363,16,43,0.0000,0.0000,0.0000,65.0000,6.7100
1,5,0,2,2,29,143,15,17725,107363,20,43,0.0000,0.0000,0.0000,65.0000,6.7100
1,5,0,13,5,30,285,3,17725,75506,2,43,0.0000,0.0000,0.0000,65.0000,6.7100
1,5,0,1,2,17,175,15,17725,107363,7,43,0.0000,0.0000,0.0000,65.0000,6.7100
1,5,0,3,2,40,143,15,17725,107363,14,43,0.0000,0.0000,0.0000,65.0000,6.7100
1,5,0,1,2,17,143,15,17725,107363,21,43,0.0000,0.0000,0.0000,65.0000,6.7100
1,5,0,3,10,40,247,3,17725,75506,5,43,0.0000,0.0000,0.0000,65.0000,6.7100
1,5,0,3,6,40,128,3,17725,75506,19,43,0.0000,0.0000,0.0000,65.0000,6.7100
1,5,0,4,10,59,172,3,17725,75506,1,43,0.0000,0.0000,0.0000,65.0000,6.7100
1,5,0,1,10,17,181,3,17725,75506,3,43,0.0000,0.0000,0.0000,65.0000,6.7100
1,5,0,5,10,37,102,3,17725,75506,5,43,0.0000,0.0000,0.0000,65.0000,6.7100
1,5,0,3,10,40,145,16,17725,15023,12,43,0.0000,0.0000,0.0000,65.0000,6.7100
1,5,0,4,11,59,181,3,17725,75506,5,43,0.0000,0.0000,0.0000,65.0000,6.7100
1,5,0,4,11,59,181,3,17725,75506,5,43,0.0000,0.0000,0.0000,65.0000,6.7100
1,5,0,2,10,29,190,3,17725,75506,18,43,0.0000,0.0000,0.0000,65.0000,6.7100
1,5,0,2,10,29,102,3,17725,75506,6,43,0.0000,0.0000,0.0000,65.0000,6.7100
1,5,0,4,7,59,181,3,17725,75506,5,43,0.0000,0.0000,0.0000,65.0000,6.7100
1,5,0,3,10,40,181,3,17725,75506,5,43,0.0000,0.0000,0.0000,65.0000,6.7100
1,5,0,3,10,40,102,3,17725,75506,5,43,0.0000,0.0000,0.0000,65.0000,6.7100
1,5,0,1,9,17,187,3,17725,75506,18,43,0.0000,0.0000,0.0000,65.0000,6.7100
1,5,0,4,10,59,102,3,17725,75506,5,43,0.0000,0.0000,0.0000,65.0000,6.7100
1,5,1,4,3,59,128,3,17725,75506,5,43,0.0000,0.0000,0.0000,65.0000,6.7100
1,5,0,2,7,29,191,7,17725,73508,1,43,0.0000,0.0000,0.0000,65.0000,6.7100
1,5,0,4,11,59,226,7,17725,73508,23,43,0.0000,0.0000,0.0000,65.0000,6.7100
1,5,0,5,8,37,291,7,17725,73508,9,43,0.0000,0.0000,0.0000,65.0000,6.7100
1,5,0,5,10,37,211,7,17725,73508,29,43,0.0000,0.0000,0.0000,65.0000,6.7100
1,5,0,4,10,59,181,3,17725,75506,5,43,0.0000,0.0000,0.0000,65.0000,6.7100
1,5,0,8,9,32,187,3,17725,75506,8,43,0.0000,0.0000,0.0000,65.0000,6.7100
1,5,0,5,8,37,160,7,17725,73508,19,43,0.0000,0.0000,0.0000,65.0000,6.7100
1,5,0,7,8,33,234,7,17725,73508,16,43,0.0000,0.0000,0.0000,65.0000,6.7100
1,5,0,4,2,59,110,7,17725,73508,14,43,0.0000,0.0000,0.0000,65.0000,6.7100
1,5,0,9,8,33,199,7,17725,73508,27,43,0.0000,0.0000,0.0000,65.0000,6.7100
1,5,1,13,2,30,160,7,17725,73508,18,43,0.0000,0.0000,0.0000,65.0000,6.7100
1,5,0,15,1,32,160,7,17725,73508,18,43,0.0000,0.0000,0.0000,65.0000,6.7100
1,5,0,5,5,37,132,7,17725,73508,19,43,0.0000,0.0000,0.0000,65.0000,6.7100
1,5,0,6,2,40,110,7,17725,73508,19,43,0.0000,0.0000,0.0000,65.0000,6.7100
1,5,0,5,1,37,110,7,17725,73508,17,43,0.0000,0.0000,0.0000,65.0000,6.7100
1,5,0,5,5,37,132,7,17725,73508,18,43,0.0000,0.0000,0.0000,65.0000,6.7100
1,5,0,6,4,40,160,7,17725,73508,18,43,0.0000,0.0000,0.0000,65.0000,6.7100
1,5,0,6,9,40,199,7,17725,73508,27,43,0.0000,0.0000,0.0000,65.0000,6.7100
1,5,0,7,1,33,191,7,17725,73508,1,43,0.0000,0.0000,0.0000,65.0000,6.7100
1,5,0,10,10,32,246,7,17725,73508,17,43,0.0000,0.0000,0.0000,65.0000,6.7100
1,5,0,8,7,32,160,7,17725,73508,19,43,0.0000,0.0000,0.0000,65.0000,6.7100
1,5,0,5,5,37,181,3,17725,75506,3,43,0.0000,0.0000,0.0000,65.0000,6.7100
1,5,0,6,9,40,179,17,17725,46218,1,43,0.0000,0.0000,0.0000,65.0000,6.7100
1,5,0,8,7,32,216,17,17725,46218,16,43,0.0000,0.0000,0.0000,65.0000,6.7100
1,5,1,9,4,33,291,17,17725,46218,19,43,0.0000,0.0000,0.0000,65.0000,6.7100
1,5,0,12,11,37,173,17,17725,46218,4,43,0.0000,0.0000,0.0000,65.0000,6.7100
1,5,1,8,11,32,169,17,17725,46218,24,43,0.0000,0.0000,0.0000,65.0000,6.7100
1,5,0,6,9,40,173,17,17725,46218,4,43,0.0000,0.0000,0.0000,65.0000,6.7100
1,5,0,12,10,37,169,17,17725,46218,23,43,0.0000,0.0000,0.0000,65.0000,6.7100
1,5,0,7,6,33,169,17,17725,46218,21,43,0.0000,0.0000,0.0000,65.0000,6.7100
1,5,0,6,4,40,173,17,17725,46218,4,43,0.0000,0.0000,0.0000,65.0000,6.7100
1,5,0,6,2,40,142,17,17725,46218,25,43,0.0000,0.0000,0.0000,65.0000,6.7100
1,5,0,6,7,40,173,17,17725,46218,4,43,0.0000,0.0000,0.0000,65.0000,6.7100
1,5,0,9,10,33,173,17,17725,46218,11,43,0.0000,0.0000,0.0000,65.0000,6.7100
1,5,0,12,7,37,216,17,17725,46218,15,43,0.0000,0.0000,0.0000,65.0000,6.7100
1,5,0,6,6,40,173,17,17725,46218,7,43,0.0000,0.0000,0.0000,65.0000,6.7100
1,5,0,9,6,33,291,17,17725,46218,24,43,0.0000,0.0000,0.0000,65.0000,6.7100
1,5,0,12,11,37,129,17,17725,46218,11,43,0.0000,0.0000,0.0000,65.0000,6.7100
1,5,1,10,10,32,129,11,17725,23463,11,43,0.0000,0.0000,0.0000,65.0000,6.7100
1,5,0,11,11,35,129,11,17725,23463,11,43,0.0000,0.0000,0.0000,65.0000,6.7100
1,5,0,12,10,37,129,11,17725,23463,11,43,0.0000,0.0000,0.0000,65.0000,6.7100
1,5,0,11,10,35,159,11,17725,23463,5,43,0.0000,0.0000,0.0000,65.0000,6.7100
1,5,0,8,10,32,129,11,17725,23463,11,43,0.0000,0.0000,0.0000,65.0000,6.7100
1,5,0,6,10,40,129,11,17725,23463,11,43,0.0000,0.0000,0.0000,65.0000,6.7100
1,5,0,7,11,33,159,11,17725,23463,2,43,0.0000,0.0000,0.0000,65.0000,6.7100
1,5,0,6,5,40,182,16,17725,15023,3,43,0.0000,0.0000,0.0000,65.0000,6.7100
1,5,0,14,6,31,182,16,17725,15023,3,43,0.0000,0.0000,0.0000,65.0000,6.7100
1,5,0,6,1,40,181,3,17725,75506,5,43,0.0000,0.0000,0.0000,65.0000,6.7100
1,5,0,11,10,35,102,3,17725,75506,5,43,0.0000,0.0000,0.0000,65.0000,6.7100
1,5,0,7,10,33,187,3,17725,75506,4,43,0.0000,0.0000,0.0000,65.0000,6.7100
1,5,0,5,8,37,160,3,17725,75506,7,43,0.0000,0.0000,0.0000,65.0000,6.7100
1,5,0,7,7,33,181,3,17725,75506,4,43,0.0000,0.0000,0.0000,65.0000,6.7100
1,5,0,4,1,59,181,3,17725,75506,4,43,0.0000,0.0000,0.0000,65.0000,6.7100
1,5,0,6,8,40,129,2,17725,6713,11,43,0.0000,0.0000,0.0000,65.0000,6.7100
1,5,0,6,7,40,160,3,17725,75506,5,43,0.0000,0.0000,0.0000,65.0000,6.7100
1,5,0,5,2,37,160,3,17725,75506,5,43,0.0000,0.0000,0.0000,65.0000,6.7100
1,5,0,4,6,59,178,16,17725,15023,6,43,0.0000,0.0000,0.0000,65.0000,6.7100
1,5,0,7,7,33,160,3,17725,75506,3,43,0.0000,0.0000,0.0000,65.0000,6.7100
1,5,1,6,10,40,181,1,17725,20315,2,43,0.0000,0.0000,0.0000,65.0000,6.7100
1,5,0,9,1,33,172,1,17725,20315,16,43,0.0000,0.0000,0.0000,65.0000,6.7100
1,5,0,14,1,31,181,1,17725,20315,3,43,0.0000,0.0000,0.0000,65.0000,6.7100
1,5,0,16,4,18,181,1,17725,20315,2,43,0.0000,0.0000,0.0000,65.0000,6.7100
1,5,0,8,4,32,157,1,17725,20315,13,43,0.0000,0.0000,0.0000,65.0000,6.7100
1,5,0,7,7,33,146,1,17725,20315,8,43,0.0000,0.0000,0.0000,65.0000,6.7100
1,5,0,14,4,31,157,1,17725,20315,10,43,0.0000,0.0000,0.0000,65.0000,6.7100
1,5,1,9,10,33,185,1,17725,20315,2,43,0.0000,0.0000,0.0000,65.0000,6.7100
1,5,1,4,2,59,146,1,17725,20315,8,43,0.0000,0.0000,0.0000,65.0000,6.7100
1,5,1,9,10,33,149,1,17725,20315,4,43,0.0000,0.0000,0.0000,65.0000,6.7100
1,5,0,12,1,37,149,1,17725,20315,11,43,0.0000,0.0000,0.0000,65.0000,6.7100
1,5,0,7,10,33,157,1,17725,20315,8,43,0.0000,0.0000,0.0000,65.0000,6.7100
1,5,0,7,2,33,188,3,17725,75506,19,43,0.0000,0.0000,0.0000,65.0000,6.7100
1,5,0,5,2,37,76,14,17725,62105,3,43,0.0000,0.0000,0.0000,65.0000,6.7100
1,5,0,7,5,33,76,14,17725,62105,4,43,0.0000,0.0000,0.0000,65.0000,6.7100
1,5,1,17,1,29,76,14,17725,62105,5,43,0.0000,0.0000,0.0000,65.0000,6.7100
1,5,1,3,2,40,50,14,17725,62105,15,43,0.0000,0.0000,0.0000,65.0000,6.7100
1,5,0,15,2,32,76,14,17725,62105,3,43,0.0000,0.0000,0.0000,65.0000,6.7100
1,5,0,4,1,59,76,14,17725,62105,4,43,0.0000,0.0000,0.0000,65.0000,6.7100
1,5,1,4,2,59,50,14,17725,62105,17,43,0.0000,0.0000,0.0000,65.0000,6.7100
1,5,0,5,5,37,76,14,17725,62105,2,43,0.0000,0.0000,0.0000,65.0000,6.7100
1,5,1,7,3,33,66,14,17725,62105,13,43,0.0000,0.0000,0.0000,65.0000,6.7100
1,5,1,5,3,37,129,14,17725,62105,11,43,0.0000,0.0000,0.0000,65.0000,6.7100
1,5,0,5,3,37,66,14,17725,62105,14,43,0.0000,0.0000,0.0000,65.0000,6.7100
1,5,0,6,3,40,66,14,17725,62105,13,43,0.0000,0.0000,0.0000,65.0000,6.7100
1,5,0,5,3,37,66,14,17725,62105,14,43,0.0000,0.0000,0.0000,65.0000,6.7100
1,5,0,4,3,59,66,14,17725,62105,15,43,0.0000,0.0000,0.0000,65.0000,6.7100
1,5,1,4,3,59,50,14,17725,62105,16,43,0.0000,0.0000,0.0000,65.0000,6.7100
1,5,0,4,5,59,76,14,17725,62105,4,43,0.0000,0.0000,0.0000,65.0000,6.7100
1,5,0,4,3,59,76,14,17725,62105,4,43,0.0000,0.0000,0.0000,65.0000,6.7100
1,5,0,5,2,37,76,14,17725,62105,5,43,0.0000,0.0000,0.0000,65.0000,6.7100
1,5,0,6,4,40,50,14,17725,62105,15,43,0.0000,0.0000,0.0000,65.0000,6.7100
1,5,0,5,1,37,129,14,17725,62105,11,43,0.0000,0.0000,0.0000,65.0000,6.7100
1,5,0,7,2,33,76,14,17725,62105,5,43,0.0000,0.0000,0.0000,65.0000,6.7100
1,5,0,4,4,59,50,14,17725,62105,17,43,0.0000,0.0000,0.0000,65.0000,6.7100
1,5,0,4,1,59,50,14,17725,62105,18,43,0.0000,0.0000,0.0000,65.0000,6.7100
1,5,0,3,4,40,76,14,17725,62105,3,43,0.0000,0.0000,0.0000,65.0000,6.7100
1,5,0,4,5,59,76,14,17725,62105,3,43,0.0000,0.0000,0.0000,65.0000,6.7100
1,5,0,3,2,40,76,14,17725,62105,4,43,0.0000,0.0000,0.0000,65.0000,6.7100
1,5,0,9,2,33,185,1,17725,20315,1,43,0.0000,0.0000,0.0000,65.0000,6.7100
1,5,0,6,4,40,149,1,17725,20315,3,43,0.0000,0.0000,0.0000,65.0000,6.7100
1,5,0,9,4,33,185,1,17725,20315,2,43,0.0000,0.0000,0.0000,65.0000,6.7100
1,5,0,6,4,40,146,1,17725,20315,7,43,0.0000,0.0000,0.0000,65.0000,6.7100
1,5,0,7,2,33,149,1,17725,20315,12,43,0.0000,0.0000,0.0000,65.0000,6.7100
1,5,0,14,4,31,119,1,17725,20315,11,43,0.0000,0.0000,0.0000,65.0000,6.7100
1,5,1,5,2,37,185,1,17725,20315,2,43,0.0000,0.0000,0.0000,65.0000,6.7100
1,5,1,14,2,31,199,7,17725,73508,24,43,0.0000,0.0000,0.0000,65.0000,6.7100
1,5,0,4,4,59,110,7,17725,73508,18,43,0.0000,0.0000,0.0000,65.0000,6.7100
1,5,0,8,10,32,246,7,17725,73508,18,43,0.0000,0.0000,0.0000,65.0000,6.7100
1,5,0,7,10,33,293,7,17725,73508,14,43,0.0000,0.0000,0.0000,65.0000,6.7100
1,5,0,3,4,40,160,7,17725,73508,9,43,0.0000,0.0000,0.0000,65.0000,6.7100
1,5,0,5,4,37,132,7,17725,73508,18,43,0.0000,0.0000,0.0000,65.0000,6.7100
1,5,0,18,10,24,234,7,17725,73508,15,43,0.0000,0.0000,0.0000,65.0000,6.7100
1,5,0,16,4,18,132,7,17725,73508,16,43,0.0000,0.0000,0.0000,65.0000,6.7100
1,5,0,6,8,40,160,7,17725,73508,18,43,0.0000,0.0000,0.0000,65.0000,6.7100
1,5,0,4,7,59,160,7,17725,73508,19,43,0.0000,0.0000,0.0000,65.0000,6.7100
1,5,0,13,7,30,160,7,17725,73508,19,43,0.0000,0.0000,0.0000,65.0000,6.7100
1,5,0,6,9,40,160,7,17725,73508,19,43,0.0000,0.0000,0.0000,65.0000,6.7100
1,5,0,7,7,33,180,7,17725,73508,5,43,0.0000,0.0000,0.0000,65.0000,6.7100
1,5,0,5,6,37,132,7,17725,73508,18,43,0.0000,0.0000,0.0000,65.0000,6.7100
1,5,0,12,11,37,193,7,17725,73508,14,43,0.0000,0.0000,0.0000,65.0000,6.7100
1,5,0,5,7,37,160,7,17725,73508,19,43,0.0000,0.0000,0.0000,65.0000,6.7100
1,5,0,6,9,40,160,7,17725,73508,5,43,0.0000,0.0000,0.0000,65.0000,6.7100
1,5,0,13,11,30,294,10,17725,6791,7,43,0.0000,0.0000,0.0000,65.0000,6.7100
1,5,0,5,11,37,181,3,17725,75506,5,43,0.0000,0.0000,0.0000,65.0000,6.7100
1,5,0,8,10,32,102,3,17725,75506,6,43,0.0000,0.0000,0.0000,65.0000,6.7100
1,5,0,9,10,33,102,3,17725,75506,5,43,0.0000,0.0000,0.0000,65.0000,6.7100
1,5,0,5,2,37,150,3,17725,75506,20,43,0.0000,0.0000,0.0000,65.0000,6.7100
1,5,0,4,2,59,128,3,17725,75506,20,43,0.0000,0.0000,0.0000,65.0000,6.7100
1,5,0,6,8,40,128,3,17725,75506,19,43,0.0000,0.0000,0.0000,65.0000,6.7100
1,5,0,5,10,37,172,3,17725,75506,9,43,0.0000,0.0000,0.0000,65.0000,6.7100
1,5,0,8,5,32,160,3,17725,75506,20,43,0.0000,0.0000,0.0000,65.0000,6.7100
1,5,0,5,8,37,175,15,17725,107363,5,43,0.0000,0.0000,0.0000,65.0000,6.7100
1,5,0,6,10,40,175,15,17725,107363,4,43,0.0000,0.0000,0.0000,65.0000,6.7100
1,5,0,3,5,40,143,15,17725,107363,13,43,0.0000,0.0000,0.0000,65.0000,6.7100
1,5,0,6,5,40,175,15,17725,107363,5,43,0.0000,0.0000,0.0000,65.0000,6.7100
1,5,0,9,5,33,175,15,17725,107363,1,43,0.0000,0.0000,0.0000,65.0000,6.7100
1,5,0,6,2,40,143,15,17725,107363,14,43,0.0000,0.0000,0.0000,65.0000,6.7100
1,5,0,3,2,40,143,15,17725,107363,13,43,0.0000,0.0000,0.0000,65.0000,6.7100
1,5,0,6,2,40,143,15,17725,107363,22,43,0.0000,0.0000,0.0000,65.0000,6.7100
1,5,0,4,2,59,143,15,17725,107363,10,43,0.0000,0.0000,0.0000,65.0000,6.7100
1,5,0,3,2,40,143,15,17725,107363,13,43,0.0000,0.0000,0.0000,65.0000,6.7100
1,5,0,6,3,40,143,15,17725,107363,15,43,0.0000,0.0000,0.0000,65.0000,6.7100
1,5,0,4,2,59,143,15,17725,107363,19,43,0.0000,0.0000,0.0000,65.0000,6.7100
1,5,0,6,2,40,143,15,17725,107363,17,43,0.0000,0.0000,0.0000,65.0000,6.7100
1,5,0,4,7,59,175,15,17725,107363,1,43,0.0000,0.0000,0.0000,65.0000,6.7100
1,5,1,7,9,33,143,15,17725,107363,16,43,0.0000,0.0000,0.0000,65.0000,6.7100
1,5,1,5,2,37,143,15,17725,107363,11,43,0.0000,0.0000,0.0000,65.0000,6.7100
1,5,0,5,4,37,143,15,17725,107363,17,43,0.0000,0.0000,0.0000,65.0000,6.7100
1,5,0,3,6,40,175,15,17725,107363,5,43,0.0000,0.0000,0.0000,65.0000,6.7100
1,5,0,5,1,37,143,15,17725,107363,19,43,0.0000,0.0000,0.0000,65.0000,6.7100
1,5,0,4,1,59,143,15,17725,107363,13,43,0.0000,0.0000,0.0000,65.0000,6.7100
1,5,0,4,2,59,143,15,17725,107363,11,43,0.0000,0.0000,0.0000,65.0000,6.7100
1,5,0,5,4,37,143,15,17725,107363,13,43,0.0000,0.0000,0.0000,65.0000,6.7100
1,5,0,5,2,37,143,15,17725,107363,18,43,0.0000,0.0000,0.0000,65.0000,6.7100
1,5,0,6,2,40,143,15,17725,107363,16,43,0.0000,0.0000,0.0000,65.0000,6.7100
1,5,0,3,2,40,143,15,17725,107363,21,43,0.0000,0.0000,0.0000,65.0000,6.7100
1,5,0,4,7,59,143,15,17725,107363,14,43,0.0000,0.0000,0.0000,65.0000,6.7100
1,5,1,5,8,37,143,15,17725,107363,13,43,0.0000,0.0000,0.0000,65.0000,6.7100
1,5,0,4,6,59,175,15,17725,107363,4,43,0.0000,0.0000,0.0000,65.0000,6.7100
1,5,0,4,2,59,143,15,17725,107363,15,43,0.0000,0.0000,0.0000,65.0000,6.7100
1,5,0,4,7,59,228,16,17725,15023,3,43,0.0000,0.0000,0.0000,65.0000,6.7100
1,5,0,8,7,32,145,16,17725,15023,11,43,0.0000,0.0000,0.0000,65.0000,6.7100
1,5,0,5,8,37,145,16,17725,15023,14,43,0.0000,0.0000,0.0000,65.0000,6.7100
1,5,0,15,1,32,181,3,17725,75506,5,43,0.0000,0.0000,0.0000,65.0000,6.7100
1,5,0,12,5,37,160,3,17725,75506,19,43,0.0000,0.0000,0.0000,65.0000,6.7100
1,5,0,8,5,32,181,3,17725,75506,4,43,0.0000,0.0000,0.0000,65.0000,6.7100
1,5,0,8,1,32,181,3,17725,75506,5,43,0.0000,0.0000,0.0000,65.0000,6.7100
1,5,0,15,5,32,160,3,17725,75506,19,43,0.0000,0.0000,0.0000,65.0000,6.7100
1,5,0,4,11,59,160,3,17725,75506,6,43,0.0000,0.0000,0.0000,65.0000,6.7100
1,5,0,12,10,37,102,3,17725,75506,5,43,0.0000,0.0000,0.0000,65.0000,6.7100
1,5,0,8,8,32,160,3,17725,75506,2,43,0.0000,0.0000,0.0000,65.0000,6.7100
1,5,0,10,10,32,181,3,17725,75506,5,43,0.0000,0.0000,0.0000,65.0000,6.7100
1,5,0,7,10,33,102,3,17725,75506,5,43,0.0000,0.0000,0.0000,65.0000,6.7100
1,5,0,10,10,32,102,3,17725,75506,5,43,0.0000,0.0000,0.0000,65.0000,6.7100
1,5,0,5,5,37,160,3,17725,75506,5,43,0.0000,0.0000,0.0000,65.0000,6.7100
1,5,0,16,2,18,128,3,17725,75506,19,43,0.0000,0.0000,0.0000,65.0000,6.7100
1,5,0,14,2,31,173,17,17725,46218,7,43,0.0000,0.0000,0.0000,65.0000,6.7100
1,5,0,13,1,30,173,17,17725,46218,5,43,0.0000,0.0000,0.0000,65.0000,6.7100
1,5,0,18,9,24,179,17,17725,46218,1,43,0.0000,0.0000,0.0000,65.0000,6.7100
1,5,0,9,10,33,181,3,17725,75506,2,43,0.0000,0.0000,0.0000,65.0000,6.7100
1,5,0,10,7,32,216,17,17725,46218,15,43,0.0000,0.0000,0.0000,65.0000,6.7100
1,5,0,9,2,33,173,17,17725,46218,5,43,0.0000,0.0000,0.0000,65.0000,6.7100
1,5,0,13,6,30,173,17,17725,46218,6,43,0.0000,0.0000,0.0000,65.0000,6.7100
1,5,0,6,2,40,142,17,17725,46218,25,43,0.0000,0.0000,0.0000,65.0000,6.7100
1,5,0,7,1,33,182,16,17725,15023,1,43,0.0000,0.0000,0.0000,65.0000,6.7100
1,5,0,8,1,32,154,17,17725,46218,20,43,0.0000,0.0000,0.0000,65.0000,6.7100
1,5,0,10,2,32,142,17,17725,46218,19,43,0.0000,0.0000,0.0000,65.0000,6.7100
1,5,0,12,8,37,128,3,17725,75506,19,43,0.0000,0.0000,0.0000,65.0000,6.7100
1,5,0,17,10,29,145,16,17725,15023,14,43,0.0000,0.0000,0.0000,65.0000,6.7100
1,5,0,9,7,33,173,17,17725,46218,10,43,0.0000,0.0000,0.0000,65.0000,6.7100
1,5,0,14,1,31,154,17,17725,46218,17,43,0.0000,0.0000,0.0000,65.0000,6.7100
1,5,0,18,9,24,173,17,17725,46218,6,43,0.0000,0.0000,0.0000,65.0000,6.7100
1,5,0,12,10,37,173,17,17725,46218,6,43,0.0000,0.0000,0.0000,65.0000,6.7100
1,5,0,8,2,32,187,3,17725,75506,10,43,0.0000,0.0000,0.0000,65.0000,6.7100
1,5,0,10,11,32,234,7,17725,73508,16,43,0.0000,0.0000,0.0000,65.0000,6.7100
1,5,0,17,8,29,160,7,17725,73508,20,43,0.0000,0.0000,0.0000,65.0000,6.7100
1,5,0,12,10,37,211,7,17725,73508,24,43,0.0000,0.0000,0.0000,65.0000,6.7100
1,5,0,17,10,29,168,7,17725,73508,23,43,0.0000,0.0000,0.0000,65.0000,6.7100
1,5,0,13,11,30,199,7,17725,73508,23,43,0.0000,0.0000,0.0000,65.0000,6.7100
1,5,0,6,3,40,132,7,17725,73508,18,43,0.0000,0.0000,0.0000,65.0000,6.7100
1,5,0,7,3,33,160,7,17725,73508,18,43,0.0000,0.0000,0.0000,65.0000,6.7100
1,5,0,9,3,33,160,7,17725,73508,17,43,0.0000,0.0000,0.0000,65.0000,6.7100
1,5,0,9,5,33,160,7,17725,73508,18,43,0.0000,0.0000,0.0000,65.0000,6.7100
1,5,0,14,11,31,193,7,17725,73508,15,43,0.0000,0.0000,0.0000,65.0000,6.7100
1,5,0,19,10,16,168,7,17725,73508,22,43,0.0000,0.0000,0.0000,65.0000,6.7100
1,5,0,11,4,35,160,7,17725,73508,19,43,0.0000,0.0000,0.0000,65.0000,6.7100
1,5,0,7,3,33,66,14,17725,62105,15,43,0.0000,0.0000,0.0000,65.0000,6.7100
1,5,0,8,2,32,76,14,17725,62105,3,43,0.0000,0.0000,0.0000,65.0000,6.7100
1,5,0,12,5,37,76,14,17725,62105,3,43,0.0000,0.0000,0.0000,65.0000,6.7100
1,5,0,10,2,32,76,14,17725,62105,1,43,0.0000,0.0000,0.0000,65.0000,6.7100
1,5,1,6,1,40,66,14,17725,62105,14,43,0.0000,0.0000,0.0000,65.0000,6.7100
1,5,0,10,2,32,66,14,17725,62105,15,43,0.0000,0.0000,0.0000,65.0000,6.7100
1,5,0,12,5,37,76,14,17725,62105,5,43,0.0000,0.0000,0.0000,65.0000,6.7100
1,5,0,9,4,33,185,1,17725,20315,1,43,0.0000,0.0000,0.0000,65.0000,6.7100
1,5,1,11,4,35,146,1,17725,20315,7,43,0.0000,0.0000,0.0000,65.0000,6.7100
1,5,0,7,2,33,50,14,17725,62105,16,43,0.0000,0.0000,0.0000,65.0000,6.7100
1,5,0,16,3,18,66,14,17725,62105,10,43,0.0000,0.0000,0.0000,65.0000,6.7100
1,5,0,8,3,32,76,14,17725,62105,5,43,0.0000,0.0000,0.0000,65.0000,6.7100
1,5,0,6,1,40,50,14,17725,62105,5,43,0.0000,0.0000,0.0000,65.0000,6.7100
1,5,0,14,1,31,50,14,17725,62105,16,43,0.0000,0.0000,0.0000,65.0000,6.7100
1,5,1,8,3,32,66,14,17725,62105,14,43,0.0000,0.0000,0.0000,65.0000,6.7100
1,5,0,18,11,24,129,11,17725,23463,11,43,0.0000,0.0000,0.0000,65.0000,6.7100
1,5,0,17,10,29,129,11,17725,23463,11,43,0.0000,0.0000,0.0000,65.0000,6.7100
1,5,0,18,9,24,150,11,17725,23463,13,43,0.0000,0.0000,0.0000,65.0000,6.7100
1,5,0,17,10,29,129,11,17725,23463,11,43,0.0000,0.0000,0.0000,65.0000,6.7100
1,5,0,7,7,33,145,16,17725,15023,13,43,0.0000,0.0000,0.0000,65.0000,6.7100
1,5,0,9,7,33,182,16,17725,15023,2,43,0.0000,0.0000,0.0000,65.0000,6.7100
1,5,0,10,9,32,145,16,17725,15023,13,43,0.0000,0.0000,0.0000,65.0000,6.7100
1,5,0,9,7,33,181,3,17725,75506,5,43,0.0000,0.0000,0.0000,65.0000,6.7100
1,5,0,10,10,32,187,3,17725,75506,18,43,0.0000,0.0000,0.0000,65.0000,6.7100
1,5,0,10,1,32,160,3,17725,75506,2,43,0.0000,0.0000,0.0000,65.0000,6.7100
1,5,1,6,7,40,143,15,17725,107363,18,43,0.0000,0.0000,0.0000,65.0000,6.7100
1,5,1,5,2,37,143,15,17725,107363,11,43,0.0000,0.0000,0.0000,65.0000,6.7100
1,5,0,5,2,37,143,15,17725,107363,21,43,0.0000,0.0000,0.0000,65.0000,6.7100
1,5,0,7,2,33,143,15,17725,107363,12,43,0.0000,0.0000,0.0000,65.0000,6.7100
1,5,1,7,2,33,143,15,17725,107363,13,43,0.0000,0.0000,0.0000,65.0000,6.7100
1,5,0,10,2,32,143,15,17725,107363,14,43,0.0000,0.0000,0.0000,65.0000,6.7100
1,5,0,8,2,32,143,15,17725,107363,12,43,0.0000,0.0000,0.0000,65.0000,6.7100
1,5,0,9,4,33,175,15,17725,107363,1,43,0.0000,0.0000,0.0000,65.0000,6.7100
1,5,1,13,6,30,175,15,17725,107363,2,43,0.0000,0.0000,0.0000,65.0000,6.7100
1,5,0,7,6,33,143,15,17725,107363,18,43,0.0000,0.0000,0.0000,65.0000,6.7100
1,5,0,12,8,37,175,15,17725,107363,3,43,0.0000,0.0000,0.0000,65.0000,6.7100
1,5,0,10,8,32,175,15,17725,107363,3,43,0.0000,0.0000,0.0000,65.0000,6.7100
1,5,0,8,8,32,175,15,17725,107363,1,43,0.0000,0.0000,0.0000,65.0000,6.7100
1,5,0,8,6,32,175,15,17725,107363,3,43,0.0000,0.0000,0.0000,65.0000,6.7100
1,5,0,8,5,32,143,15,17725,107363,13,43,0.0000,0.0000,0.0000,65.0000,6.7100
1,5,0,17,3,29,143,15,17725,107363,14,43,0.0000,0.0000,0.0000,65.0000,6.7100
1,5,0,7,5,33,143,15,17725,107363,9,43,0.0000,0.0000,0.0000,65.0000,6.7100
1,5,1,8,10,32,175,15,17725,107363,1,43,0.0000,0.0000,0.0000,65.0000,6.7100
1,5,0,15,6,32,160,3,17725,75506,3,43,0.0000,0.0000,0.0000,65.0000,6.7100
1,5,0,14,7,31,181,3,17725,75506,4,43,0.0000,0.0000,0.0000,65.0000,6.7100
1,5,0,18,1,24,181,3,17725,75506,5,43,0.0000,0.0000,0.0000,65.0000,6.7100
1,5,0,17,10,29,172,3,17725,75506,1,43,0.0000,0.0000,0.0000,65.0000,6.7100
1,5,0,11,11,35,181,3,17725,75506,2,43,0.0000,0.0000,0.0000,65.0000,6.7100
1,5,0,7,9,33,187,3,17725,75506,17,43,0.0000,0.0000,0.0000,65.0000,6.7100
1,5,0,12,5,37,187,3,17725,75506,7,43,0.0000,0.0000,0.0000,65.0000,6.7100
1,5,1,9,11,33,160,3,17725,75506,20,43,0.0000,0.0000,0.0000,65.0000,6.7100
1,5,0,12,1,37,187,3,17725,75506,18,43,0.0000,0.0000,0.0000,65.0000,6.7100
1,5,0,19,10,16,102,3,17725,75506,6,43,0.0000,0.0000,0.0000,65.0000,6.7100
1,5,0,18,10,24,102,3,17725,75506,5,43,0.0000,0.0000,0.0000,65.0000,6.7100
1,5,0,17,10,29,102,3,17725,75506,5,43,0.0000,0.0000,0.0000,65.0000,6.7100
1,5,0,9,10,33,181,3,17725,75506,4,43,0.0000,0.0000,0.0000,65.0000,6.7100
1,5,0,15,5,32,160,3,17725,75506,3,43,0.0000,0.0000,0.0000,65.0000,6.7100
1,5,1,11,5,35,181,3,17725,75506,5,43,0.0000,0.0000,0.0000,65.0000,6.7100
1,5,0,11,3,35,129,2,17725,6713,11,43,0.0000,0.0000,0.0000,65.0000,6.7100
1,5,0,8,8,32,199,7,17725,73508,26,43,0.0000,0.0000,0.0000,65.0000,6.7100
1,5,0,8,8,32,199,7,17725,73508,20,43,0.0000,0.0000,0.0000,65.0000,6.7100
1,5,0,6,1,40,160,7,17725,73508,19,43,0.0000,0.0000,0.0000,65.0000,6.7100
1,5,0,10,8,32,191,7,17725,73508,1,43,0.0000,0.0000,0.0000,65.0000,6.7100
1,5,0,11,8,35,191,7,17725,73508,3,43,0.0000,0.0000,0.0000,65.0000,6.7100
1,5,0,19,10,16,185,1,17725,20315,1,43,0.0000,0.0000,0.0000,65.0000,6.7100
1,5,0,8,1,32,146,1,17725,20315,8,43,0.0000,0.0000,0.0000,65.0000,6.7100
1,5,0,18,10,24,149,1,17725,20315,13,43,0.0000,0.0000,0.0000,65.0000,6.7100
1,5,0,11,4,35,181,1,17725,20315,6,43,0.0000,0.0000,0.0000,65.0000,6.7100
1,5,0,17,4,29,181,1,17725,20315,6,43,0.0000,0.0000,0.0000,65.0000,6.7100
1,5,0,8,10,32,181,3,17725,75506,3,43,0.0000,0.0000,0.0000,65.0000,6.7100
1,5,0,13,7,30,181,3,17725,75506,4,43,0.0000,0.0000,0.0000,65.0000,6.7100
1,5,0,17,11,29,181,3,17725,75506,5,43,0.0000,0.0000,0.0000,65.0000,6.7100
1,5,0,19,7,16,181,3,17725,75506,4,43,0.0000,0.0000,0.0000,65.0000,6.7100
1,5,0,17,10,29,160,3,17725,75506,7,43,0.0000,0.0000,0.0000,65.0000,6.7100
1,5,0,14,6,31,178,16,17725,15023,7,43,0.0000,0.0000,0.0000,65.0000,6.7100
1,5,0,11,4,35,128,3,17725,75506,20,43,0.0000,0.0000,0.0000,65.0000,6.7100
1,5,1,15,5,32,160,3,17725,75506,5,43,0.0000,0.0000,0.0000,65.0000,6.7100
1,5,0,19,10,16,160,3,17725,75506,2,43,0.0000,0.0000,0.0000,65.0000,6.7100
1,5,0,11,9,35,160,3,17725,75506,5,43,0.0000,0.0000,0.0000,65.0000,6.7100
1,5,0,19,7,16,173,17,17725,46218,4,43,0.0000,0.0000,0.0000,65.0000,6.7100
1,5,1,13,2,30,173,17,17725,46218,7,43,0.0000,0.0000,0.0000,65.0000,6.7100
1,5,0,11,6,35,173,17,17725,46218,10,43,0.0000,0.0000,0.0000,65.0000,6.7100
1,5,0,17,10,29,169,17,17725,46218,21,43,0.0000,0.0000,0.0000,65.0000,6.7100
1,5,0,8,2,32,110,7,17725,73508,17,43,0.0000,0.0000,0.0000,65.0000,6.7100
1,5,0,11,2,35,110,7,17725,73508,14,43,0.0000,0.0000,0.0000,65.0000,6.7100
1,5,0,13,5,30,132,7,17725,73508,18,43,0.0000,0.0000,0.0000,65.0000,6.7100
1,5,0,12,10,37,179,17,17725,46218,1,43,0.0000,0.0000,0.0000,65.0000,6.7100
1,5,0,12,2,37,142,17,17725,46218,25,43,0.0000,0.0000,0.0000,65.0000,6.7100
1,5,0,19,10,16,291,17,17725,46218,23,43,0.0000,0.0000,0.0000,65.0000,6.7100
1,5,0,18,10,24,173,17,17725,46218,4,43,0.0000,0.0000,0.0000,65.0000,6.7100
1,5,0,13,5,30,132,7,17725,73508,18,43,0.0000,0.0000,0.0000,65.0000,6.7100
1,5,1,13,7,30,175,15,17725,107363,5,43,0.0000,0.0000,0.0000,65.0000,6.7100
1,5,0,9,2,33,143,15,17725,107363,9,43,0.0000,0.0000,0.0000,65.0000,6.7100
1,5,0,9,2,33,143,15,17725,107363,10,43,0.0000,0.0000,0.0000,65.0000,6.7100
1,5,0,10,2,32,143,15,17725,107363,14,43,0.0000,0.0000,0.0000,65.0000,6.7100
1,5,0,7,2,33,143,15,17725,107363,13,43,0.0000,0.0000,0.0000,65.0000,6.7100
1,5,0,9,1,33,143,15,17725,107363,18,43,0.0000,0.0000,0.0000,65.0000,6.7100
1,5,0,11,1,35,143,15,17725,107363,19,43,0.0000,0.0000,0.0000,65.0000,6.7100
1,5,0,14,6,31,175,15,17725,107363,2,43,0.0000,0.0000,0.0000,65.0000,6.7100
1,5,0,12,8,37,175,15,17725,107363,1,43,0.0000,0.0000,0.0000,65.0000,6.7100
1,5,0,8,7,32,143,15,17725,107363,15,43,0.0000,0.0000,0.0000,65.0000,6.7100
1,5,0,11,2,35,143,15,17725,107363,16,43,0.0000,0.0000,0.0000,65.0000,6.7100
1,5,0,8,2,32,143,15,17725,107363,11,43,0.0000,0.0000,0.0000,65.0000,6.7100
1,5,0,9,8,33,175,15,17725,107363,1,43,0.0000,0.0000,0.0000,65.0000,6.7100
1,5,0,10,8,32,143,15,17725,107363,15,43,0.0000,0.0000,0.0000,65.0000,6.7100
1,5,1,13,4,30,143,15,17725,107363,18,43,0.0000,0.0000,0.0000,65.0000,6.7100
1,5,1,10,3,32,143,15,17725,107363,19,43,0.0000,0.0000,0.0000,65.0000,6.7100
1,5,0,12,6,37,143,15,17725,107363,8,43,0.0000,0.0000,0.0000,65.0000,6.7100
1,5,0,14,5,31,160,3,17725,75506,5,43,0.0000,0.0000,0.0000,65.0000,6.7100
1,5,0,10,11,32,181,3,17725,75506,4,43,0.0000,0.0000,0.0000,65.0000,6.7100
1,5,0,12,2,37,187,3,17725,75506,10,43,0.0000,0.0000,0.0000,65.0000,6.7100
1,5,0,13,7,30,160,3,17725,75506,3,43,0.0000,0.0000,0.0000,65.0000,6.7100
1,5,0,13,2,30,128,3,17725,75506,6,43,0.0000,0.0000,0.0000,65.0000,6.7100
1,5,0,19,8,16,172,3,17725,75506,9,43,0.0000,0.0000,0.0000,65.0000,6.7100
1,5,0,15,11,32,181,3,17725,75506,5,43,0.0000,0.0000,0.0000,65.0000,6.7100
1,5,0,11,7,35,181,3,17725,75506,5,43,0.0000,0.0000,0.0000,65.0000,6.7100
1,5,0,10,4,32,110,7,17725,73508,18,43,0.0000,0.0000,0.0000,65.0000,6.7100
1,5,0,17,1,29,160,7,17725,73508,19,43,0.0000,0.0000,0.0000,65.0000,6.7100
1,5,0,13,4,30,160,7,17725,73508,18,43,0.0000,0.0000,0.0000,65.0000,6.7100
1,5,0,14,2,31,145,16,17725,15023,9,43,0.0000,0.0000,0.0000,65.0000,6.7100
1,5,0,15,2,32,187,3,17725,75506,7,43,0.0000,0.0000,0.0000,65.0000,6.7100
1,5,0,11,8,35,160,3,17725,75506,5,43,0.0000,0.0000,0.0000,65.0000,6.7100
1,5,1,10,2,32,185,1,17725,20315,2,43,0.0000,0.0000,0.0000,65.0000,6.7100
1,5,1,12,2,37,149,1,17725,20315,12,43,0.0000,0.0000,0.0000,65.0000,6.7100
1,5,0,13,4,30,146,1,17725,20315,7,43,0.0000,0.0000,0.0000,65.0000,6.7100
1,5,0,9,3,33,50,14,17725,62105,15,43,0.0000,0.0000,0.0000,65.0000,6.7100
1,5,0,16,3,18,76,14,17725,62105,3,43,0.0000,0.0000,0.0000,65.0000,6.7100
1,5,0,8,2,32,76,14,17725,62105,4,43,0.0000,0.0000,0.0000,65.0000,6.7100
1,5,0,9,1,33,50,14,17725,62105,15,43,0.0000,0.0000,0.0000,65.0000,6.7100
1,5,0,7,1,33,50,14,17725,62105,18,43,0.0000,0.0000,0.0000,65.0000,6.7100
1,5,0,13,2,30,50,14,17725,62105,15,43,0.0000,0.0000,0.0000,65.0000,6.7100
1,5,1,14,3,31,66,14,17725,62105,14,43,0.0000,0.0000,0.0000,65.0000,6.7100
1,5,1,11,2,35,76,14,17725,62105,5,43,0.0000,0.0000,0.0000,65.0000,6.7100
1,5,0,10,4,32,76,14,17725,62105,3,43,0.0000,0.0000,0.0000,65.0000,6.7100
1,5,1,11,4,35,76,14,17725,62105,4,43,0.0000,0.0000,0.0000,65.0000,6.7100
1,5,1,10,1,32,50,14,17725,62105,16,43,0.0000,0.0000,0.0000,65.0000,6.7100
1,5,1,11,3,35,50,14,17725,62105,17,43,0.0000,0.0000,0.0000,65.0000,6.7100
1,5,0,12,2,37,76,14,17725,62105,5,43,0.0000,0.0000,0.0000,65.0000,6.7100
1,5,1,11,1,35,50,14,17725,62105,17,43,0.0000,0.0000,0.0000,65.0000,6.7100
1,5,0,11,1,35,76,14,17725,62105,3,43,0.0000,0.0000,0.0000,65.0000,6.7100
1,5,0,10,2,32,66,14,17725,62105,13,43,0.0000,0.0000,0.0000,65.0000,6.7100
1,5,0,11,3,35,66,14,17725,62105,13,43,0.0000,0.0000,0.0000,65.0000,6.7100
1,5,0,15,1,32,66,14,17725,62105,14,43,0.0000,0.0000,0.0000,65.0000,6.7100
1,5,0,17,10,29,146,1,17725,20315,8,43,0.0000,0.0000,0.0000,65.0000,6.7100
1,5,0,11,1,35,191,7,17725,73508,1,43,0.0000,0.0000,0.0000,65.0000,6.7100
1,5,0,18,8,24,191,7,17725,73508,1,43,0.0000,0.0000,0.0000,65.0000,6.7100
1,5,0,13,6,30,132,7,17725,73508,19,43,0.0000,0.0000,0.0000,65.0000,6.7100
1,5,0,10,4,32,110,7,17725,73508,19,43,0.0000,0.0000,0.0000,65.0000,6.7100
1,5,0,15,5,32,228,16,17725,15023,3,43,0.0000,0.0000,0.0000,65.0000,6.7100
1,5,0,12,7,37,132,7,17725,73508,18,43,0.0000,0.0000,0.0000,65.0000,6.7100
1,5,0,13,8,30,191,7,17725,73508,2,43,0.0000,0.0000,0.0000,65.0000,6.7100
1,5,0,14,3,31,132,7,17725,73508,17,43,0.0000,0.0000,0.0000,65.0000,6.7100
1,5,0,13,3,30,160,7,17725,73508,6,43,0.0000,0.0000,0.0000,65.0000,6.7100
1,5,0,14,1,31,149,1,17725,20315,3,43,0.0000,0.0000,0.0000,65.0000,6.7100
1,5,0,11,10,35,149,1,17725,20315,4,43,0.0000,0.0000,0.0000,65.0000,6.7100
1,5,1,11,2,35,175,15,17725,107363,3,43,0.0000,0.0000,0.0000,65.0000,6.7100
1,5,0,12,2,37,143,15,17725,107363,15,43,0.0000,0.0000,0.0000,65.0000,6.7100
1,5,0,11,5,35,143,15,17725,107363,18,43,0.0000,0.0000,0.0000,65.0000,6.7100
1,5,1,10,2,32,143,15,17725,107363,13,43,0.0000,0.0000,0.0000,65.0000,6.7100
1,5,0,10,2,32,143,15,17725,107363,21,43,0.0000,0.0000,0.0000,65.0000,6.7100
1,5,1,14,2,31,143,15,17725,107363,20,43,0.0000,0.0000,0.0000,65.0000,6.7100
1,5,0,11,2,35,143,15,17725,107363,8,43,0.0000,0.0000,0.0000,65.0000,6.7100
1,5,0,10,2,32,143,15,17725,107363,9,43,0.0000,0.0000,0.0000,65.0000,6.7100
1,5,0,12,2,37,143,15,17725,107363,11,43,0.0000,0.0000,0.0000,65.0000,6.7100
1,5,0,12,3,37,143,15,17725,107363,19,43,0.0000,0.0000,0.0000,65.0000,6.7100
1,5,0,14,2,31,143,15,17725,107363,21,43,0.0000,0.0000,0.0000,65.0000,6.7100
1,5,0,9,3,33,143,15,17725,107363,17,43,0.0000,0.0000,0.0000,65.0000,6.7100
1,5,0,12,2,37,143,15,17725,107363,18,43,0.0000,0.0000,0.0000,65.0000,6.7100
1,5,1,14,7,31,175,15,17725,107363,3,43,0.0000,0.0000,0.0000,65.0000,6.7100
1,5,0,9,6,33,143,15,17725,107363,11,43,0.0000,0.0000,0.0000,65.0000,6.7100
1,5,1,18,8,24,160,7,17725,73508,18,43,0.0000,0.0000,0.0000,65.0000,6.7100
1,5,0,13,4,30,173,17,17725,46218,7,43,0.0000,0.0000,0.0000,65.0000,6.7100
1,5,0,12,4,37,142,17,17725,46218,25,43,0.0000,0.0000,0.0000,65.0000,6.7100
1,5,0,16,2,18,154,17,17725,46218,20,43,0.0000,0.0000,0.0000,65.0000,6.7100
1,5,0,17,11,29,160,7,17725,73508,18,43,0.0000,0.0000,0.0000,65.0000,6.7100
1,5,0,14,7,31,191,7,17725,73508,1,43,0.0000,0.0000,0.0000,65.0000,6.7100
1,5,0,11,7,35,160,7,17725,73508,19,43,0.0000,0.0000,0.0000,65.0000,6.7100
1,5,0,16,3,18,110,7,17725,73508,19,43,0.0000,0.0000,0.0000,65.0000,6.7100
1,5,0,19,10,16,173,17,17725,46218,9,43,0.0000,0.0000,0.0000,65.0000,6.7100
1,5,0,15,2,32,76,14,17725,62105,1,43,0.0000,0.0000,0.0000,65.0000,6.7100
1,5,0,14,3,31,66,14,17725,62105,15,43,0.0000,0.0000,0.0000,65.0000,6.7100
1,5,0,12,3,37,76,14,17725,62105,3,43,0.0000,0.0000,0.0000,65.0000,6.7100
1,5,0,12,1,37,66,14,17725,62105,15,43,0.0000,0.0000,0.0000,65.0000,6.7100
1,5,0,10,1,32,66,14,17725,62105,14,43,0.0000,0.0000,0.0000,65.0000,6.7100
1,5,0,14,2,31,146,1,17725,20315,8,43,0.0000,0.0000,0.0000,65.0000,6.7100
1,5,0,14,5,31,76,14,17725,62105,5,43,0.0000,0.0000,0.0000,65.0000,6.7100
1,5,0,14,3,31,76,14,17725,62105,4,43,0.0000,0.0000,0.0000,65.0000,6.7100
1,5,0,13,2,30,50,14,17725,62105,15,43,0.0000,0.0000,0.0000,65.0000,6.7100
1,5,1,17,2,29,50,14,17725,62105,17,43,0.0000,0.0000,0.0000,65.0000,6.7100
1,5,0,14,7,31,160,3,17725,75506,2,43,0.0000,0.0000,0.0000,65.0000,6.7100
1,5,0,17,10,29,145,16,17725,15023,13,43,0.0000,0.0000,0.0000,65.0000,6.7100
1,5,1,18,9,24,187,3,17725,75506,7,43,0.0000,0.0000,0.0000,65.0000,6.7100
1,5,0,15,1,32,187,3,17725,75506,10,43,0.0000,0.0000,0.0000,65.0000,6.7100
1,5,0,18,9,24,187,3,17725,75506,5,43,0.0000,0.0000,0.0000,65.0000,6.7100
1,5,0,11,1,35,178,16,17725,15023,6,43,0.0000,0.0000,0.0000,65.0000,6.7100
1,5,0,15,1,32,146,1,17725,20315,7,43,0.0000,0.0000,0.0000,65.0000,6.7100
1,5,1,15,2,32,119,1,17725,20315,13,43,0.0000,0.0000,0.0000,65.0000,6.7100
1,5,1,16,10,18,181,1,17725,20315,3,43,0.0000,0.0000,0.0000,65.0000,6.7100
1,5,0,19,10,16,181,1,17725,20315,3,43,0.0000,0.0000,0.0000,65.0000,6.7100
1,5,0,19,10,16,181,1,17725,20315,3,43,0.0000,0.0000,0.0000,65.0000,6.7100
1,5,0,12,3,37,129,2,17725,6713,11,43,0.0000,0.0000,0.0000,65.0000,6.7100
1,5,0,17,10,29,187,3,17725,75506,5,43,0.0000,0.0000,0.0000,65.0000,6.7100
1,5,0,18,8,24,128,3,17725,75506,20,43,0.0000,0.0000,0.0000,65.0000,6.7100
1,5,1,15,2,32,185,1,17725,20315,2,43,0.0000,0.0000,0.0000,65.0000,6.7100
1,5,0,18,2,24,149,1,17725,20315,3,43,0.0000,0.0000,0.0000,65.0000,6.7100
1,5,0,15,2,32,66,14,17725,62105,13,43,0.0000,0.0000,0.0000,65.0000,6.7100
1,5,0,15,3,32,76,14,17725,62105,3,43,0.0000,0.0000,0.0000,65.0000,6.7100
1,5,0,16,2,18,66,14,17725,62105,14,43,0.0000,0.0000,0.0000,65.0000,6.7100
1,5,0,17,2,29,66,14,17725,62105,13,43,0.0000,0.0000,0.0000,65.0000,6.7100
1,5,0,18,1,24,76,14,17725,62105,4,43,0.0000,0.0000,0.0000,65.0000,6.7100
1,5,0,13,5,30,76,14,17725,62105,4,43,0.0000,0.0000,0.0000,65.0000,6.7100
1,5,0,18,1,24,76,14,17725,62105,4,43,0.0000,0.0000,0.0000,65.0000,6.7100
1,5,0,15,4,32,110,7,17725,73508,14,43,0.0000,0.0000,0.0000,65.0000,6.7100
1,5,0,17,2,29,76,14,17725,62105,5,43,0.0000,0.0000,0.0000,65.0000,6.7100
1,5,0,18,2,24,120,17,17725,46218,13,43,0.0000,0.0000,0.0000,65.0000,6.7100
1,5,0,12,2,37,50,14,17725,62105,17,43,0.0000,0.0000,0.0000,65.0000,6.7100
1,5,0,16,2,18,50,14,17725,62105,16,43,0.0000,0.0000,0.0000,65.0000,6.7100
1,5,0,15,4,32,110,7,17725,73508,17,43,0.0000,0.0000,0.0000,65.0000,6.7100
1,5,0,17,1,29,110,7,17725,73508,14,43,0.0000,0.0000,0.0000,65.0000,6.7100
1,5,0,14,3,31,50,14,17725,62105,17,43,0.0000,0.0000,0.0000,65.0000,6.7100
1,5,0,10,2,32,50,14,17725,62105,18,43,0.0000,0.0000,0.0000,65.0000,6.7100
1,5,0,14,4,31,50,14,17725,62105,16,43,0.0000,0.0000,0.0000,65.0000,6.7100
1,5,0,17,2,29,76,14,17725,62105,3,43,0.0000,0.0000,0.0000,65.0000,6.7100
1,5,0,15,1,32,50,14,17725,62105,15,43,0.0000,0.0000,0.0000,65.0000,6.7100
1,5,0,15,1,32,145,16,17725,15023,13,43,0.0000,0.0000,0.0000,65.0000,6.7100
1,5,0,19,9,16,178,16,17725,15023,5,43,0.0000,0.0000,0.0000,65.0000,6.7100
1,5,0,12,2,37,143,15,17725,107363,21,43,0.0000,0.0000,0.0000,65.0000,6.7100
1,5,1,15,2,32,175,15,17725,107363,2,43,0.0000,0.0000,0.0000,65.0000,6.7100
1,5,0,12,2,37,143,15,17725,107363,13,43,0.0000,0.0000,0.0000,65.0000,6.7100
1,5,0,16,2,18,143,15,17725,107363,8,43,0.0000,0.0000,0.0000,65.0000,6.7100
1,5,0,16,2,18,175,15,17725,107363,3,43,0.0000,0.0000,0.0000,65.0000,6.7100
1,5,1,15,2,32,143,15,17725,107363,14,43,0.0000,0.0000,0.0000,65.0000,6.7100
1,5,1,13,2,30,143,15,17725,107363,10,43,0.0000,0.0000,0.0000,65.0000,6.7100
1,5,0,13,2,30,143,15,17725,107363,12,43,0.0000,0.0000,0.0000,65.0000,6.7100
1,5,0,15,1,32,143,15,17725,107363,15,43,0.0000,0.0000,0.0000,65.0000,6.7100
1,5,0,13,1,30,143,15,17725,107363,17,43,0.0000,0.0000,0.0000,65.0000,6.7100
1,5,0,13,2,30,143,15,17725,107363,18,43,0.0000,0.0000,0.0000,65.0000,6.7100
1,5,0,18,10,24,149,1,17725,20315,12,43,0.0000,0.0000,0.0000,65.0000,6.7100
1,5,0,18,8,24,191,7,17725,73508,1,43,0.0000,0.0000,0.0000,65.0000,6.7100
1,5,1,16,2,18,110,7,17725,73508,19,43,0.0000,0.0000,0.0000,65.0000,6.7100
1,5,0,18,2,24,143,15,17725,107363,18,43,0.0000,0.0000,0.0000,65.0000,6.7100
1,5,0,16,2,18,143,15,17725,107363,17,43,0.0000,0.0000,0.0000,65.0000,6.7100
1,5,0,17,2,29,143,15,17725,107363,15,43,0.0000,0.0000,0.0000,65.0000,6.7100
1,5,0,15,4,32,143,15,17725,107363,18,43,0.0000,0.0000,0.0000,65.0000,6.7100
1,5,0,16,4,18,143,15,17725,107363,18,43,0.0000,0.0000,0.0000,65.0000,6.7100
1,5,0,17,1,29,143,15,17725,107363,15,43,0.0000,0.0000,0.0000,65.0000,6.7100
1,5,1,14,5,31,143,15,17725,107363,8,43,0.0000,0.0000,0.0000,65.0000,6.7100
1,5,0,15,5,32,143,15,17725,107363,19,43,0.0000,0.0000,0.0000,65.0000,6.7100
1,5,0,13,2,30,143,15,17725,107363,10,43,0.0000,0.0000,0.0000,65.0000,6.7100
1,5,0,14,2,31,143,15,17725,107363,9,43,0.0000,0.0000,0.0000,65.0000,6.7100
1,5,0,16,2,18,143,15,17725,107363,21,43,0.0000,0.0000,0.0000,65.0000,6.7100
1,5,0,15,2,32,143,15,17725,107363,17,43,0.0000,0.0000,0.0000,65.0000,6.7100
1,5,0,14,1,31,66,14,17725,62105,14,43,0.0000,0.0000,0.0000,65.0000,6.7100
1,5,0,16,3,18,66,14,17725,62105,15,43,0.0000,0.0000,0.0000,65.0000,6.7100
1,5,0,19,8,16,132,7,17725,73508,16,43,0.0000,0.0000,0.0000,65.0000,6.7100
1,5,0,18,8,24,182,16,17725,15023,1,43,0.0000,0.0000,0.0000,65.0000,6.7100
1,5,1,18,3,24,143,15,17725,107363,10,43,0.0000,0.0000,0.0000,65.0000,6.7100
1,5,0,17,2,29,143,15,17725,107363,12,43,0.0000,0.0000,0.0000,65.0000,6.7100
1,5,0,17,2,29,143,15,17725,107363,18,43,0.0000,0.0000,0.0000,65.0000,6.7100
1,5,0,17,4,29,143,15,17725,107363,21,43,0.0000,0.0000,0.0000,65.0000,6.7100
1,5,1,16,1,18,143,15,17725,107363,13,43,0.0000,0.0000,0.0000,65.0000,6.7100
1,5,0,15,2,32,50,14,17725,62105,16,43,0.0000,0.0000,0.0000,65.0000,6.7100
1,5,0,15,1,32,50,14,17725,62105,18,43,0.0000,0.0000,0.0000,65.0000,6.7100
1,5,0,18,1,24,50,14,17725,62105,18,43,0.0000,0.0000,0.0000,65.0000,6.7100
1,5,0,3,3,42,129,7,30842,73508,11,5,0.0000,0.0000,0.0000,54.0000,6.9300
1,5,0,3,2,42,180,7,30842,73508,2,5,0.0000,0.0000,0.0000,54.0000,6.9300
1,5,0,3,2,42,191,7,30842,73508,2,5,0.0000,0.0000,0.0000,54.0000,6.9300
1,5,0,4,2,79,234,7,30842,73508,16,5,0.0000,0.0000,0.0000,54.0000,6.9300
1,5,0,8,8,63,199,7,30842,73508,24,5,0.0000,0.0000,0.0000,54.0000,6.9300
1,5,0,3,3,42,149,7,30842,73508,28,5,0.0000,0.0000,0.0000,54.0000,6.9300
1,5,0,14,7,41,180,7,30842,73508,5,5,0.0000,0.0000,0.0000,54.0000,6.9300
1,5,0,7,1,52,110,7,30842,73508,20,5,0.0000,0.0000,0.0000,54.0000,6.9300
1,5,0,10,2,63,199,7,30842,73508,18,5,0.0000,0.0000,0.0000,54.0000,6.9300
1,5,0,7,3,52,199,7,30842,73508,28,5,0.0000,0.0000,0.0000,54.0000,6.9300
1,5,0,10,3,63,199,7,30842,73508,19,5,0.0000,0.0000,0.0000,54.0000,6.9300
1,5,0,3,3,42,199,7,30842,73508,27,5,0.0000,0.0000,0.0000,54.0000,6.9300
1,5,0,4,8,79,191,7,30842,73508,1,5,0.0000,0.0000,0.0000,54.0000,6.9300
1,5,1,10,3,63,199,7,30842,73508,24,5,0.0000,0.0000,0.0000,54.0000,6.9300
1,5,1,10,2,63,129,7,30842,73508,11,5,0.0000,0.0000,0.0000,54.0000,6.9300
1,5,0,8,2,63,158,7,30842,73508,22,5,0.0000,0.0000,0.0000,54.0000,6.9300
1,5,0,3,8,42,191,7,30842,73508,1,5,0.0000,0.0000,0.0000,54.0000,6.9300
1,5,0,9,4,65,246,7,30842,73508,18,5,0.0000,0.0000,0.0000,54.0000,6.9300
1,5,0,18,3,49,158,7,30842,73508,23,5,0.0000,0.0000,0.0000,54.0000,6.9300
1,5,0,10,2,63,160,7,30842,73508,18,5,0.0000,0.0000,0.0000,54.0000,6.9300
1,5,0,18,2,49,149,7,30842,73508,28,5,0.0000,0.0000,0.0000,54.0000,6.9300
1,5,0,16,2,56,124,7,30842,73508,11,5,0.0000,0.0000,0.0000,54.0000,6.9300
1,5,0,4,4,79,191,7,30842,73508,2,5,0.0000,0.0000,0.0000,54.0000,6.9300
1,5,0,3,3,42,191,7,30842,73508,1,5,0.0000,0.0000,0.0000,54.0000,6.9300
1,5,0,4,2,79,149,7,30842,73508,28,5,0.0000,0.0000,0.0000,54.0000,6.9300
1,5,0,3,4,42,191,7,30842,73508,1,5,0.0000,0.0000,0.0000,54.0000,6.9300
1,5,0,4,2,79,199,7,30842,73508,27,5,0.0000,0.0000,0.0000,54.0000,6.9300
1,5,0,3,2,42,180,7,30842,73508,2,5,0.0000,0.0000,0.0000,54.0000,6.9300
1,5,0,11,2,88,180,7,30842,73508,4,5,0.0000,0.0000,0.0000,54.0000,6.9300
1,5,0,3,2,42,149,7,30842,73508,29,5,0.0000,0.0000,0.0000,54.0000,6.9300
1,5,0,4,9,79,234,7,30842,73508,16,5,0.0000,0.0000,0.0000,54.0000,6.9300
1,5,0,4,3,79,180,7,30842,73508,1,5,0.0000,0.0000,0.0000,54.0000,6.9300
1,5,0,10,3,63,132,7,30842,73508,17,5,0.0000,0.0000,0.0000,54.0000,6.9300
1,5,0,3,3,42,129,7,30842,73508,11,5,0.0000,0.0000,0.0000,54.0000,6.9300
1,5,0,15,2,80,149,7,30842,73508,26,5,0.0000,0.0000,0.0000,54.0000,6.9300
1,5,0,4,4,79,110,7,30842,73508,20,5,0.0000,0.0000,0.0000,54.0000,6.9300
1,5,0,5,2,84,149,7,30842,73508,27,5,0.0000,0.0000,0.0000,54.0000,6.9300
1,5,0,8,3,63,124,7,30842,73508,10,5,0.0000,0.0000,0.0000,54.0000,6.9300
1,5,0,3,2,42,160,7,30842,73508,20,5,0.0000,0.0000,0.0000,54.0000,6.9300
1,5,0,17,3,93,160,7,30842,73508,19,5,0.0000,0.0000,0.0000,54.0000,6.9300
1,5,1,18,2,49,129,7,30842,73508,11,5,0.0000,0.0000,0.0000,54.0000,6.9300
1,5,0,12,3,69,129,7,30842,73508,11,5,0.0000,0.0000,0.0000,54.0000,6.9300
1,5,0,3,4,42,149,7,30842,73508,32,5,0.0000,0.0000,0.0000,54.0000,6.9300
1,5,0,17,2,93,160,7,30842,73508,20,5,0.0000,0.0000,0.0000,54.0000,6.9300
1,5,1,19,1,10,149,7,30842,73508,31,5,0.0000,0.0000,0.0000,54.0000,6.9300
1,5,1,4,5,79,180,7,30842,73508,5,5,0.0000,0.0000,0.0000,54.0000,6.9300
1,5,0,4,7,79,234,7,30842,73508,17,5,0.0000,0.0000,0.0000,54.0000,6.9300
1,5,0,3,3,42,132,7,30842,73508,17,5,0.0000,0.0000,0.0000,54.0000,6.9300
1,5,0,18,4,49,199,7,30842,73508,26,5,0.0000,0.0000,0.0000,54.0000,6.9300
1,5,0,8,1,63,110,7,30842,73508,18,5,0.0000,0.0000,0.0000,54.0000,6.9300
1,5,0,4,4,79,211,7,30842,73508,24,5,0.0000,0.0000,0.0000,54.0000,6.9300
1,5,0,2,4,19,186,9,30842,9496,3,5,0.0000,0.0000,0.0000,54.0000,6.9300
1,5,0,5,3,84,66,12,30842,17869,17,5,0.0000,0.0000,0.0000,54.0000,6.9300
1,5,0,4,3,79,76,14,30842,62105,4,5,0.0000,0.0000,0.0000,54.0000,6.9300
1,5,0,6,1,75,50,14,30842,62105,18,5,0.0000,0.0000,0.0000,54.0000,6.9300
1,5,0,5,3,84,50,14,30842,62105,15,5,0.0000,0.0000,0.0000,54.0000,6.9300
1,5,0,4,2,79,50,14,30842,62105,18,5,0.0000,0.0000,0.0000,54.0000,6.9300
1,5,0,5,3,84,50,14,30842,62105,16,5,0.0000,0.0000,0.0000,54.0000,6.9300
1,5,0,5,2,84,50,14,30842,62105,18,5,0.0000,0.0000,0.0000,54.0000,6.9300
1,5,0,3,3,42,172,3,30842,75506,9,5,0.0000,0.0000,0.0000,54.0000,6.9300
1,5,0,3,3,42,160,3,30842,75506,4,5,0.0000,0.0000,0.0000,54.0000,6.9300
1,5,0,1,4,4,150,11,30842,23463,18,5,0.0000,0.0000,0.0000,54.0000,6.9300
1,5,0,2,3,19,162,11,30842,23463,13,5,0.0000,0.0000,0.0000,54.0000,6.9300
1,5,0,1,3,4,172,3,30842,75506,10,5,0.0000,0.0000,0.0000,54.0000,6.9300
1,5,0,2,3,19,160,3,30842,75506,8,5,0.0000,0.0000,0.0000,54.0000,6.9300
1,5,0,1,1,4,150,3,30842,75506,20,5,0.0000,0.0000,0.0000,54.0000,6.9300
1,5,0,3,3,42,76,12,30842,17869,4,5,0.0000,0.0000,0.0000,54.0000,6.9300
1,5,0,5,3,84,160,3,30842,75506,7,5,0.0000,0.0000,0.0000,54.0000,6.9300
1,5,0,4,9,79,199,7,30842,73508,23,5,0.0000,0.0000,0.0000,54.0000,6.9300
1,5,0,3,4,42,180,7,30842,73508,1,5,0.0000,0.0000,0.0000,54.0000,6.9300
1,5,1,13,4,56,193,7,30842,73508,14,5,0.0000,0.0000,0.0000,54.0000,6.9300
1,5,0,2,4,19,191,7,30842,73508,3,5,0.0000,0.0000,0.0000,54.0000,6.9300
1,5,0,3,3,42,180,7,30842,73508,1,5,0.0000,0.0000,0.0000,54.0000,6.9300
1,5,0,3,2,42,158,7,30842,73508,24,5,0.0000,0.0000,0.0000,54.0000,6.9300
1,5,0,10,2,63,199,7,30842,73508,18,5,0.0000,0.0000,0.0000,54.0000,6.9300
1,5,0,7,4,52,110,7,30842,73508,18,5,0.0000,0.0000,0.0000,54.0000,6.9300
1,5,0,3,4,42,191,7,30842,73508,1,5,0.0000,0.0000,0.0000,54.0000,6.9300
1,5,0,2,4,19,157,7,30842,73508,21,5,0.0000,0.0000,0.0000,54.0000,6.9300
1,5,0,3,3,42,128,3,30842,75506,20,5,0.0000,0.0000,0.0000,54.0000,6.9300
1,5,1,3,3,42,228,16,30842,15023,4,5,0.0000,0.0000,0.0000,54.0000,6.9300
1,5,0,3,9,42,120,17,30842,46218,22,5,0.0000,0.0000,0.0000,54.0000,6.9300
1,5,0,4,5,79,154,17,30842,46218,14,5,0.0000,0.0000,0.0000,54.0000,6.9300
1,5,0,3,3,42,178,16,30842,15023,9,5,0.0000,0.0000,0.0000,54.0000,6.9300
1,5,0,4,4,79,76,8,30842,19857,11,5,0.0000,0.0000,0.0000,54.0000,6.9300
1,5,0,4,3,79,50,8,30842,19857,17,5,0.0000,0.0000,0.0000,54.0000,6.9300
1,5,0,4,1,79,128,3,30842,75506,19,5,0.0000,0.0000,0.0000,54.0000,6.9300
1,5,0,2,4,19,99,3,30842,75506,12,5,0.0000,0.0000,0.0000,54.0000,6.9300
1,5,0,4,2,79,76,8,30842,19857,6,5,0.0000,0.0000,0.0000,54.0000,6.9300
1,5,0,3,3,42,160,3,30842,75506,19,5,0.0000,0.0000,0.0000,54.0000,6.9300
1,5,0,2,8,19,160,3,30842,75506,5,5,0.0000,0.0000,0.0000,54.0000,6.9300
1,5,0,2,3,19,172,3,30842,75506,10,5,0.0000,0.0000,0.0000,54.0000,6.9300
1,5,0,2,3,19,160,3,30842,75506,3,5,0.0000,0.0000,0.0000,54.0000,6.9300
1,5,0,3,1,42,150,3,30842,75506,14,5,0.0000,0.0000,0.0000,54.0000,6.9300
1,5,0,5,3,84,76,13,30842,24623,2,5,0.0000,0.0000,0.0000,54.0000,6.9300
1,5,0,2,3,19,76,13,30842,24623,3,5,0.0000,0.0000,0.0000,54.0000,6.9300
1,5,0,1,3,4,150,3,30842,75506,19,5,0.0000,0.0000,0.0000,54.0000,6.9300
1,5,0,3,3,42,228,16,30842,15023,1,5,0.0000,0.0000,0.0000,54.0000,6.9300
1,5,0,12,1,69,76,8,30842,19857,11,5,0.0000,0.0000,0.0000,54.0000,6.9300
1,5,0,2,3,19,228,16,30842,15023,3,5,0.0000,0.0000,0.0000,54.0000,6.9300
1,5,0,4,1,79,76,8,30842,19857,5,5,0.0000,0.0000,0.0000,54.0000,6.9300
1,5,0,2,7,19,175,15,30842,107363,7,5,0.0000,0.0000,0.0000,54.0000,6.9300
1,5,0,2,2,19,143,15,30842,107363,13,5,0.0000,0.0000,0.0000,54.0000,6.9300
1,5,0,2,4,19,175,15,30842,107363,3,5,0.0000,0.0000,0.0000,54.0000,6.9300
1,5,0,4,3,79,143,15,30842,107363,19,5,0.0000,0.0000,0.0000,54.0000,6.9300
1,5,0,3,2,42,143,15,30842,107363,21,5,0.0000,0.0000,0.0000,54.0000,6.9300
1,5,0,2,3,19,143,15,30842,107363,17,5,0.0000,0.0000,0.0000,54.0000,6.9300
1,5,0,6,3,75,143,15,30842,107363,19,5,0.0000,0.0000,0.0000,54.0000,6.9300
1,5,0,3,3,42,143,15,30842,107363,17,5,0.0000,0.0000,0.0000,54.0000,6.9300
1,5,0,3,3,42,175,15,30842,107363,4,5,0.0000,0.0000,0.0000,54.0000,6.9300
1,5,0,2,5,19,143,15,30842,107363,14,5,0.0000,0.0000,0.0000,54.0000,6.9300
1,5,0,3,3,42,143,15,30842,107363,13,5,0.0000,0.0000,0.0000,54.0000,6.9300
1,5,0,2,3,19,143,15,30842,107363,12,5,0.0000,0.0000,0.0000,54.0000,6.9300
1,5,0,15,3,80,143,15,30842,107363,15,5,0.0000,0.0000,0.0000,54.0000,6.9300
1,5,1,2,3,19,143,15,30842,107363,20,5,0.0000,0.0000,0.0000,54.0000,6.9300
1,5,0,4,3,79,69,8,30842,19857,16,5,0.0000,0.0000,0.0000,54.0000,6.9300
1,5,0,11,1,88,50,8,30842,19857,16,5,0.0000,0.0000,0.0000,54.0000,6.9300
1,5,0,3,3,42,158,7,30842,73508,21,5,0.0000,0.0000,0.0000,54.0000,6.9300
1,5,0,5,2,84,50,8,30842,19857,16,5,0.0000,0.0000,0.0000,54.0000,6.9300
1,5,0,6,2,75,149,7,30842,73508,27,5,0.0000,0.0000,0.0000,54.0000,6.9300
1,5,0,9,7,65,226,7,30842,73508,23,5,0.0000,0.0000,0.0000,54.0000,6.9300
1,5,0,3,3,42,129,7,30842,73508,11,5,0.0000,0.0000,0.0000,54.0000,6.9300
1,5,0,4,7,79,191,7,30842,73508,3,5,0.0000,0.0000,0.0000,54.0000,6.9300
1,5,0,2,2,19,199,7,30842,73508,19,5,0.0000,0.0000,0.0000,54.0000,6.9300
1,5,0,7,11,52,293,7,30842,73508,14,5,0.0000,0.0000,0.0000,54.0000,6.9300
1,5,0,10,3,63,157,7,30842,73508,27,5,0.0000,0.0000,0.0000,54.0000,6.9300
1,5,0,4,8,79,199,7,30842,73508,19,5,0.0000,0.0000,0.0000,54.0000,6.9300
1,5,0,10,2,63,160,7,30842,73508,19,5,0.0000,0.0000,0.0000,54.0000,6.9300
1,5,0,4,7,79,293,7,30842,73508,3,5,0.0000,0.0000,0.0000,54.0000,6.9300
1,5,0,17,2,93,180,7,30842,73508,2,5,0.0000,0.0000,0.0000,54.0000,6.9300
1,5,0,10,2,63,149,7,30842,73508,32,5,0.0000,0.0000,0.0000,54.0000,6.9300
1,5,0,14,2,41,76,8,30842,19857,10,5,0.0000,0.0000,0.0000,54.0000,6.9300
1,5,0,5,9,84,226,7,30842,73508,27,5,0.0000,0.0000,0.0000,54.0000,6.9300
1,5,0,4,1,79,50,8,30842,19857,14,5,0.0000,0.0000,0.0000,54.0000,6.9300
1,5,0,4,8,79,293,7,30842,73508,4,5,0.0000,0.0000,0.0000,54.0000,6.9300
1,5,0,13,2,56,180,7,30842,73508,2,5,0.0000,0.0000,0.0000,54.0000,6.9300
1,5,0,5,3,84,129,6,30842,22418,11,5,0.0000,0.0000,0.0000,54.0000,6.9300
1,5,0,8,3,63,157,7,30842,73508,20,5,0.0000,0.0000,0.0000,54.0000,6.9300
1,5,0,12,3,69,180,7,30842,73508,3,5,0.0000,0.0000,0.0000,54.0000,6.9300
1,5,0,9,4,65,191,7,30842,73508,2,5,0.0000,0.0000,0.0000,54.0000,6.9300
1,5,0,10,4,63,191,7,30842,73508,2,5,0.0000,0.0000,0.0000,54.0000,6.9300
1,5,0,8,7,63,191,7,30842,73508,2,5,0.0000,0.0000,0.0000,54.0000,6.9300
1,5,0,10,7,63,234,7,30842,73508,17,5,0.0000,0.0000,0.0000,54.0000,6.9300
1,5,0,13,9,56,180,7,30842,73508,3,5,0.0000,0.0000,0.0000,54.0000,6.9300
1,5,0,8,4,63,180,7,30842,73508,2,5,0.0000,0.0000,0.0000,54.0000,6.9300
1,5,0,8,9,63,193,7,30842,73508,15,5,0.0000,0.0000,0.0000,54.0000,6.9300
1,5,0,4,4,79,191,7,30842,73508,2,5,0.0000,0.0000,0.0000,54.0000,6.9300
1,5,0,6,4,75,191,7,30842,73508,2,5,0.0000,0.0000,0.0000,54.0000,6.9300
1,5,0,7,3,52,199,7,30842,73508,18,5,0.0000,0.0000,0.0000,54.0000,6.9300
1,5,0,5,9,84,180,7,30842,73508,1,5,0.0000,0.0000,0.0000,54.0000,6.9300
1,5,0,6,2,75,158,7,30842,73508,22,5,0.0000,0.0000,0.0000,54.0000,6.9300
1,5,0,8,2,63,158,7,30842,73508,23,5,0.0000,0.0000,0.0000,54.0000,6.9300
1,5,0,4,9,79,180,7,30842,73508,6,5,0.0000,0.0000,0.0000,54.0000,6.9300
1,5,0,6,7,75,191,7,30842,73508,1,5,0.0000,0.0000,0.0000,54.0000,6.9300
1,5,1,14,3,41,157,7,30842,73508,26,5,0.0000,0.0000,0.0000,54.0000,6.9300
1,5,0,13,8,56,291,7,30842,73508,9,5,0.0000,0.0000,0.0000,54.0000,6.9300
1,5,0,11,2,88,199,7,30842,73508,23,5,0.0000,0.0000,0.0000,54.0000,6.9300
1,5,0,5,3,84,180,7,30842,73508,6,5,0.0000,0.0000,0.0000,54.0000,6.9300
1,5,1,15,4,80,124,7,30842,73508,10,5,0.0000,0.0000,0.0000,54.0000,6.9300
1,5,0,4,3,79,199,7,30842,73508,18,5,0.0000,0.0000,0.0000,54.0000,6.9300
1,5,0,12,3,69,180,7,30842,73508,4,5,0.0000,0.0000,0.0000,54.0000,6.9300
1,5,0,15,4,80,157,7,30842,73508,27,5,0.0000,0.0000,0.0000,54.0000,6.9300
1,5,0,5,1,84,129,7,30842,73508,11,5,0.0000,0.0000,0.0000,54.0000,6.9300
1,5,1,14,2,41,180,7,30842,73508,6,5,0.0000,0.0000,0.0000,54.0000,6.9300
1,5,0,17,8,93,199,7,30842,73508,19,5,0.0000,0.0000,0.0000,54.0000,6.9300
1,5,0,14,3,41,180,7,30842,73508,4,5,0.0000,0.0000,0.0000,54.0000,6.9300
1,5,0,7,4,52,191,7,30842,73508,2,5,0.0000,0.0000,0.0000,54.0000,6.9300
1,5,0,8,4,63,191,7,30842,73508,2,5,0.0000,0.0000,0.0000,54.0000,6.9300
1,5,1,5,4,84,191,7,30842,73508,2,5,0.0000,0.0000,0.0000,54.0000,6.9300
1,5,1,6,4,75,157,7,30842,73508,27,5,0.0000,0.0000,0.0000,54.0000,6.9300
1,5,1,4,4,79,157,7,30842,73508,20,5,0.0000,0.0000,0.0000,54.0000,6.9300
1,5,0,14,2,41,132,7,30842,73508,16,5,0.0000,0.0000,0.0000,54.0000,6.9300
1,5,0,5,7,84,199,7,30842,73508,21,5,0.0000,0.0000,0.0000,54.0000,6.9300
1,5,0,5,7,84,180,7,30842,73508,6,5,0.0000,0.0000,0.0000,54.0000,6.9300
1,5,0,4,2,79,129,7,30842,73508,11,5,0.0000,0.0000,0.0000,54.0000,6.9300
1,5,0,4,4,79,158,7,30842,73508,22,5,0.0000,0.0000,0.0000,54.0000,6.9300
1,5,1,4,1,79,129,7,30842,73508,11,5,0.0000,0.0000,0.0000,54.0000,6.9300
1,5,0,5,5,84,180,7,30842,73508,6,5,0.0000,0.0000,0.0000,54.0000,6.9300
1,5,0,7,8,52,199,7,30842,73508,20,5,0.0000,0.0000,0.0000,54.0000,6.9300
1,5,1,12,9,69,180,7,30842,73508,4,5,0.0000,0.0000,0.0000,54.0000,6.9300
1,5,0,9,3,65,149,7,30842,73508,31,5,0.0000,0.0000,0.0000,54.0000,6.9300
1,5,0,4,2,79,129,7,30842,73508,11,5,0.0000,0.0000,0.0000,54.0000,6.9300
1,5,0,5,9,84,180,7,30842,73508,1,5,0.0000,0.0000,0.0000,54.0000,6.9300
1,5,0,9,3,65,180,7,30842,73508,5,5,0.0000,0.0000,0.0000,54.0000,6.9300
1,5,0,6,9,75,180,7,30842,73508,5,5,0.0000,0.0000,0.0000,54.0000,6.9300
1,5,0,10,9,63,180,7,30842,73508,3,5,0.0000,0.0000,0.0000,54.0000,6.9300
1,5,0,5,3,84,149,7,30842,73508,27,5,0.0000,0.0000,0.0000,54.0000,6.9300
1,5,0,7,3,52,180,7,30842,73508,5,5,0.0000,0.0000,0.0000,54.0000,6.9300
1,5,0,16,1,56,199,7,30842,73508,21,5,0.0000,0.0000,0.0000,54.0000,6.9300
1,5,0,5,3,84,158,7,30842,73508,23,5,0.0000,0.0000,0.0000,54.0000,6.9300
1,5,0,7,1,52,110,7,30842,73508,20,5,0.0000,0.0000,0.0000,54.0000,6.9300
1,5,0,7,7,52,191,7,30842,73508,1,5,0.0000,0.0000,0.0000,54.0000,6.9300
1,5,0,5,2,84,158,7,30842,73508,23,5,0.0000,0.0000,0.0000,54.0000,6.9300
1,5,0,5,9,84,180,7,30842,73508,5,5,0.0000,0.0000,0.0000,54.0000,6.9300
1,5,0,11,9,88,180,7,30842,73508,6,5,0.0000,0.0000,0.0000,54.0000,6.9300
1,5,1,5,4,84,76,13,30842,24623,5,5,0.0000,0.0000,0.0000,54.0000,6.9300
1,5,0,6,3,75,76,13,30842,24623,2,5,0.0000,0.0000,0.0000,54.0000,6.9300
1,5,0,5,3,84,70,13,30842,24623,14,5,0.0000,0.0000,0.0000,54.0000,6.9300
1,5,1,8,3,63,154,17,30842,46218,18,5,0.0000,0.0000,0.0000,54.0000,6.9300
1,5,0,16,3,56,154,17,30842,46218,20,5,0.0000,0.0000,0.0000,54.0000,6.9300
1,5,0,6,4,75,162,11,30842,23463,16,5,0.0000,0.0000,0.0000,54.0000,6.9300
1,5,0,7,4,52,162,11,30842,23463,17,5,0.0000,0.0000,0.0000,54.0000,6.9300
1,5,0,11,3,88,162,11,30842,23463,14,5,0.0000,0.0000,0.0000,54.0000,6.9300
1,5,0,6,3,75,145,16,30842,15023,12,5,0.0000,0.0000,0.0000,54.0000,6.9300
1,5,0,5,3,84,76,8,30842,19857,11,5,0.0000,0.0000,0.0000,54.0000,6.9300
1,5,0,4,2,79,76,8,30842,19857,12,5,0.0000,0.0000,0.0000,54.0000,6.9300
1,5,0,5,3,84,76,8,30842,19857,5,5,0.0000,0.0000,0.0000,54.0000,6.9300
1,5,0,5,3,84,76,8,30842,19857,5,5,0.0000,0.0000,0.0000,54.0000,6.9300
1,5,0,6,3,75,76,8,30842,19857,6,5,0.0000,0.0000,0.0000,54.0000,6.9300
1,5,0,8,2,63,76,8,30842,19857,11,5,0.0000,0.0000,0.0000,54.0000,6.9300
1,5,0,4,1,79,76,8,30842,19857,12,5,0.0000,0.0000,0.0000,54.0000,6.9300
1,5,0,6,2,75,50,8,30842,19857,17,5,0.0000,0.0000,0.0000,54.0000,6.9300
1,5,0,4,3,79,145,16,30842,15023,14,5,0.0000,0.0000,0.0000,54.0000,6.9300
1,5,0,7,3,52,182,16,30842,15023,3,5,0.0000,0.0000,0.0000,54.0000,6.9300
1,5,0,8,3,63,76,12,30842,17869,3,5,0.0000,0.0000,0.0000,54.0000,6.9300
1,5,0,7,1,52,50,14,30842,62105,14,5,0.0000,0.0000,0.0000,54.0000,6.9300
1,5,0,6,2,75,50,14,30842,62105,8,5,0.0000,0.0000,0.0000,54.0000,6.9300
1,5,0,4,2,79,129,14,30842,62105,11,5,0.0000,0.0000,0.0000,54.0000,6.9300
1,5,0,6,1,75,50,14,30842,62105,17,5,0.0000,0.0000,0.0000,54.0000,6.9300
1,5,0,6,2,75,50,14,30842,62105,18,5,0.0000,0.0000,0.0000,54.0000,6.9300
1,5,0,4,1,79,50,14,30842,62105,16,5,0.0000,0.0000,0.0000,54.0000,6.9300
1,5,0,6,1,75,50,14,30842,62105,16,5,0.0000,0.0000,0.0000,54.0000,6.9300
1,5,1,5,6,84,66,14,30842,62105,13,5,0.0000,0.0000,0.0000,54.0000,6.9300
1,5,0,4,2,79,50,14,30842,62105,15,5,0.0000,0.0000,0.0000,54.0000,6.9300
1,5,0,6,2,75,50,14,30842,62105,16,5,0.0000,0.0000,0.0000,54.0000,6.9300
1,5,0,6,1,75,50,14,30842,62105,17,5,0.0000,0.0000,0.0000,54.0000,6.9300
1,5,0,5,3,84,66,14,30842,62105,16,5,0.0000,0.0000,0.0000,54.0000,6.9300
1,5,0,5,2,84,129,14,30842,62105,11,5,0.0000,0.0000,0.0000,54.0000,6.9300
1,5,0,6,1,75,50,14,30842,62105,16,5,0.0000,0.0000,0.0000,54.0000,6.9300
1,5,0,7,2,52,66,14,30842,62105,17,5,0.0000,0.0000,0.0000,54.0000,6.9300
1,5,0,4,1,79,50,14,30842,62105,17,5,0.0000,0.0000,0.0000,54.0000,6.9300
1,5,0,5,1,84,66,14,30842,62105,13,5,0.0000,0.0000,0.0000,54.0000,6.9300
1,5,0,6,1,75,50,14,30842,62105,18,5,0.0000,0.0000,0.0000,54.0000,6.9300
1,5,0,5,3,84,149,7,30842,73508,26,5,0.0000,0.0000,0.0000,54.0000,6.9300
1,5,0,7,8,52,191,7,30842,73508,1,5,0.0000,0.0000,0.0000,54.0000,6.9300
1,5,0,6,4,75,157,7,30842,73508,26,5,0.0000,0.0000,0.0000,54.0000,6.9300
1,5,0,6,3,75,199,7,30842,73508,17,5,0.0000,0.0000,0.0000,54.0000,6.9300
1,5,1,16,3,56,157,7,30842,73508,20,5,0.0000,0.0000,0.0000,54.0000,6.9300
1,5,0,8,4,63,180,7,30842,73508,2,5,0.0000,0.0000,0.0000,54.0000,6.9300
1,5,0,3,3,42,149,7,30842,73508,28,5,0.0000,0.0000,0.0000,54.0000,6.9300
1,5,0,5,4,84,110,7,30842,73508,19,5,0.0000,0.0000,0.0000,54.0000,6.9300
1,5,0,5,2,84,149,7,30842,73508,28,5,0.0000,0.0000,0.0000,54.0000,6.9300
1,5,0,7,2,52,149,7,30842,73508,27,5,0.0000,0.0000,0.0000,54.0000,6.9300
1,5,0,6,2,75,149,7,30842,73508,29,5,0.0000,0.0000,0.0000,54.0000,6.9300
1,5,0,5,3,84,124,7,30842,73508,11,5,0.0000,0.0000,0.0000,54.0000,6.9300
1,5,0,4,3,79,110,7,30842,73508,17,5,0.0000,0.0000,0.0000,54.0000,6.9300
1,5,0,5,4,84,149,7,30842,73508,27,5,0.0000,0.0000,0.0000,54.0000,6.9300
1,5,0,7,3,52,110,7,30842,73508,13,5,0.0000,0.0000,0.0000,54.0000,6.9300
1,5,0,16,2,56,157,7,30842,73508,21,5,0.0000,0.0000,0.0000,54.0000,6.9300
1,5,0,5,3,84,149,7,30842,73508,27,5,0.0000,0.0000,0.0000,54.0000,6.9300
1,5,0,3,3,42,129,7,30842,73508,11,5,0.0000,0.0000,0.0000,54.0000,6.9300
1,5,0,6,3,75,149,7,30842,73508,29,5,0.0000,0.0000,0.0000,54.0000,6.9300
1,5,0,5,8,84,199,7,30842,73508,20,5,0.0000,0.0000,0.0000,54.0000,6.9300
1,5,0,4,3,79,110,7,30842,73508,14,5,0.0000,0.0000,0.0000,54.0000,6.9300
1,5,0,6,3,75,157,7,30842,73508,21,5,0.0000,0.0000,0.0000,54.0000,6.9300
1,5,0,4,3,79,180,7,30842,73508,5,5,0.0000,0.0000,0.0000,54.0000,6.9300
1,5,0,5,3,84,180,7,30842,73508,4,5,0.0000,0.0000,0.0000,54.0000,6.9300
1,5,0,14,2,41,160,7,30842,73508,20,5,0.0000,0.0000,0.0000,54.0000,6.9300
1,5,1,5,2,84,149,7,30842,73508,27,5,0.0000,0.0000,0.0000,54.0000,6.9300
1,5,0,4,2,79,149,7,30842,73508,27,5,0.0000,0.0000,0.0000,54.0000,6.9300
1,5,0,5,3,84,132,7,30842,73508,17,5,0.0000,0.0000,0.0000,54.0000,6.9300
1,5,0,3,3,42,158,7,30842,73508,20,5,0.0000,0.0000,0.0000,54.0000,6.9300
1,5,0,6,2,75,149,7,30842,73508,28,5,0.0000,0.0000,0.0000,54.0000,6.9300
1,5,0,6,3,75,149,7,30842,73508,28,5,0.0000,0.0000,0.0000,54.0000,6.9300
1,5,0,7,4,52,129,7,30842,73508,11,5,0.0000,0.0000,0.0000,54.0000,6.9300
1,5,0,15,3,80,180,7,30842,73508,3,5,0.0000,0.0000,0.0000,54.0000,6.9300
1,5,0,7,2,52,149,7,30842,73508,28,5,0.0000,0.0000,0.0000,54.0000,6.9300
1,5,0,4,4,79,129,7,30842,73508,11,5,0.0000,0.0000,0.0000,54.0000,6.9300
1,5,0,7,3,52,149,7,30842,73508,27,5,0.0000,0.0000,0.0000,54.0000,6.9300
1,5,0,3,3,42,129,7,30842,73508,11,5,0.0000,0.0000,0.0000,54.0000,6.9300
1,5,0,5,3,84,129,7,30842,73508,11,5,0.0000,0.0000,0.0000,54.0000,6.9300
1,5,0,4,2,79,158,7,30842,73508,21,5,0.0000,0.0000,0.0000,54.0000,6.9300
1,5,0,16,3,56,180,7,30842,73508,3,5,0.0000,0.0000,0.0000,54.0000,6.9300
1,5,0,7,1,52,129,7,30842,73508,11,5,0.0000,0.0000,0.0000,54.0000,6.9300
1,5,0,4,2,79,149,7,30842,73508,28,5,0.0000,0.0000,0.0000,54.0000,6.9300
1,5,0,5,3,84,149,7,30842,73508,27,5,0.0000,0.0000,0.0000,54.0000,6.9300
1,5,0,7,3,52,158,7,30842,73508,21,5,0.0000,0.0000,0.0000,54.0000,6.9300
1,5,0,6,3,75,149,7,30842,73508,29,5,0.0000,0.0000,0.0000,54.0000,6.9300
1,5,0,5,3,84,110,7,30842,73508,18,5,0.0000,0.0000,0.0000,54.0000,6.9300
1,5,0,10,8,63,199,7,30842,73508,23,5,0.0000,0.0000,0.0000,54.0000,6.9300
1,5,0,10,3,63,180,7,30842,73508,3,5,0.0000,0.0000,0.0000,54.0000,6.9300
1,5,0,7,3,52,149,7,30842,73508,27,5,0.0000,0.0000,0.0000,54.0000,6.9300
1,5,0,5,2,84,149,7,30842,73508,29,5,0.0000,0.0000,0.0000,54.0000,6.9300
1,5,0,6,2,75,158,7,30842,73508,22,5,0.0000,0.0000,0.0000,54.0000,6.9300
1,5,0,5,3,84,129,7,30842,73508,11,5,0.0000,0.0000,0.0000,54.0000,6.9300
1,5,0,7,3,52,191,7,30842,73508,2,5,0.0000,0.0000,0.0000,54.0000,6.9300
1,5,0,5,4,84,149,7,30842,73508,27,5,0.0000,0.0000,0.0000,54.0000,6.9300
1,5,0,4,2,79,129,7,30842,73508,11,5,0.0000,0.0000,0.0000,54.0000,6.9300
1,5,0,4,3,79,191,7,30842,73508,3,5,0.0000,0.0000,0.0000,54.0000,6.9300
1,5,0,6,6,75,157,7,30842,73508,21,5,0.0000,0.0000,0.0000,54.0000,6.9300
1,5,0,7,5,52,180,7,30842,73508,5,5,0.0000,0.0000,0.0000,54.0000,6.9300
1,5,0,8,5,63,180,7,30842,73508,3,5,0.0000,0.0000,0.0000,54.0000,6.9300
1,5,0,12,4,69,191,7,30842,73508,3,5,0.0000,0.0000,0.0000,54.0000,6.9300
1,5,1,5,2,84,129,7,30842,73508,11,5,0.0000,0.0000,0.0000,54.0000,6.9300
1,5,0,11,3,88,191,7,30842,73508,3,5,0.0000,0.0000,0.0000,54.0000,6.9300
1,5,0,8,2,63,149,7,30842,73508,28,5,0.0000,0.0000,0.0000,54.0000,6.9300
1,5,0,6,3,75,110,7,30842,73508,19,5,0.0000,0.0000,0.0000,54.0000,6.9300
1,5,0,7,7,52,191,7,30842,73508,1,5,0.0000,0.0000,0.0000,54.0000,6.9300
1,5,0,6,4,75,191,7,30842,73508,2,5,0.0000,0.0000,0.0000,54.0000,6.9300
1,5,0,5,2,84,129,7,30842,73508,11,5,0.0000,0.0000,0.0000,54.0000,6.9300
1,5,0,9,3,65,191,7,30842,73508,3,5,0.0000,0.0000,0.0000,54.0000,6.9300
1,5,0,6,2,75,129,7,30842,73508,11,5,0.0000,0.0000,0.0000,54.0000,6.9300
1,5,0,4,3,79,149,7,30842,73508,27,5,0.0000,0.0000,0.0000,54.0000,6.9300
1,5,0,6,7,75,234,7,30842,73508,17,5,0.0000,0.0000,0.0000,54.0000,6.9300
1,5,0,7,3,52,157,7,30842,73508,28,5,0.0000,0.0000,0.0000,54.0000,6.9300
1,5,0,6,3,75,132,7,30842,73508,17,5,0.0000,0.0000,0.0000,54.0000,6.9300
1,5,0,7,6,52,158,7,30842,73508,23,5,0.0000,0.0000,0.0000,54.0000,6.9300
1,5,0,6,1,75,110,7,30842,73508,17,5,0.0000,0.0000,0.0000,54.0000,6.9300
1,5,0,6,3,75,149,7,30842,73508,29,5,0.0000,0.0000,0.0000,54.0000,6.9300
1,5,0,4,3,79,157,7,30842,73508,27,5,0.0000,0.0000,0.0000,54.0000,6.9300
1,5,0,6,6,75,199,7,30842,73508,28,5,0.0000,0.0000,0.0000,54.0000,6.9300
1,5,0,4,1,79,129,7,30842,73508,11,5,0.0000,0.0000,0.0000,54.0000,6.9300
1,5,0,6,3,75,149,7,30842,73508,31,5,0.0000,0.0000,0.0000,54.0000,6.9300
1,5,1,4,1,79,110,7,30842,73508,19,5,0.0000,0.0000,0.0000,54.0000,6.9300
1,5,0,5,4,84,149,7,30842,73508,26,5,0.0000,0.0000,0.0000,54.0000,6.9300
1,5,0,18,2,49,180,7,30842,73508,6,5,0.0000,0.0000,0.0000,54.0000,6.9300
1,5,0,4,3,79,158,7,30842,73508,21,5,0.0000,0.0000,0.0000,54.0000,6.9300
1,5,1,14,1,41,110,7,30842,73508,20,5,0.0000,0.0000,0.0000,54.0000,6.9300
1,5,0,5,3,84,129,7,30842,73508,11,5,0.0000,0.0000,0.0000,54.0000,6.9300
1,5,0,6,1,75,129,7,30842,73508,11,5,0.0000,0.0000,0.0000,54.0000,6.9300
1,5,0,17,3,93,132,7,30842,73508,18,5,0.0000,0.0000,0.0000,54.0000,6.9300
1,5,0,6,1,75,129,7,30842,73508,11,5,0.0000,0.0000,0.0000,54.0000,6.9300
1,5,0,5,1,84,110,7,30842,73508,18,5,0.0000,0.0000,0.0000,54.0000,6.9300
1,5,0,7,1,52,149,7,30842,73508,29,5,0.0000,0.0000,0.0000,54.0000,6.9300
1,5,0,12,3,69,110,7,30842,73508,17,5,0.0000,0.0000,0.0000,54.0000,6.9300
1,5,0,7,4,52,191,7,30842,73508,2,5,0.0000,0.0000,0.0000,54.0000,6.9300
1,5,0,6,1,75,110,7,30842,73508,17,5,0.0000,0.0000,0.0000,54.0000,6.9300
1,5,0,5,2,84,129,7,30842,73508,11,5,0.0000,0.0000,0.0000,54.0000,6.9300
1,5,0,10,2,63,180,7,30842,73508,2,5,0.0000,0.0000,0.0000,54.0000,6.9300
1,5,0,6,2,75,199,7,30842,73508,29,5,0.0000,0.0000,0.0000,54.0000,6.9300
1,5,0,5,2,84,149,7,30842,73508,28,5,0.0000,0.0000,0.0000,54.0000,6.9300
1,5,0,8,3,63,191,7,30842,73508,1,5,0.0000,0.0000,0.0000,54.0000,6.9300
1,5,0,5,3,84,191,7,30842,73508,1,5,0.0000,0.0000,0.0000,54.0000,6.9300
1,5,0,4,1,79,158,7,30842,73508,24,5,0.0000,0.0000,0.0000,54.0000,6.9300
1,5,0,6,3,75,158,7,30842,73508,22,5,0.0000,0.0000,0.0000,54.0000,6.9300
1,5,0,6,2,75,110,7,30842,73508,15,5,0.0000,0.0000,0.0000,54.0000,6.9300
1,5,0,4,3,79,158,7,30842,73508,23,5,0.0000,0.0000,0.0000,54.0000,6.9300
1,5,0,15,2,80,160,7,30842,73508,20,5,0.0000,0.0000,0.0000,54.0000,6.9300
1,5,0,5,2,84,158,7,30842,73508,24,5,0.0000,0.0000,0.0000,54.0000,6.9300
1,5,0,6,4,75,191,7,30842,73508,2,5,0.0000,0.0000,0.0000,54.0000,6.9300
1,5,0,4,2,79,149,7,30842,73508,27,5,0.0000,0.0000,0.0000,54.0000,6.9300
1,5,0,6,1,75,158,7,30842,73508,23,5,0.0000,0.0000,0.0000,54.0000,6.9300
1,5,0,7,2,52,129,7,30842,73508,11,5,0.0000,0.0000,0.0000,54.0000,6.9300
1,5,0,7,6,52,180,7,30842,73508,4,5,0.0000,0.0000,0.0000,54.0000,6.9300
1,5,0,11,4,88,191,7,30842,73508,3,5,0.0000,0.0000,0.0000,54.0000,6.9300
1,5,0,5,3,84,129,7,30842,73508,11,5,0.0000,0.0000,0.0000,54.0000,6.9300
1,5,0,12,2,69,180,7,30842,73508,3,5,0.0000,0.0000,0.0000,54.0000,6.9300
1,5,0,3,2,42,160,7,30842,73508,20,5,0.0000,0.0000,0.0000,54.0000,6.9300
1,5,0,4,4,79,191,7,30842,73508,1,5,0.0000,0.0000,0.0000,54.0000,6.9300
1,5,1,18,2,49,199,7,30842,73508,21,5,0.0000,0.0000,0.0000,54.0000,6.9300
1,5,0,3,1,42,110,7,30842,73508,19,5,0.0000,0.0000,0.0000,54.0000,6.9300
1,5,0,11,1,88,199,7,30842,73508,23,5,0.0000,0.0000,0.0000,54.0000,6.9300
1,5,0,5,3,84,129,7,30842,73508,11,5,0.0000,0.0000,0.0000,54.0000,6.9300
1,5,0,7,2,52,199,7,30842,73508,22,5,0.0000,0.0000,0.0000,54.0000,6.9300
1,5,0,5,3,84,110,7,30842,73508,18,5,0.0000,0.0000,0.0000,54.0000,6.9300
1,5,0,5,3,84,149,7,30842,73508,29,5,0.0000,0.0000,0.0000,54.0000,6.9300
1,5,0,16,3,56,124,7,30842,73508,10,5,0.0000,0.0000,0.0000,54.0000,6.9300
1,5,0,6,3,75,158,7,30842,73508,23,5,0.0000,0.0000,0.0000,54.0000,6.9300
1,5,0,17,2,93,180,7,30842,73508,4,5,0.0000,0.0000,0.0000,54.0000,6.9300
1,5,0,18,2,49,160,7,30842,73508,21,5,0.0000,0.0000,0.0000,54.0000,6.9300
1,5,0,5,4,84,158,7,30842,73508,22,5,0.0000,0.0000,0.0000,54.0000,6.9300
1,5,0,6,4,75,191,7,30842,73508,1,5,0.0000,0.0000,0.0000,54.0000,6.9300
1,5,0,6,3,75,149,7,30842,73508,27,5,0.0000,0.0000,0.0000,54.0000,6.9300
1,5,0,5,2,84,180,7,30842,73508,1,5,0.0000,0.0000,0.0000,54.0000,6.9300
1,5,0,6,2,75,132,7,30842,73508,17,5,0.0000,0.0000,0.0000,54.0000,6.9300
1,5,0,5,2,84,110,7,30842,73508,19,5,0.0000,0.0000,0.0000,54.0000,6.9300
1,5,0,7,3,52,129,7,30842,73508,11,5,0.0000,0.0000,0.0000,54.0000,6.9300
1,5,0,7,7,52,180,7,30842,73508,5,5,0.0000,0.0000,0.0000,54.0000,6.9300
1,5,0,5,1,84,129,7,30842,73508,11,5,0.0000,0.0000,0.0000,54.0000,6.9300
1,5,0,11,2,88,180,7,30842,73508,5,5,0.0000,0.0000,0.0000,54.0000,6.9300
1,5,0,16,7,56,180,7,30842,73508,5,5,0.0000,0.0000,0.0000,54.0000,6.9300
1,5,0,6,2,75,180,7,30842,73508,1,5,0.0000,0.0000,0.0000,54.0000,6.9300
1,5,0,9,2,65,180,7,30842,73508,1,5,0.0000,0.0000,0.0000,54.0000,6.9300
1,5,0,6,7,75,180,7,30842,73508,1,5,0.0000,0.0000,0.0000,54.0000,6.9300
1,5,0,5,2,84,110,7,30842,73508,19,5,0.0000,0.0000,0.0000,54.0000,6.9300
1,5,0,12,3,69,199,7,30842,73508,17,5,0.0000,0.0000,0.0000,54.0000,6.9300
1,5,0,5,3,84,199,7,30842,73508,19,5,0.0000,0.0000,0.0000,54.0000,6.9300
1,5,1,6,3,75,199,7,30842,73508,27,5,0.0000,0.0000,0.0000,54.0000,6.9300
1,5,0,6,2,75,129,7,30842,73508,11,5,0.0000,0.0000,0.0000,54.0000,6.9300
1,5,0,5,1,84,129,7,30842,73508,11,5,0.0000,0.0000,0.0000,54.0000,6.9300
1,5,0,6,2,75,199,7,30842,73508,18,5,0.0000,0.0000,0.0000,54.0000,6.9300
1,5,0,4,2,79,199,7,30842,73508,27,5,0.0000,0.0000,0.0000,54.0000,6.9300
1,5,0,5,2,84,199,7,30842,73508,27,5,0.0000,0.0000,0.0000,54.0000,6.9300
1,5,0,3,2,42,199,7,30842,73508,21,5,0.0000,0.0000,0.0000,54.0000,6.9300
1,5,0,4,3,79,191,7,30842,73508,1,5,0.0000,0.0000,0.0000,54.0000,6.9300
1,5,0,6,2,75,180,7,30842,73508,1,5,0.0000,0.0000,0.0000,54.0000,6.9300
1,5,0,5,3,84,149,7,30842,73508,27,5,0.0000,0.0000,0.0000,54.0000,6.9300
1,5,0,7,8,52,191,7,30842,73508,3,5,0.0000,0.0000,0.0000,54.0000,6.9300
1,5,1,17,2,93,199,7,30842,73508,20,5,0.0000,0.0000,0.0000,54.0000,6.9300
1,5,0,11,2,88,199,7,30842,73508,19,5,0.0000,0.0000,0.0000,54.0000,6.9300
1,5,0,9,2,65,191,7,30842,73508,3,5,0.0000,0.0000,0.0000,54.0000,6.9300
1,5,0,7,2,52,180,7,30842,73508,4,5,0.0000,0.0000,0.0000,54.0000,6.9300
1,5,0,4,3,79,129,7,30842,73508,11,5,0.0000,0.0000,0.0000,54.0000,6.9300
1,5,0,5,3,84,128,3,30842,75506,6,5,0.0000,0.0000,0.0000,54.0000,6.9300
1,5,0,7,8,52,160,3,30842,75506,2,5,0.0000,0.0000,0.0000,54.0000,6.9300
1,5,0,16,3,56,128,3,30842,75506,5,5,0.0000,0.0000,0.0000,54.0000,6.9300
1,5,0,8,2,63,178,16,30842,15023,4,5,0.0000,0.0000,0.0000,54.0000,6.9300
1,5,0,7,8,52,145,16,30842,15023,13,5,0.0000,0.0000,0.0000,54.0000,6.9300
1,5,0,11,3,88,178,16,30842,15023,9,5,0.0000,0.0000,0.0000,54.0000,6.9300
1,5,0,5,9,84,186,9,30842,9496,1,5,0.0000,0.0000,0.0000,54.0000,6.9300
1,5,0,4,2,79,186,9,30842,9496,3,5,0.0000,0.0000,0.0000,54.0000,6.9300
1,5,0,4,2,79,76,8,30842,19857,12,5,0.0000,0.0000,0.0000,54.0000,6.9300
1,5,1,12,2,69,69,8,30842,19857,16,5,0.0000,0.0000,0.0000,54.0000,6.9300
1,5,0,6,1,75,50,8,30842,19857,15,5,0.0000,0.0000,0.0000,54.0000,6.9300
1,5,0,4,3,79,143,15,30842,107363,19,5,0.0000,0.0000,0.0000,54.0000,6.9300
1,5,0,6,7,75,175,15,30842,107363,1,5,0.0000,0.0000,0.0000,54.0000,6.9300
1,5,0,4,3,79,143,15,30842,107363,21,5,0.0000,0.0000,0.0000,54.0000,6.9300
1,5,0,11,9,88,175,15,30842,107363,7,5,0.0000,0.0000,0.0000,54.0000,6.9300
1,5,0,7,2,52,143,15,30842,107363,13,5,0.0000,0.0000,0.0000,54.0000,6.9300
1,5,0,6,3,75,143,15,30842,107363,15,5,0.0000,0.0000,0.0000,54.0000,6.9300
1,5,0,6,2,75,143,15,30842,107363,16,5,0.0000,0.0000,0.0000,54.0000,6.9300
1,5,0,4,3,79,143,15,30842,107363,19,5,0.0000,0.0000,0.0000,54.0000,6.9300
1,5,0,4,4,79,143,15,30842,107363,15,5,0.0000,0.0000,0.0000,54.0000,6.9300
1,5,0,4,4,79,143,15,30842,107363,12,5,0.0000,0.0000,0.0000,54.0000,6.9300
1,5,0,5,2,84,143,15,30842,107363,13,5,0.0000,0.0000,0.0000,54.0000,6.9300
1,5,0,6,2,75,143,15,30842,107363,15,5,0.0000,0.0000,0.0000,54.0000,6.9300
1,5,1,3,1,42,143,15,30842,107363,15,5,0.0000,0.0000,0.0000,54.0000,6.9300
1,5,0,6,1,75,143,15,30842,107363,10,5,0.0000,0.0000,0.0000,54.0000,6.9300
1,5,0,5,4,84,143,15,30842,107363,21,5,0.0000,0.0000,0.0000,54.0000,6.9300
1,5,0,11,3,88,175,15,30842,107363,5,5,0.0000,0.0000,0.0000,54.0000,6.9300
1,5,1,4,2,79,175,15,30842,107363,6,5,0.0000,0.0000,0.0000,54.0000,6.9300
1,5,0,7,2,52,143,15,30842,107363,14,5,0.0000,0.0000,0.0000,54.0000,6.9300
1,5,0,5,8,84,175,15,30842,107363,1,5,0.0000,0.0000,0.0000,54.0000,6.9300
1,5,0,4,3,79,143,15,30842,107363,14,5,0.0000,0.0000,0.0000,54.0000,6.9300
1,5,0,15,8,80,143,15,30842,107363,12,5,0.0000,0.0000,0.0000,54.0000,6.9300
1,5,1,5,4,84,143,15,30842,107363,10,5,0.0000,0.0000,0.0000,54.0000,6.9300
1,5,0,6,2,75,143,15,30842,107363,19,5,0.0000,0.0000,0.0000,54.0000,6.9300
1,5,1,8,4,63,143,15,30842,107363,12,5,0.0000,0.0000,0.0000,54.0000,6.9300
1,5,0,6,3,75,143,15,30842,107363,20,5,0.0000,0.0000,0.0000,54.0000,6.9300
1,5,0,6,3,75,143,15,30842,107363,20,5,0.0000,0.0000,0.0000,54.0000,6.9300
1,5,0,4,3,79,143,15,30842,107363,17,5,0.0000,0.0000,0.0000,54.0000,6.9300
1,5,0,4,2,79,143,15,30842,107363,10,5,0.0000,0.0000,0.0000,54.0000,6.9300
1,5,0,6,3,75,143,15,30842,107363,19,5,0.0000,0.0000,0.0000,54.0000,6.9300
1,5,0,5,5,84,143,15,30842,107363,8,5,0.0000,0.0000,0.0000,54.0000,6.9300
1,5,0,11,5,88,175,15,30842,107363,7,5,0.0000,0.0000,0.0000,54.0000,6.9300
1,5,0,16,5,56,143,15,30842,107363,19,5,0.0000,0.0000,0.0000,54.0000,6.9300
1,5,0,4,3,79,143,15,30842,107363,19,5,0.0000,0.0000,0.0000,54.0000,6.9300
1,5,0,6,3,75,143,15,30842,107363,17,5,0.0000,0.0000,0.0000,54.0000,6.9300
1,5,0,7,3,52,160,3,30842,75506,3,5,0.0000,0.0000,0.0000,54.0000,6.9300
1,5,0,6,3,75,76,8,30842,19857,5,5,0.0000,0.0000,0.0000,54.0000,6.9300
1,5,0,5,2,84,76,8,30842,19857,12,5,0.0000,0.0000,0.0000,54.0000,6.9300
1,5,0,5,3,84,76,8,30842,19857,10,5,0.0000,0.0000,0.0000,54.0000,6.9300
1,5,0,6,3,75,69,8,30842,19857,16,5,0.0000,0.0000,0.0000,54.0000,6.9300
1,5,0,4,1,79,50,8,30842,19857,14,5,0.0000,0.0000,0.0000,54.0000,6.9300
1,5,1,12,3,69,76,8,30842,19857,11,5,0.0000,0.0000,0.0000,54.0000,6.9300
1,5,0,5,3,84,50,8,30842,19857,15,5,0.0000,0.0000,0.0000,54.0000,6.9300
1,5,0,5,3,84,76,8,30842,19857,5,5,0.0000,0.0000,0.0000,54.0000,6.9300
1,5,0,6,1,75,76,8,30842,19857,6,5,0.0000,0.0000,0.0000,54.0000,6.9300
1,5,0,4,1,79,129,8,30842,19857,11,5,0.0000,0.0000,0.0000,54.0000,6.9300
1,5,0,5,3,84,76,8,30842,19857,11,5,0.0000,0.0000,0.0000,54.0000,6.9300
1,5,0,5,2,84,50,8,30842,19857,14,5,0.0000,0.0000,0.0000,54.0000,6.9300
1,5,0,7,1,52,76,8,30842,19857,6,5,0.0000,0.0000,0.0000,54.0000,6.9300
1,5,0,6,1,75,50,8,30842,19857,17,5,0.0000,0.0000,0.0000,54.0000,6.9300
1,5,0,4,3,79,76,8,30842,19857,11,5,0.0000,0.0000,0.0000,54.0000,6.9300
1,5,0,11,3,88,70,13,30842,24623,14,5,0.0000,0.0000,0.0000,54.0000,6.9300
1,5,0,7,3,52,70,13,30842,24623,15,5,0.0000,0.0000,0.0000,54.0000,6.9300
1,5,0,12,5,69,120,17,30842,46218,18,5,0.0000,0.0000,0.0000,54.0000,6.9300
1,5,0,14,8,41,160,3,30842,75506,7,5,0.0000,0.0000,0.0000,54.0000,6.9300
1,5,0,14,3,41,120,17,30842,46218,21,5,0.0000,0.0000,0.0000,54.0000,6.9300
1,5,0,10,3,63,120,17,30842,46218,21,5,0.0000,0.0000,0.0000,54.0000,6.9300
1,5,0,11,3,88,142,17,30842,46218,18,5,0.0000,0.0000,0.0000,54.0000,6.9300
1,5,0,15,9,80,142,17,30842,46218,20,5,0.0000,0.0000,0.0000,54.0000,6.9300
1,5,0,10,3,63,149,7,30842,73508,27,5,0.0000,0.0000,0.0000,54.0000,6.9300
1,5,0,9,3,65,129,7,30842,73508,11,5,0.0000,0.0000,0.0000,54.0000,6.9300
1,5,0,8,2,63,158,7,30842,73508,24,5,0.0000,0.0000,0.0000,54.0000,6.9300
1,5,0,16,3,56,110,7,30842,73508,18,5,0.0000,0.0000,0.0000,54.0000,6.9300
1,5,1,8,2,63,160,7,30842,73508,20,5,0.0000,0.0000,0.0000,54.0000,6.9300
1,5,0,15,2,80,199,7,30842,73508,19,5,0.0000,0.0000,0.0000,54.0000,6.9300
1,5,0,15,7,80,191,7,30842,73508,1,5,0.0000,0.0000,0.0000,54.0000,6.9300
1,5,0,11,3,88,149,7,30842,73508,27,5,0.0000,0.0000,0.0000,54.0000,6.9300
1,5,0,8,3,63,129,7,30842,73508,11,5,0.0000,0.0000,0.0000,54.0000,6.9300
1,5,0,9,3,65,132,7,30842,73508,17,5,0.0000,0.0000,0.0000,54.0000,6.9300
1,5,1,16,2,56,199,7,30842,73508,18,5,0.0000,0.0000,0.0000,54.0000,6.9300
1,5,0,13,2,56,180,7,30842,73508,4,5,0.0000,0.0000,0.0000,54.0000,6.9300
1,5,0,16,3,56,199,7,30842,73508,20,5,0.0000,0.0000,0.0000,54.0000,6.9300
1,5,0,8,2,63,191,7,30842,73508,2,5,0.0000,0.0000,0.0000,54.0000,6.9300
1,5,0,14,2,41,180,7,30842,73508,3,5,0.0000,0.0000,0.0000,54.0000,6.9300
1,5,0,17,3,93,129,7,30842,73508,11,5,0.0000,0.0000,0.0000,54.0000,6.9300
1,5,0,12,3,69,158,7,30842,73508,22,5,0.0000,0.0000,0.0000,54.0000,6.9300
1,5,0,10,8,63,191,7,30842,73508,2,5,0.0000,0.0000,0.0000,54.0000,6.9300
1,5,0,15,1,80,160,7,30842,73508,18,5,0.0000,0.0000,0.0000,54.0000,6.9300
1,5,0,10,2,63,180,7,30842,73508,1,5,0.0000,0.0000,0.0000,54.0000,6.9300
1,5,0,9,3,65,199,7,30842,73508,27,5,0.0000,0.0000,0.0000,54.0000,6.9300
1,5,0,8,3,63,199,7,30842,73508,19,5,0.0000,0.0000,0.0000,54.0000,6.9300
1,5,0,11,3,88,191,7,30842,73508,1,5,0.0000,0.0000,0.0000,54.0000,6.9300
1,5,1,12,2,69,199,7,30842,73508,28,5,0.0000,0.0000,0.0000,54.0000,6.9300
1,5,1,15,2,80,234,7,30842,73508,16,5,0.0000,0.0000,0.0000,54.0000,6.9300
1,5,1,12,2,69,180,7,30842,73508,5,5,0.0000,0.0000,0.0000,54.0000,6.9300
1,5,0,17,4,93,76,13,30842,24623,5,5,0.0000,0.0000,0.0000,54.0000,6.9300
1,5,1,15,8,80,191,7,30842,73508,1,5,0.0000,0.0000,0.0000,54.0000,6.9300
1,5,0,7,2,52,180,7,30842,73508,2,5,0.0000,0.0000,0.0000,54.0000,6.9300
1,5,0,19,1,10,110,7,30842,73508,18,5,0.0000,0.0000,0.0000,54.0000,6.9300
1,5,1,8,4,63,191,7,30842,73508,3,5,0.0000,0.0000,0.0000,54.0000,6.9300
1,5,0,8,2,63,180,7,30842,73508,2,5,0.0000,0.0000,0.0000,54.0000,6.9300
1,5,0,17,3,93,157,7,30842,73508,27,5,0.0000,0.0000,0.0000,54.0000,6.9300
1,5,0,13,2,56,110,7,30842,73508,18,5,0.0000,0.0000,0.0000,54.0000,6.9300
1,5,0,18,7,49,234,7,30842,73508,17,5,0.0000,0.0000,0.0000,54.0000,6.9300
1,5,0,15,2,80,149,7,30842,73508,32,5,0.0000,0.0000,0.0000,54.0000,6.9300
1,5,0,8,2,63,149,7,30842,73508,28,5,0.0000,0.0000,0.0000,54.0000,6.9300
1,5,0,17,3,93,157,7,30842,73508,20,5,0.0000,0.0000,0.0000,54.0000,6.9300
1,5,0,18,2,49,129,7,30842,73508,11,5,0.0000,0.0000,0.0000,54.0000,6.9300
1,5,0,8,2,63,110,7,30842,73508,17,5,0.0000,0.0000,0.0000,54.0000,6.9300
1,5,1,8,3,63,149,7,30842,73508,28,5,0.0000,0.0000,0.0000,54.0000,6.9300
1,5,0,9,4,65,191,7,30842,73508,1,5,0.0000,0.0000,0.0000,54.0000,6.9300
1,5,0,9,2,65,149,7,30842,73508,32,5,0.0000,0.0000,0.0000,54.0000,6.9300
1,5,0,9,3,65,110,7,30842,73508,20,5,0.0000,0.0000,0.0000,54.0000,6.9300
1,5,0,10,3,63,50,8,30842,19857,16,5,0.0000,0.0000,0.0000,54.0000,6.9300
1,5,1,9,2,65,50,14,30842,62105,18,5,0.0000,0.0000,0.0000,54.0000,6.9300
1,5,0,9,2,65,50,14,30842,62105,18,5,0.0000,0.0000,0.0000,54.0000,6.9300
1,5,1,8,2,63,50,14,30842,62105,16,5,0.0000,0.0000,0.0000,54.0000,6.9300
1,5,1,17,3,93,50,14,30842,62105,16,5,0.0000,0.0000,0.0000,54.0000,6.9300
1,5,0,10,3,63,50,14,30842,62105,18,5,0.0000,0.0000,0.0000,54.0000,6.9300
1,5,0,17,3,93,66,14,30842,62105,9,5,0.0000,0.0000,0.0000,54.0000,6.9300
1,5,0,16,5,56,66,14,30842,62105,9,5,0.0000,0.0000,0.0000,54.0000,6.9300
1,5,0,9,3,65,76,14,30842,62105,5,5,0.0000,0.0000,0.0000,54.0000,6.9300
1,5,0,8,2,63,162,11,30842,23463,12,5,0.0000,0.0000,0.0000,54.0000,6.9300
1,5,0,9,4,65,162,11,30842,23463,16,5,0.0000,0.0000,0.0000,54.0000,6.9300
1,5,0,13,3,56,145,16,30842,15023,14,5,0.0000,0.0000,0.0000,54.0000,6.9300
1,5,1,9,4,65,76,13,30842,24623,6,5,0.0000,0.0000,0.0000,54.0000,6.9300
1,5,0,7,3,52,76,13,30842,24623,5,5,0.0000,0.0000,0.0000,54.0000,6.9300
1,5,0,8,3,63,199,7,30842,73508,27,5,0.0000,0.0000,0.0000,54.0000,6.9300
1,5,0,8,2,63,149,7,30842,73508,29,5,0.0000,0.0000,0.0000,54.0000,6.9300
1,5,0,16,3,56,199,7,30842,73508,19,5,0.0000,0.0000,0.0000,54.0000,6.9300
1,5,0,12,2,69,157,7,30842,73508,27,5,0.0000,0.0000,0.0000,54.0000,6.9300
1,5,0,11,2,88,182,16,30842,15023,1,5,0.0000,0.0000,0.0000,54.0000,6.9300
1,5,0,11,3,88,157,7,30842,73508,17,5,0.0000,0.0000,0.0000,54.0000,6.9300
1,5,0,10,1,63,110,7,30842,73508,20,5,0.0000,0.0000,0.0000,54.0000,6.9300
1,5,0,4,3,79,149,7,30842,73508,31,5,0.0000,0.0000,0.0000,54.0000,6.9300
1,5,0,8,2,63,129,7,30842,73508,11,5,0.0000,0.0000,0.0000,54.0000,6.9300
1,5,0,10,7,63,234,7,30842,73508,16,5,0.0000,0.0000,0.0000,54.0000,6.9300
1,5,0,10,3,63,178,16,30842,15023,7,5,0.0000,0.0000,0.0000,54.0000,6.9300
1,5,0,15,7,80,145,16,30842,15023,13,5,0.0000,0.0000,0.0000,54.0000,6.9300
1,5,0,8,2,63,178,16,30842,15023,9,5,0.0000,0.0000,0.0000,54.0000,6.9300
1,5,0,8,8,63,143,15,30842,107363,22,5,0.0000,0.0000,0.0000,54.0000,6.9300
1,5,0,7,2,52,143,15,30842,107363,18,5,0.0000,0.0000,0.0000,54.0000,6.9300
1,5,0,6,2,75,143,15,30842,107363,15,5,0.0000,0.0000,0.0000,54.0000,6.9300
1,5,0,9,2,65,143,15,30842,107363,18,5,0.0000,0.0000,0.0000,54.0000,6.9300
1,5,0,15,3,80,143,15,30842,107363,20,5,0.0000,0.0000,0.0000,54.0000,6.9300
1,5,0,9,2,65,143,15,30842,107363,16,5,0.0000,0.0000,0.0000,54.0000,6.9300
1,5,0,10,2,63,143,15,30842,107363,15,5,0.0000,0.0000,0.0000,54.0000,6.9300
1,5,0,9,7,65,175,15,30842,107363,1,5,0.0000,0.0000,0.0000,54.0000,6.9300
1,5,1,11,4,88,143,15,30842,107363,18,5,0.0000,0.0000,0.0000,54.0000,6.9300
1,5,0,12,4,69,143,15,30842,107363,8,5,0.0000,0.0000,0.0000,54.0000,6.9300
1,5,0,9,2,65,175,15,30842,107363,2,5,0.0000,0.0000,0.0000,54.0000,6.9300
1,5,0,8,3,63,143,15,30842,107363,18,5,0.0000,0.0000,0.0000,54.0000,6.9300
1,5,0,10,3,63,175,15,30842,107363,1,5,0.0000,0.0000,0.0000,54.0000,6.9300
1,5,0,11,2,88,175,15,30842,107363,7,5,0.0000,0.0000,0.0000,54.0000,6.9300
1,5,0,12,1,69,143,15,30842,107363,13,5,0.0000,0.0000,0.0000,54.0000,6.9300
1,5,1,8,3,63,143,15,30842,107363,19,5,0.0000,0.0000,0.0000,54.0000,6.9300
1,5,0,9,3,65,175,15,30842,107363,1,5,0.0000,0.0000,0.0000,54.0000,6.9300
1,5,0,13,3,56,143,15,30842,107363,15,5,0.0000,0.0000,0.0000,54.0000,6.9300
1,5,0,7,1,52,143,15,30842,107363,11,5,0.0000,0.0000,0.0000,54.0000,6.9300
1,5,1,6,1,75,128,3,30842,75506,19,5,0.0000,0.0000,0.0000,54.0000,6.9300
1,5,0,12,3,69,150,3,30842,75506,15,5,0.0000,0.0000,0.0000,54.0000,6.9300
1,5,0,13,7,56,150,3,30842,75506,18,5,0.0000,0.0000,0.0000,54.0000,6.9300
1,5,0,8,3,63,160,3,30842,75506,20,5,0.0000,0.0000,0.0000,54.0000,6.9300
1,5,0,9,3,65,50,8,30842,19857,17,5,0.0000,0.0000,0.0000,54.0000,6.9300
1,5,0,10,4,63,76,8,30842,19857,11,5,0.0000,0.0000,0.0000,54.0000,6.9300
1,5,0,11,3,88,76,8,30842,19857,5,5,0.0000,0.0000,0.0000,54.0000,6.9300
1,5,0,8,1,63,76,8,30842,19857,6,5,0.0000,0.0000,0.0000,54.0000,6.9300
1,5,0,16,4,56,76,8,30842,19857,11,5,0.0000,0.0000,0.0000,54.0000,6.9300
1,5,0,11,3,88,76,12,30842,17869,3,5,0.0000,0.0000,0.0000,54.0000,6.9300
1,5,0,7,7,52,150,3,30842,75506,14,5,0.0000,0.0000,0.0000,54.0000,6.9300
1,5,0,8,1,63,128,3,30842,75506,19,5,0.0000,0.0000,0.0000,54.0000,6.9300
1,5,0,9,1,65,69,8,30842,19857,16,5,0.0000,0.0000,0.0000,54.0000,6.9300
1,5,0,10,3,63,160,3,30842,75506,6,5,0.0000,0.0000,0.0000,54.0000,6.9300
1,5,0,8,2,63,50,8,30842,19857,14,5,0.0000,0.0000,0.0000,54.0000,6.9300
1,5,0,5,3,84,178,16,30842,15023,9,5,0.0000,0.0000,0.0000,54.0000,6.9300
1,5,0,9,3,65,157,7,30842,73508,21,5,0.0000,0.0000,0.0000,54.0000,6.9300
1,5,0,15,3,80,199,7,30842,73508,24,5,0.0000,0.0000,0.0000,54.0000,6.9300
1,5,0,13,3,56,180,7,30842,73508,4,5,0.0000,0.0000,0.0000,54.0000,6.9300
1,5,0,15,2,80,160,7,30842,73508,19,5,0.0000,0.0000,0.0000,54.0000,6.9300
1,5,0,10,4,63,180,7,30842,73508,1,5,0.0000,0.0000,0.0000,54.0000,6.9300
1,5,0,11,4,88,191,7,30842,73508,1,5,0.0000,0.0000,0.0000,54.0000,6.9300
1,5,0,16,2,56,180,7,30842,73508,4,5,0.0000,0.0000,0.0000,54.0000,6.9300
1,5,0,9,3,65,129,7,30842,73508,11,5,0.0000,0.0000,0.0000,54.0000,6.9300
1,5,0,7,7,52,230,9,30842,9496,4,5,0.0000,0.0000,0.0000,54.0000,6.9300
1,5,0,11,9,88,181,1,30842,20315,5,5,0.0000,0.0000,0.0000,54.0000,6.9300
1,5,0,14,3,41,76,12,30842,17869,3,5,0.0000,0.0000,0.0000,54.0000,6.9300
1,5,0,5,3,84,90,6,30842,22418,4,5,0.0000,0.0000,0.0000,54.0000,6.9300
1,5,0,12,3,69,182,16,30842,15023,1,5,0.0000,0.0000,0.0000,54.0000,6.9300
1,5,0,14,3,41,178,16,30842,15023,5,5,0.0000,0.0000,0.0000,54.0000,6.9300
1,5,0,15,3,80,145,16,30842,15023,14,5,0.0000,0.0000,0.0000,54.0000,6.9300
1,5,0,14,3,41,160,3,30842,75506,6,5,0.0000,0.0000,0.0000,54.0000,6.9300
1,5,0,11,3,88,76,8,30842,19857,5,5,0.0000,0.0000,0.0000,54.0000,6.9300
1,5,1,8,1,63,76,8,30842,19857,12,5,0.0000,0.0000,0.0000,54.0000,6.9300
1,5,0,9,3,65,76,8,30842,19857,6,5,0.0000,0.0000,0.0000,54.0000,6.9300
1,5,0,11,3,88,76,8,30842,19857,10,5,0.0000,0.0000,0.0000,54.0000,6.9300
1,5,0,9,2,65,76,8,30842,19857,11,5,0.0000,0.0000,0.0000,54.0000,6.9300
1,5,0,8,4,63,76,8,30842,19857,12,5,0.0000,0.0000,0.0000,54.0000,6.9300
1,5,0,17,7,93,191,7,30842,73508,1,5,0.0000,0.0000,0.0000,54.0000,6.9300
1,5,1,12,7,69,199,7,30842,73508,17,5,0.0000,0.0000,0.0000,54.0000,6.9300
1,5,0,15,7,80,191,7,30842,73508,2,5,0.0000,0.0000,0.0000,54.0000,6.9300
1,5,0,14,4,41,191,7,30842,73508,2,5,0.0000,0.0000,0.0000,54.0000,6.9300
1,5,0,12,3,69,149,7,30842,73508,28,5,0.0000,0.0000,0.0000,54.0000,6.9300
1,5,1,12,4,69,191,7,30842,73508,1,5,0.0000,0.0000,0.0000,54.0000,6.9300
1,5,0,11,9,88,199,7,30842,73508,27,5,0.0000,0.0000,0.0000,54.0000,6.9300
1,5,0,11,3,88,158,7,30842,73508,23,5,0.0000,0.0000,0.0000,54.0000,6.9300
1,5,0,15,4,80,191,7,30842,73508,2,5,0.0000,0.0000,0.0000,54.0000,6.9300
1,5,0,12,4,69,157,7,30842,73508,21,5,0.0000,0.0000,0.0000,54.0000,6.9300
1,5,0,16,9,56,180,7,30842,73508,3,5,0.0000,0.0000,0.0000,54.0000,6.9300
1,5,0,17,4,93,199,7,30842,73508,23,5,0.0000,0.0000,0.0000,54.0000,6.9300
1,5,0,13,3,56,129,7,30842,73508,11,5,0.0000,0.0000,0.0000,54.0000,6.9300
1,5,1,15,9,80,180,7,30842,73508,5,5,0.0000,0.0000,0.0000,54.0000,6.9300
1,5,0,15,7,80,191,7,30842,73508,1,5,0.0000,0.0000,0.0000,54.0000,6.9300
1,5,0,12,4,69,132,7,30842,73508,17,5,0.0000,0.0000,0.0000,54.0000,6.9300
1,5,0,10,2,63,158,7,30842,73508,24,5,0.0000,0.0000,0.0000,54.0000,6.9300
1,5,0,11,3,88,158,7,30842,73508,22,5,0.0000,0.0000,0.0000,54.0000,6.9300
1,5,0,10,4,63,76,13,30842,24623,6,5,0.0000,0.0000,0.0000,54.0000,6.9300
1,5,0,11,3,88,76,8,30842,19857,6,5,0.0000,0.0000,0.0000,54.0000,6.9300
1,5,0,10,3,63,76,8,30842,19857,5,5,0.0000,0.0000,0.0000,54.0000,6.9300
1,5,0,12,2,69,76,8,30842,19857,11,5,0.0000,0.0000,0.0000,54.0000,6.9300
1,5,0,18,3,49,76,8,30842,19857,5,5,0.0000,0.0000,0.0000,54.0000,6.9300
1,5,0,12,3,69,69,8,30842,19857,16,5,0.0000,0.0000,0.0000,54.0000,6.9300
1,5,0,12,1,69,50,8,30842,19857,17,5,0.0000,0.0000,0.0000,54.0000,6.9300
1,5,0,12,1,69,76,8,30842,19857,5,5,0.0000,0.0000,0.0000,54.0000,6.9300
1,5,0,8,2,63,129,8,30842,19857,11,5,0.0000,0.0000,0.0000,54.0000,6.9300
1,5,0,11,2,88,76,8,30842,19857,11,5,0.0000,0.0000,0.0000,54.0000,6.9300
1,5,0,11,4,88,149,7,30842,73508,26,5,0.0000,0.0000,0.0000,54.0000,6.9300
1,5,0,11,4,88,157,7,30842,73508,20,5,0.0000,0.0000,0.0000,54.0000,6.9300
1,5,0,16,9,56,180,7,30842,73508,5,5,0.0000,0.0000,0.0000,54.0000,6.9300
1,5,1,17,9,93,180,7,30842,73508,3,5,0.0000,0.0000,0.0000,54.0000,6.9300
1,5,1,11,3,88,158,7,30842,73508,22,5,0.0000,0.0000,0.0000,54.0000,6.9300
1,5,0,15,9,80,180,7,30842,73508,2,5,0.0000,0.0000,0.0000,54.0000,6.9300
1,5,0,11,3,88,110,7,30842,73508,14,5,0.0000,0.0000,0.0000,54.0000,6.9300
1,5,0,12,2,69,149,7,30842,73508,28,5,0.0000,0.0000,0.0000,54.0000,6.9300
1,5,0,10,2,63,158,7,30842,73508,23,5,0.0000,0.0000,0.0000,54.0000,6.9300
1,5,0,8,2,63,158,7,30842,73508,21,5,0.0000,0.0000,0.0000,54.0000,6.9300
1,5,0,11,3,88,180,7,30842,73508,1,5,0.0000,0.0000,0.0000,54.0000,6.9300
1,5,0,16,3,56,191,7,30842,73508,2,5,0.0000,0.0000,0.0000,54.0000,6.9300
1,5,0,12,2,69,149,7,30842,73508,27,5,0.0000,0.0000,0.0000,54.0000,6.9300
1,5,0,10,7,63,180,7,30842,73508,5,5,0.0000,0.0000,0.0000,54.0000,6.9300
1,5,1,12,9,69,180,7,30842,73508,1,5,0.0000,0.0000,0.0000,54.0000,6.9300
1,5,0,11,3,88,158,7,30842,73508,23,5,0.0000,0.0000,0.0000,54.0000,6.9300
1,5,0,14,3,41,99,3,30842,75506,12,5,0.0000,0.0000,0.0000,54.0000,6.9300
1,5,0,10,1,63,76,8,30842,19857,5,5,0.0000,0.0000,0.0000,54.0000,6.9300
1,5,0,14,3,41,128,3,30842,75506,19,5,0.0000,0.0000,0.0000,54.0000,6.9300
1,5,0,11,2,88,50,8,30842,19857,15,5,0.0000,0.0000,0.0000,54.0000,6.9300
1,5,0,9,2,65,143,15,30842,107363,13,5,0.0000,0.0000,0.0000,54.0000,6.9300
1,5,0,11,3,88,143,15,30842,107363,8,5,0.0000,0.0000,0.0000,54.0000,6.9300
1,5,0,17,2,93,143,15,30842,107363,17,5,0.0000,0.0000,0.0000,54.0000,6.9300
1,5,0,16,3,56,175,15,30842,107363,1,5,0.0000,0.0000,0.0000,54.0000,6.9300
1,5,0,13,3,56,175,15,30842,107363,6,5,0.0000,0.0000,0.0000,54.0000,6.9300
1,5,0,9,3,65,143,15,30842,107363,19,5,0.0000,0.0000,0.0000,54.0000,6.9300
1,5,0,15,2,80,175,15,30842,107363,7,5,0.0000,0.0000,0.0000,54.0000,6.9300
1,5,0,17,3,93,175,15,30842,107363,1,5,0.0000,0.0000,0.0000,54.0000,6.9300
1,5,0,11,2,88,143,15,30842,107363,9,5,0.0000,0.0000,0.0000,54.0000,6.9300
1,5,0,15,7,80,143,15,30842,107363,15,5,0.0000,0.0000,0.0000,54.0000,6.9300
1,5,0,11,8,88,143,15,30842,107363,21,5,0.0000,0.0000,0.0000,54.0000,6.9300
1,5,0,15,7,80,175,15,30842,107363,1,5,0.0000,0.0000,0.0000,54.0000,6.9300
1,5,0,10,4,63,143,15,30842,107363,20,5,0.0000,0.0000,0.0000,54.0000,6.9300
1,5,0,10,1,63,143,15,30842,107363,14,5,0.0000,0.0000,0.0000,54.0000,6.9300
1,5,0,11,1,88,143,15,30842,107363,17,5,0.0000,0.0000,0.0000,54.0000,6.9300
1,5,0,12,3,69,175,15,30842,107363,7,5,0.0000,0.0000,0.0000,54.0000,6.9300
1,5,0,9,3,65,143,15,30842,107363,11,5,0.0000,0.0000,0.0000,54.0000,6.9300
1,5,0,10,3,63,143,15,30842,107363,10,5,0.0000,0.0000,0.0000,54.0000,6.9300
1,5,0,11,2,88,143,15,30842,107363,13,5,0.0000,0.0000,0.0000,54.0000,6.9300
1,5,0,8,3,63,143,15,30842,107363,10,5,0.0000,0.0000,0.0000,54.0000,6.9300
1,5,0,11,3,88,143,15,30842,107363,14,5,0.0000,0.0000,0.0000,54.0000,6.9300
1,5,0,17,1,93,143,15,30842,107363,20,5,0.0000,0.0000,0.0000,54.0000,6.9300
1,5,0,14,3,41,182,16,30842,15023,3,5,0.0000,0.0000,0.0000,54.0000,6.9300
1,5,0,16,3,56,145,16,30842,15023,13,5,0.0000,0.0000,0.0000,54.0000,6.9300
1,5,0,10,4,63,178,16,30842,15023,4,5,0.0000,0.0000,0.0000,54.0000,6.9300
1,5,0,9,1,65,158,7,30842,73508,20,5,0.0000,0.0000,0.0000,54.0000,6.9300
1,5,0,11,8,88,191,7,30842,73508,1,5,0.0000,0.0000,0.0000,54.0000,6.9300
1,5,0,16,6,56,180,7,30842,73508,1,5,0.0000,0.0000,0.0000,54.0000,6.9300
1,5,0,9,2,65,199,7,30842,73508,18,5,0.0000,0.0000,0.0000,54.0000,6.9300
1,5,0,11,2,88,129,7,30842,73508,11,5,0.0000,0.0000,0.0000,54.0000,6.9300
1,5,0,11,1,88,149,7,30842,73508,31,5,0.0000,0.0000,0.0000,54.0000,6.9300
1,5,0,11,4,88,149,7,30842,73508,28,5,0.0000,0.0000,0.0000,54.0000,6.9300
1,5,1,12,3,69,191,7,30842,73508,2,5,0.0000,0.0000,0.0000,54.0000,6.9300
1,5,0,14,4,41,191,7,30842,73508,3,5,0.0000,0.0000,0.0000,54.0000,6.9300
1,5,0,16,4,56,191,7,30842,73508,1,5,0.0000,0.0000,0.0000,54.0000,6.9300
1,5,0,11,2,88,149,7,30842,73508,29,5,0.0000,0.0000,0.0000,54.0000,6.9300
1,5,0,9,1,65,110,7,30842,73508,14,5,0.0000,0.0000,0.0000,54.0000,6.9300
1,5,0,19,2,10,180,7,30842,73508,4,5,0.0000,0.0000,0.0000,54.0000,6.9300
1,5,0,12,1,69,149,7,30842,73508,27,5,0.0000,0.0000,0.0000,54.0000,6.9300
1,5,0,12,4,69,191,7,30842,73508,2,5,0.0000,0.0000,0.0000,54.0000,6.9300
1,5,0,15,1,80,158,7,30842,73508,23,5,0.0000,0.0000,0.0000,54.0000,6.9300
1,5,0,17,2,93,180,7,30842,73508,3,5,0.0000,0.0000,0.0000,54.0000,6.9300
1,5,0,13,3,56,191,7,30842,73508,1,5,0.0000,0.0000,0.0000,54.0000,6.9300
1,5,0,11,2,88,158,7,30842,73508,22,5,0.0000,0.0000,0.0000,54.0000,6.9300
1,5,0,11,3,88,149,7,30842,73508,29,5,0.0000,0.0000,0.0000,54.0000,6.9300
1,5,0,12,2,69,149,7,30842,73508,29,5,0.0000,0.0000,0.0000,54.0000,6.9300
1,5,0,18,3,49,199,7,30842,73508,17,5,0.0000,0.0000,0.0000,54.0000,6.9300
1,5,0,8,3,63,129,7,30842,73508,11,5,0.0000,0.0000,0.0000,54.0000,6.9300
1,5,0,16,3,56,199,7,30842,73508,19,5,0.0000,0.0000,0.0000,54.0000,6.9300
1,5,0,15,3,80,180,7,30842,73508,6,5,0.0000,0.0000,0.0000,54.0000,6.9300
1,5,0,12,2,69,149,7,30842,73508,29,5,0.0000,0.0000,0.0000,54.0000,6.9300
1,5,0,9,2,65,149,7,30842,73508,28,5,0.0000,0.0000,0.0000,54.0000,6.9300
1,5,0,11,2,88,149,7,30842,73508,27,5,0.0000,0.0000,0.0000,54.0000,6.9300
1,5,0,13,5,56,157,7,30842,73508,28,5,0.0000,0.0000,0.0000,54.0000,6.9300
1,5,0,10,2,63,129,7,30842,73508,11,5,0.0000,0.0000,0.0000,54.0000,6.9300
1,5,0,8,2,63,129,7,30842,73508,11,5,0.0000,0.0000,0.0000,54.0000,6.9300
1,5,1,8,2,63,110,7,30842,73508,19,5,0.0000,0.0000,0.0000,54.0000,6.9300
1,5,0,9,3,65,158,7,30842,73508,21,5,0.0000,0.0000,0.0000,54.0000,6.9300
1,5,0,10,2,63,129,7,30842,73508,11,5,0.0000,0.0000,0.0000,54.0000,6.9300
1,5,0,11,2,88,129,7,30842,73508,11,5,0.0000,0.0000,0.0000,54.0000,6.9300
1,5,0,9,3,65,110,7,30842,73508,19,5,0.0000,0.0000,0.0000,54.0000,6.9300
1,5,0,15,3,80,180,7,30842,73508,5,5,0.0000,0.0000,0.0000,54.0000,6.9300
1,5,0,12,3,69,158,7,30842,73508,23,5,0.0000,0.0000,0.0000,54.0000,6.9300
1,5,0,14,2,41,180,7,30842,73508,1,5,0.0000,0.0000,0.0000,54.0000,6.9300
1,5,0,11,3,88,132,7,30842,73508,17,5,0.0000,0.0000,0.0000,54.0000,6.9300
1,5,0,11,3,88,149,7,30842,73508,27,5,0.0000,0.0000,0.0000,54.0000,6.9300
1,5,0,18,4,49,191,7,30842,73508,3,5,0.0000,0.0000,0.0000,54.0000,6.9300
1,5,0,10,5,63,180,7,30842,73508,1,5,0.0000,0.0000,0.0000,54.0000,6.9300
1,5,0,11,4,88,158,7,30842,73508,21,5,0.0000,0.0000,0.0000,54.0000,6.9300
1,5,0,8,4,63,129,7,30842,73508,11,5,0.0000,0.0000,0.0000,54.0000,6.9300
1,5,0,17,4,93,180,7,30842,73508,5,5,0.0000,0.0000,0.0000,54.0000,6.9300
1,5,0,11,1,88,129,7,30842,73508,11,5,0.0000,0.0000,0.0000,54.0000,6.9300
1,5,0,10,4,63,149,7,30842,73508,28,5,0.0000,0.0000,0.0000,54.0000,6.9300
1,5,0,8,3,63,129,7,30842,73508,11,5,0.0000,0.0000,0.0000,54.0000,6.9300
1,5,0,17,3,93,157,7,30842,73508,26,5,0.0000,0.0000,0.0000,54.0000,6.9300
1,5,0,12,3,69,149,7,30842,73508,27,5,0.0000,0.0000,0.0000,54.0000,6.9300
1,5,0,10,4,63,110,7,30842,73508,18,5,0.0000,0.0000,0.0000,54.0000,6.9300
1,5,0,15,1,80,129,7,30842,73508,11,5,0.0000,0.0000,0.0000,54.0000,6.9300
1,5,0,10,1,63,110,7,30842,73508,17,5,0.0000,0.0000,0.0000,54.0000,6.9300
1,5,1,11,1,88,110,7,30842,73508,13,5,0.0000,0.0000,0.0000,54.0000,6.9300
1,5,0,12,1,69,129,7,30842,73508,11,5,0.0000,0.0000,0.0000,54.0000,6.9300
1,5,0,12,2,69,149,7,30842,73508,29,5,0.0000,0.0000,0.0000,54.0000,6.9300
1,5,0,14,4,41,191,7,30842,73508,2,5,0.0000,0.0000,0.0000,54.0000,6.9300
1,5,1,12,3,69,129,7,30842,73508,11,5,0.0000,0.0000,0.0000,54.0000,6.9300
1,5,0,9,1,65,110,7,30842,73508,19,5,0.0000,0.0000,0.0000,54.0000,6.9300
1,5,0,11,3,88,149,7,30842,73508,28,5,0.0000,0.0000,0.0000,54.0000,6.9300
1,5,0,9,1,65,149,7,30842,73508,29,5,0.0000,0.0000,0.0000,54.0000,6.9300
1,5,0,16,2,56,180,7,30842,73508,6,5,0.0000,0.0000,0.0000,54.0000,6.9300
1,5,1,10,3,63,129,7,30842,73508,11,5,0.0000,0.0000,0.0000,54.0000,6.9300
1,5,0,9,1,65,129,7,30842,73508,11,5,0.0000,0.0000,0.0000,54.0000,6.9300
1,5,0,10,1,63,129,7,30842,73508,11,5,0.0000,0.0000,0.0000,54.0000,6.9300
1,5,0,15,3,80,180,9,30842,9496,11,5,0.0000,0.0000,0.0000,54.0000,6.9300
1,5,0,8,7,63,186,9,30842,9496,3,5,0.0000,0.0000,0.0000,54.0000,6.9300
1,5,0,15,3,80,150,3,30842,75506,20,5,0.0000,0.0000,0.0000,54.0000,6.9300
1,5,0,9,2,65,50,8,30842,19857,14,5,0.0000,0.0000,0.0000,54.0000,6.9300
1,5,0,17,3,93,69,8,30842,19857,16,5,0.0000,0.0000,0.0000,54.0000,6.9300
1,5,0,11,2,88,50,8,30842,19857,15,5,0.0000,0.0000,0.0000,54.0000,6.9300
1,5,0,8,3,63,76,8,30842,19857,12,5,0.0000,0.0000,0.0000,54.0000,6.9300
1,5,1,10,3,63,76,8,30842,19857,6,5,0.0000,0.0000,0.0000,54.0000,6.9300
1,5,0,9,3,65,129,14,30842,62105,11,5,0.0000,0.0000,0.0000,54.0000,6.9300
1,5,0,10,2,63,66,14,30842,62105,16,5,0.0000,0.0000,0.0000,54.0000,6.9300
1,5,0,9,1,65,50,14,30842,62105,17,5,0.0000,0.0000,0.0000,54.0000,6.9300
1,5,1,9,2,65,50,14,30842,62105,17,5,0.0000,0.0000,0.0000,54.0000,6.9300
1,5,0,11,2,88,50,14,30842,62105,14,5,0.0000,0.0000,0.0000,54.0000,6.9300
1,5,0,10,3,63,50,14,30842,62105,18,5,0.0000,0.0000,0.0000,54.0000,6.9300
1,5,0,18,1,49,66,14,30842,62105,13,5,0.0000,0.0000,0.0000,54.0000,6.9300
1,5,1,12,2,69,50,14,30842,62105,15,5,0.0000,0.0000,0.0000,54.0000,6.9300
1,5,0,9,2,65,50,14,30842,62105,18,5,0.0000,0.0000,0.0000,54.0000,6.9300
1,5,0,8,1,63,50,14,30842,62105,15,5,0.0000,0.0000,0.0000,54.0000,6.9300
1,5,0,9,1,65,50,14,30842,62105,16,5,0.0000,0.0000,0.0000,54.0000,6.9300
1,5,0,10,1,63,50,14,30842,62105,16,5,0.0000,0.0000,0.0000,54.0000,6.9300
1,5,0,8,3,63,50,14,30842,62105,16,5,0.0000,0.0000,0.0000,54.0000,6.9300
1,5,0,10,1,63,50,14,30842,62105,8,5,0.0000,0.0000,0.0000,54.0000,6.9300
1,5,0,7,1,52,50,14,30842,62105,17,5,0.0000,0.0000,0.0000,54.0000,6.9300
1,5,0,12,2,69,66,14,30842,62105,17,5,0.0000,0.0000,0.0000,54.0000,6.9300
1,5,0,12,1,69,129,14,30842,62105,11,5,0.0000,0.0000,0.0000,54.0000,6.9300
1,5,0,9,1,65,50,14,30842,62105,16,5,0.0000,0.0000,0.0000,54.0000,6.9300
1,5,0,9,4,65,66,14,30842,62105,13,5,0.0000,0.0000,0.0000,54.0000,6.9300
1,5,0,7,1,52,50,8,30842,19857,14,5,0.0000,0.0000,0.0000,54.0000,6.9300
1,5,0,9,2,65,76,8,30842,19857,12,5,0.0000,0.0000,0.0000,54.0000,6.9300
1,5,0,9,1,65,50,8,30842,19857,17,5,0.0000,0.0000,0.0000,54.0000,6.9300
1,5,0,13,3,56,157,7,30842,73508,21,5,0.0000,0.0000,0.0000,54.0000,6.9300
1,5,0,15,8,80,191,7,30842,73508,3,5,0.0000,0.0000,0.0000,54.0000,6.9300
1,5,0,9,2,65,110,7,30842,73508,18,5,0.0000,0.0000,0.0000,54.0000,6.9300
1,5,0,12,3,69,157,7,30842,73508,21,5,0.0000,0.0000,0.0000,54.0000,6.9300
1,5,0,17,3,93,191,7,30842,73508,2,5,0.0000,0.0000,0.0000,54.0000,6.9300
1,5,0,12,3,69,199,7,30842,73508,27,5,0.0000,0.0000,0.0000,54.0000,6.9300
1,5,1,13,3,56,129,7,30842,73508,11,5,0.0000,0.0000,0.0000,54.0000,6.9300
1,5,0,8,3,63,129,7,30842,73508,11,5,0.0000,0.0000,0.0000,54.0000,6.9300
1,5,0,11,3,88,149,7,30842,73508,27,5,0.0000,0.0000,0.0000,54.0000,6.9300
1,5,0,12,3,69,157,7,30842,73508,28,5,0.0000,0.0000,0.0000,54.0000,6.9300
1,5,1,15,3,80,157,7,30842,73508,21,5,0.0000,0.0000,0.0000,54.0000,6.9300
1,5,0,10,4,63,158,7,30842,73508,23,5,0.0000,0.0000,0.0000,54.0000,6.9300
1,5,0,11,3,88,132,7,30842,73508,17,5,0.0000,0.0000,0.0000,54.0000,6.9300
1,5,0,10,3,63,129,7,30842,73508,11,5,0.0000,0.0000,0.0000,54.0000,6.9300
1,5,0,17,7,93,234,7,30842,73508,17,5,0.0000,0.0000,0.0000,54.0000,6.9300
1,5,0,9,2,65,129,7,30842,73508,11,5,0.0000,0.0000,0.0000,54.0000,6.9300
1,5,0,17,3,93,180,7,30842,73508,3,5,0.0000,0.0000,0.0000,54.0000,6.9300
1,5,0,9,1,65,129,7,30842,73508,11,5,0.0000,0.0000,0.0000,54.0000,6.9300
1,5,0,8,3,63,129,7,30842,73508,11,5,0.0000,0.0000,0.0000,54.0000,6.9300
1,5,0,12,3,69,149,7,30842,73508,27,5,0.0000,0.0000,0.0000,54.0000,6.9300
1,5,0,13,3,56,158,7,30842,73508,21,5,0.0000,0.0000,0.0000,54.0000,6.9300
1,5,0,11,4,88,158,7,30842,73508,22,5,0.0000,0.0000,0.0000,54.0000,6.9300
1,5,0,9,1,65,149,7,30842,73508,27,5,0.0000,0.0000,0.0000,54.0000,6.9300
1,5,0,9,3,65,149,7,30842,73508,27,5,0.0000,0.0000,0.0000,54.0000,6.9300
1,5,0,17,3,93,191,7,30842,73508,3,5,0.0000,0.0000,0.0000,54.0000,6.9300
1,5,0,15,8,80,199,7,30842,73508,21,5,0.0000,0.0000,0.0000,54.0000,6.9300
1,5,0,16,3,56,132,7,30842,73508,17,5,0.0000,0.0000,0.0000,54.0000,6.9300
1,5,0,18,3,49,191,7,30842,73508,3,5,0.0000,0.0000,0.0000,54.0000,6.9300
1,5,0,18,3,49,129,7,30842,73508,11,5,0.0000,0.0000,0.0000,54.0000,6.9300
1,5,0,16,3,56,180,7,30842,73508,5,5,0.0000,0.0000,0.0000,54.0000,6.9300
1,5,0,11,3,88,110,7,30842,73508,18,5,0.0000,0.0000,0.0000,54.0000,6.9300
1,5,0,11,3,88,149,7,30842,73508,27,5,0.0000,0.0000,0.0000,54.0000,6.9300
1,5,0,10,3,63,149,7,30842,73508,28,5,0.0000,0.0000,0.0000,54.0000,6.9300
1,5,0,9,4,65,158,7,30842,73508,24,5,0.0000,0.0000,0.0000,54.0000,6.9300
1,5,0,12,4,69,158,7,30842,73508,23,5,0.0000,0.0000,0.0000,54.0000,6.9300
1,5,0,8,2,63,129,7,30842,73508,11,5,0.0000,0.0000,0.0000,54.0000,6.9300
1,5,0,10,2,63,158,7,30842,73508,21,5,0.0000,0.0000,0.0000,54.0000,6.9300
1,5,0,11,2,88,110,7,30842,73508,19,5,0.0000,0.0000,0.0000,54.0000,6.9300
1,5,0,9,7,65,191,7,30842,73508,3,5,0.0000,0.0000,0.0000,54.0000,6.9300
1,5,0,11,7,88,157,7,30842,73508,27,5,0.0000,0.0000,0.0000,54.0000,6.9300
1,5,0,12,2,69,149,7,30842,73508,26,5,0.0000,0.0000,0.0000,54.0000,6.9300
1,5,0,15,9,80,180,7,30842,73508,4,5,0.0000,0.0000,0.0000,54.0000,6.9300
1,5,0,11,2,88,129,7,30842,73508,11,5,0.0000,0.0000,0.0000,54.0000,6.9300
1,5,0,18,3,49,180,7,30842,73508,1,5,0.0000,0.0000,0.0000,54.0000,6.9300
1,5,0,10,4,63,110,7,30842,73508,17,5,0.0000,0.0000,0.0000,54.0000,6.9300
1,5,1,11,1,88,110,7,30842,73508,19,5,0.0000,0.0000,0.0000,54.0000,6.9300
1,5,0,12,2,69,180,7,30842,73508,4,5,0.0000,0.0000,0.0000,54.0000,6.9300
1,5,0,13,4,56,150,11,30842,23463,15,5,0.0000,0.0000,0.0000,54.0000,6.9300
1,5,0,17,4,93,191,7,30842,73508,1,5,0.0000,0.0000,0.0000,54.0000,6.9300
1,5,0,8,3,63,160,7,30842,73508,20,5,0.0000,0.0000,0.0000,54.0000,6.9300
1,5,0,11,4,88,129,7,30842,73508,11,5,0.0000,0.0000,0.0000,54.0000,6.9300
1,5,0,13,7,56,191,7,30842,73508,2,5,0.0000,0.0000,0.0000,54.0000,6.9300
1,5,0,13,2,56,180,7,30842,73508,5,5,0.0000,0.0000,0.0000,54.0000,6.9300
1,5,0,9,4,65,191,7,30842,73508,1,5,0.0000,0.0000,0.0000,54.0000,6.9300
1,5,0,18,2,49,199,7,30842,73508,20,5,0.0000,0.0000,0.0000,54.0000,6.9300
1,5,0,11,4,88,149,7,30842,73508,27,5,0.0000,0.0000,0.0000,54.0000,6.9300
1,5,0,17,3,93,110,7,30842,73508,20,5,0.0000,0.0000,0.0000,54.0000,6.9300
1,5,0,11,3,88,124,7,30842,73508,11,5,0.0000,0.0000,0.0000,54.0000,6.9300
1,5,0,16,2,56,199,7,30842,73508,26,5,0.0000,0.0000,0.0000,54.0000,6.9300
1,5,0,18,2,49,191,7,30842,73508,1,5,0.0000,0.0000,0.0000,54.0000,6.9300
1,5,0,10,3,63,129,7,30842,73508,11,5,0.0000,0.0000,0.0000,54.0000,6.9300
1,5,0,8,2,63,199,7,30842,73508,21,5,0.0000,0.0000,0.0000,54.0000,6.9300
1,5,0,9,2,65,199,7,30842,73508,27,5,0.0000,0.0000,0.0000,54.0000,6.9300
1,5,0,11,3,88,199,7,30842,73508,19,5,0.0000,0.0000,0.0000,54.0000,6.9300
1,5,0,11,9,88,180,7,30842,73508,4,5,0.0000,0.0000,0.0000,54.0000,6.9300
1,5,0,9,2,65,129,7,30842,73508,11,5,0.0000,0.0000,0.0000,54.0000,6.9300
1,5,0,10,2,63,199,7,30842,73508,29,5,0.0000,0.0000,0.0000,54.0000,6.9300
1,5,0,15,3,80,199,7,30842,73508,21,5,0.0000,0.0000,0.0000,54.0000,6.9300
1,5,0,8,3,63,149,7,30842,73508,27,5,0.0000,0.0000,0.0000,54.0000,6.9300
1,5,0,16,4,56,149,7,30842,73508,31,5,0.0000,0.0000,0.0000,54.0000,6.9300
1,5,0,18,3,49,191,7,30842,73508,3,5,0.0000,0.0000,0.0000,54.0000,6.9300
1,5,0,12,2,69,158,7,30842,73508,22,5,0.0000,0.0000,0.0000,54.0000,6.9300
1,5,0,9,3,65,149,7,30842,73508,28,5,0.0000,0.0000,0.0000,54.0000,6.9300
1,5,0,10,3,63,110,7,30842,73508,15,5,0.0000,0.0000,0.0000,54.0000,6.9300
1,5,0,11,3,88,149,7,30842,73508,27,5,0.0000,0.0000,0.0000,54.0000,6.9300
1,5,0,13,1,56,90,6,30842,22418,5,5,0.0000,0.0000,0.0000,54.0000,6.9300
1,5,0,15,4,80,162,11,30842,23463,16,5,0.0000,0.0000,0.0000,54.0000,6.9300
1,5,0,13,2,56,143,15,30842,107363,18,5,0.0000,0.0000,0.0000,54.0000,6.9300
1,5,0,16,2,56,143,15,30842,107363,13,5,0.0000,0.0000,0.0000,54.0000,6.9300
1,5,0,11,3,88,143,15,30842,107363,15,5,0.0000,0.0000,0.0000,54.0000,6.9300
1,5,0,12,2,69,129,15,30842,107363,11,5,0.0000,0.0000,0.0000,54.0000,6.9300
1,5,0,15,2,80,143,15,30842,107363,13,5,0.0000,0.0000,0.0000,54.0000,6.9300
1,5,1,13,2,56,143,15,30842,107363,19,5,0.0000,0.0000,0.0000,54.0000,6.9300
1,5,0,10,2,63,143,15,30842,107363,11,5,0.0000,0.0000,0.0000,54.0000,6.9300
1,5,0,17,3,93,143,15,30842,107363,15,5,0.0000,0.0000,0.0000,54.0000,6.9300
1,5,0,16,3,56,143,15,30842,107363,21,5,0.0000,0.0000,0.0000,54.0000,6.9300
1,5,0,13,3,56,143,15,30842,107363,19,5,0.0000,0.0000,0.0000,54.0000,6.9300
1,5,0,15,3,80,143,15,30842,107363,18,5,0.0000,0.0000,0.0000,54.0000,6.9300
1,5,0,15,3,80,143,15,30842,107363,18,5,0.0000,0.0000,0.0000,54.0000,6.9300
1,5,0,17,3,93,175,15,30842,107363,1,5,0.0000,0.0000,0.0000,54.0000,6.9300
1,5,0,14,3,41,143,15,30842,107363,17,5,0.0000,0.0000,0.0000,54.0000,6.9300
1,5,0,16,4,56,191,7,30842,73508,3,5,0.0000,0.0000,0.0000,54.0000,6.9300
1,5,1,18,3,49,157,7,30842,73508,27,5,0.0000,0.0000,0.0000,54.0000,6.9300
1,5,0,17,1,93,149,7,30842,73508,27,5,0.0000,0.0000,0.0000,54.0000,6.9300
1,5,0,17,1,93,110,7,30842,73508,18,5,0.0000,0.0000,0.0000,54.0000,6.9300
1,5,0,17,3,93,180,7,30842,73508,1,5,0.0000,0.0000,0.0000,54.0000,6.9300
1,5,0,17,2,93,180,7,30842,73508,5,5,0.0000,0.0000,0.0000,54.0000,6.9300
1,5,0,15,2,80,110,7,30842,73508,20,5,0.0000,0.0000,0.0000,54.0000,6.9300
1,5,0,17,5,93,180,7,30842,73508,1,5,0.0000,0.0000,0.0000,54.0000,6.9300
1,5,0,18,3,49,157,7,30842,73508,17,5,0.0000,0.0000,0.0000,54.0000,6.9300
1,5,0,15,3,80,191,7,30842,73508,1,5,0.0000,0.0000,0.0000,54.0000,6.9300
1,5,0,15,1,80,110,7,30842,73508,20,5,0.0000,0.0000,0.0000,54.0000,6.9300
1,5,0,13,2,56,180,7,30842,73508,2,5,0.0000,0.0000,0.0000,54.0000,6.9300
1,5,1,15,1,80,129,7,30842,73508,11,5,0.0000,0.0000,0.0000,54.0000,6.9300
1,5,0,14,2,41,129,7,30842,73508,11,5,0.0000,0.0000,0.0000,54.0000,6.9300
1,5,1,18,2,49,157,7,30842,73508,21,5,0.0000,0.0000,0.0000,54.0000,6.9300
1,5,0,15,4,80,129,7,30842,73508,11,5,0.0000,0.0000,0.0000,54.0000,6.9300
1,5,0,13,2,56,129,7,30842,73508,11,5,0.0000,0.0000,0.0000,54.0000,6.9300
1,5,0,12,1,69,110,7,30842,73508,17,5,0.0000,0.0000,0.0000,54.0000,6.9300
1,5,0,16,2,56,149,7,30842,73508,27,5,0.0000,0.0000,0.0000,54.0000,6.9300
1,5,0,15,4,80,132,7,30842,73508,17,5,0.0000,0.0000,0.0000,54.0000,6.9300
1,5,0,15,2,80,157,7,30842,73508,21,5,0.0000,0.0000,0.0000,54.0000,6.9300
1,5,0,13,2,56,149,7,30842,73508,32,5,0.0000,0.0000,0.0000,54.0000,6.9300
1,5,0,17,7,93,191,7,30842,73508,1,5,0.0000,0.0000,0.0000,54.0000,6.9300
1,5,0,13,2,56,149,7,30842,73508,29,5,0.0000,0.0000,0.0000,54.0000,6.9300
1,5,0,14,2,41,199,7,30842,73508,27,5,0.0000,0.0000,0.0000,54.0000,6.9300
1,5,0,13,2,56,199,7,30842,73508,21,5,0.0000,0.0000,0.0000,54.0000,6.9300
1,5,0,9,1,65,149,7,30842,73508,31,5,0.0000,0.0000,0.0000,54.0000,6.9300
1,5,0,17,8,93,191,7,30842,73508,2,5,0.0000,0.0000,0.0000,54.0000,6.9300
1,5,0,13,2,56,50,14,30842,62105,18,5,0.0000,0.0000,0.0000,54.0000,6.9300
1,5,0,17,3,93,50,8,30842,19857,16,5,0.0000,0.0000,0.0000,54.0000,6.9300
1,5,1,13,3,56,69,8,30842,19857,16,5,0.0000,0.0000,0.0000,54.0000,6.9300
1,5,0,17,2,93,76,8,30842,19857,11,5,0.0000,0.0000,0.0000,54.0000,6.9300
1,5,0,15,2,80,180,7,30842,73508,1,5,0.0000,0.0000,0.0000,54.0000,6.9300
1,5,0,12,2,69,158,7,30842,73508,24,5,0.0000,0.0000,0.0000,54.0000,6.9300
1,5,0,18,2,49,158,7,30842,73508,20,5,0.0000,0.0000,0.0000,54.0000,6.9300
1,5,0,12,5,69,180,7,30842,73508,2,5,0.0000,0.0000,0.0000,54.0000,6.9300
1,5,0,14,3,41,199,7,30842,73508,27,5,0.0000,0.0000,0.0000,54.0000,6.9300
1,5,0,8,2,63,50,14,30842,62105,15,5,0.0000,0.0000,0.0000,54.0000,6.9300
1,5,0,12,2,69,50,14,30842,62105,18,5,0.0000,0.0000,0.0000,54.0000,6.9300
1,5,0,13,3,56,76,13,30842,24623,11,5,0.0000,0.0000,0.0000,54.0000,6.9300
1,5,0,13,3,56,76,14,30842,62105,5,5,0.0000,0.0000,0.0000,54.0000,6.9300
1,5,1,12,1,69,149,7,30842,73508,28,5,0.0000,0.0000,0.0000,54.0000,6.9300
1,5,0,11,3,88,128,3,30842,75506,19,5,0.0000,0.0000,0.0000,54.0000,6.9300
1,5,1,17,5,93,186,9,30842,9496,1,5,0.0000,0.0000,0.0000,54.0000,6.9300
1,5,0,16,2,56,230,9,30842,9496,4,5,0.0000,0.0000,0.0000,54.0000,6.9300
1,5,1,13,4,56,191,7,30842,73508,2,5,0.0000,0.0000,0.0000,54.0000,6.9300
1,5,0,17,3,93,76,13,30842,24623,2,5,0.0000,0.0000,0.0000,54.0000,6.9300
1,5,0,13,3,56,76,13,30842,24623,2,5,0.0000,0.0000,0.0000,54.0000,6.9300
1,5,0,18,2,49,157,7,30842,73508,18,5,0.0000,0.0000,0.0000,54.0000,6.9300
1,5,0,14,3,41,128,3,30842,75506,19,5,0.0000,0.0000,0.0000,54.0000,6.9300
1,5,0,15,4,80,99,3,30842,75506,12,5,0.0000,0.0000,0.0000,54.0000,6.9300
1,5,0,11,3,88,76,4,30842,23760,3,5,0.0000,0.0000,0.0000,54.0000,6.9300
1,5,0,11,3,88,76,8,30842,19857,6,5,0.0000,0.0000,0.0000,54.0000,6.9300
1,5,0,9,1,65,90,6,30842,22418,4,5,0.0000,0.0000,0.0000,54.0000,6.9300
1,5,0,15,4,80,76,8,30842,19857,5,5,0.0000,0.0000,0.0000,54.0000,6.9300
1,5,0,12,3,69,50,8,30842,19857,14,5,0.0000,0.0000,0.0000,54.0000,6.9300
1,5,0,11,1,88,90,6,30842,22418,4,5,0.0000,0.0000,0.0000,54.0000,6.9300
1,5,0,16,3,56,76,4,30842,23760,3,5,0.0000,0.0000,0.0000,54.0000,6.9300
1,5,0,14,1,41,50,8,30842,19857,17,5,0.0000,0.0000,0.0000,54.0000,6.9300
1,5,0,17,3,93,76,8,30842,19857,10,5,0.0000,0.0000,0.0000,54.0000,6.9300
1,5,0,13,1,56,50,8,30842,19857,14,5,0.0000,0.0000,0.0000,54.0000,6.9300
1,5,0,15,1,80,76,8,30842,19857,6,5,0.0000,0.0000,0.0000,54.0000,6.9300
1,5,0,17,2,93,76,8,30842,19857,11,5,0.0000,0.0000,0.0000,54.0000,6.9300
1,5,0,13,3,56,76,8,30842,19857,12,5,0.0000,0.0000,0.0000,54.0000,6.9300
1,5,0,18,2,49,50,8,30842,19857,16,5,0.0000,0.0000,0.0000,54.0000,6.9300
1,5,0,17,2,93,76,8,30842,19857,6,5,0.0000,0.0000,0.0000,54.0000,6.9300
1,5,0,13,1,56,76,8,30842,19857,11,5,0.0000,0.0000,0.0000,54.0000,6.9300
1,5,0,13,3,56,76,8,30842,19857,5,5,0.0000,0.0000,0.0000,54.0000,6.9300
1,5,0,16,1,56,50,8,30842,19857,15,5,0.0000,0.0000,0.0000,54.0000,6.9300
1,5,0,11,3,88,76,8,30842,19857,12,5,0.0000,0.0000,0.0000,54.0000,6.9300
1,5,0,13,1,56,129,7,30842,73508,11,5,0.0000,0.0000,0.0000,54.0000,6.9300
1,5,0,13,1,56,129,7,30842,73508,11,5,0.0000,0.0000,0.0000,54.0000,6.9300
1,5,0,17,2,93,178,16,30842,15023,9,5,0.0000,0.0000,0.0000,54.0000,6.9300
1,5,0,13,2,56,149,7,30842,73508,27,5,0.0000,0.0000,0.0000,54.0000,6.9300
1,5,0,17,1,93,110,7,30842,73508,18,5,0.0000,0.0000,0.0000,54.0000,6.9300
1,5,0,17,3,93,158,7,30842,73508,23,5,0.0000,0.0000,0.0000,54.0000,6.9300
1,5,0,15,2,80,199,7,30842,73508,27,5,0.0000,0.0000,0.0000,54.0000,6.9300
1,5,0,16,3,56,158,7,30842,73508,22,5,0.0000,0.0000,0.0000,54.0000,6.9300
1,5,0,17,3,93,199,7,30842,73508,19,5,0.0000,0.0000,0.0000,54.0000,6.9300
1,5,0,13,2,56,129,7,30842,73508,11,5,0.0000,0.0000,0.0000,54.0000,6.9300
1,5,0,11,2,88,50,14,30842,62105,15,5,0.0000,0.0000,0.0000,54.0000,6.9300
1,5,1,11,1,88,50,14,30842,62105,14,5,0.0000,0.0000,0.0000,54.0000,6.9300
1,5,0,12,2,69,50,14,30842,62105,17,5,0.0000,0.0000,0.0000,54.0000,6.9300
1,5,0,14,2,41,50,14,30842,62105,8,5,0.0000,0.0000,0.0000,54.0000,6.9300
1,5,0,13,1,56,50,14,30842,62105,16,5,0.0000,0.0000,0.0000,54.0000,6.9300
1,5,0,13,1,56,76,8,30842,19857,12,5,0.0000,0.0000,0.0000,54.0000,6.9300
1,5,1,14,3,41,129,14,30842,62105,11,5,0.0000,0.0000,0.0000,54.0000,6.9300
1,5,0,13,2,56,50,14,30842,62105,16,5,0.0000,0.0000,0.0000,54.0000,6.9300
1,5,0,11,1,88,50,14,30842,62105,17,5,0.0000,0.0000,0.0000,54.0000,6.9300
1,5,0,13,1,56,50,14,30842,62105,18,5,0.0000,0.0000,0.0000,54.0000,6.9300
1,5,0,15,1,80,50,14,30842,62105,18,5,0.0000,0.0000,0.0000,54.0000,6.9300
1,5,0,12,1,69,50,14,30842,62105,16,5,0.0000,0.0000,0.0000,54.0000,6.9300
1,5,1,16,2,56,132,7,30842,73508,17,5,0.0000,0.0000,0.0000,54.0000,6.9300
1,5,0,16,1,56,149,7,30842,73508,27,5,0.0000,0.0000,0.0000,54.0000,6.9300
1,5,0,17,2,93,149,7,30842,73508,28,5,0.0000,0.0000,0.0000,54.0000,6.9300
1,5,0,17,3,93,149,7,30842,73508,29,5,0.0000,0.0000,0.0000,54.0000,6.9300
1,5,0,17,1,93,149,7,30842,73508,29,5,0.0000,0.0000,0.0000,54.0000,6.9300
1,5,0,14,1,41,129,7,30842,73508,11,5,0.0000,0.0000,0.0000,54.0000,6.9300
1,5,0,16,2,56,129,7,30842,73508,11,5,0.0000,0.0000,0.0000,54.0000,6.9300
1,5,0,12,4,69,110,7,30842,73508,19,5,0.0000,0.0000,0.0000,54.0000,6.9300
1,5,0,15,2,80,129,7,30842,73508,11,5,0.0000,0.0000,0.0000,54.0000,6.9300
1,5,0,18,1,49,149,7,30842,73508,28,5,0.0000,0.0000,0.0000,54.0000,6.9300
1,5,1,15,4,80,158,7,30842,73508,23,5,0.0000,0.0000,0.0000,54.0000,6.9300
1,5,0,12,1,69,110,7,30842,73508,19,5,0.0000,0.0000,0.0000,54.0000,6.9300
1,5,0,18,3,49,158,7,30842,73508,21,5,0.0000,0.0000,0.0000,54.0000,6.9300
1,5,0,19,1,10,129,7,30842,73508,11,5,0.0000,0.0000,0.0000,54.0000,6.9300
1,5,0,18,2,49,132,7,30842,73508,17,5,0.0000,0.0000,0.0000,54.0000,6.9300
1,5,0,15,3,80,110,7,30842,73508,15,5,0.0000,0.0000,0.0000,54.0000,6.9300
1,5,0,17,3,93,158,7,30842,73508,22,5,0.0000,0.0000,0.0000,54.0000,6.9300
1,5,1,14,3,41,149,7,30842,73508,29,5,0.0000,0.0000,0.0000,54.0000,6.9300
1,5,0,16,2,56,129,7,30842,73508,11,5,0.0000,0.0000,0.0000,54.0000,6.9300
1,5,0,18,3,49,129,7,30842,73508,11,5,0.0000,0.0000,0.0000,54.0000,6.9300
1,5,0,14,2,41,149,7,30842,73508,28,5,0.0000,0.0000,0.0000,54.0000,6.9300
1,5,0,18,2,49,149,7,30842,73508,28,5,0.0000,0.0000,0.0000,54.0000,6.9300
1,5,0,18,2,49,158,7,30842,73508,23,5,0.0000,0.0000,0.0000,54.0000,6.9300
1,5,0,15,4,80,149,7,30842,73508,31,5,0.0000,0.0000,0.0000,54.0000,6.9300
1,5,0,17,3,93,158,7,30842,73508,22,5,0.0000,0.0000,0.0000,54.0000,6.9300
1,5,0,17,4,93,149,7,30842,73508,29,5,0.0000,0.0000,0.0000,54.0000,6.9300
1,5,0,17,5,93,158,7,30842,73508,23,5,0.0000,0.0000,0.0000,54.0000,6.9300
1,5,0,17,3,93,149,7,30842,73508,27,5,0.0000,0.0000,0.0000,54.0000,6.9300
1,5,1,12,3,69,149,7,30842,73508,29,5,0.0000,0.0000,0.0000,54.0000,6.9300
1,5,0,14,3,41,129,7,30842,73508,11,5,0.0000,0.0000,0.0000,54.0000,6.9300
1,5,0,15,1,80,129,7,30842,73508,11,5,0.0000,0.0000,0.0000,54.0000,6.9300
1,5,1,13,1,56,129,7,30842,73508,11,5,0.0000,0.0000,0.0000,54.0000,6.9300
1,5,0,17,3,93,149,7,30842,73508,28,5,0.0000,0.0000,0.0000,54.0000,6.9300
1,5,0,16,3,56,110,7,30842,73508,13,5,0.0000,0.0000,0.0000,54.0000,6.9300
1,5,0,17,1,93,149,7,30842,73508,27,5,0.0000,0.0000,0.0000,54.0000,6.9300
1,5,0,13,1,56,110,7,30842,73508,18,5,0.0000,0.0000,0.0000,54.0000,6.9300
1,5,0,15,6,80,158,7,30842,73508,24,5,0.0000,0.0000,0.0000,54.0000,6.9300
1,5,0,17,1,93,129,7,30842,73508,11,5,0.0000,0.0000,0.0000,54.0000,6.9300
1,5,0,12,3,69,50,14,30842,62105,16,5,0.0000,0.0000,0.0000,54.0000,6.9300
1,5,0,16,4,56,110,7,30842,73508,18,5,0.0000,0.0000,0.0000,54.0000,6.9300
1,5,0,15,4,80,129,7,30842,73508,11,5,0.0000,0.0000,0.0000,54.0000,6.9300
1,5,0,15,2,80,129,7,30842,73508,11,5,0.0000,0.0000,0.0000,54.0000,6.9300
1,5,0,13,3,56,158,7,30842,73508,20,5,0.0000,0.0000,0.0000,54.0000,6.9300
1,5,0,15,3,80,158,7,30842,73508,24,5,0.0000,0.0000,0.0000,54.0000,6.9300
1,5,0,16,2,56,149,7,30842,73508,28,5,0.0000,0.0000,0.0000,54.0000,6.9300
1,5,0,15,1,80,110,7,30842,73508,19,5,0.0000,0.0000,0.0000,54.0000,6.9300
1,5,0,14,4,41,158,7,30842,73508,21,5,0.0000,0.0000,0.0000,54.0000,6.9300
1,5,0,18,2,49,149,7,30842,73508,27,5,0.0000,0.0000,0.0000,54.0000,6.9300
1,5,0,13,3,56,129,7,30842,73508,11,5,0.0000,0.0000,0.0000,54.0000,6.9300
1,5,0,15,1,80,50,14,30842,62105,17,5,0.0000,0.0000,0.0000,54.0000,6.9300
1,5,0,15,3,80,66,14,30842,62105,13,5,0.0000,0.0000,0.0000,54.0000,6.9300
1,5,0,15,2,80,66,14,30842,62105,16,5,0.0000,0.0000,0.0000,54.0000,6.9300
1,5,0,18,2,49,66,14,30842,62105,17,5,0.0000,0.0000,0.0000,54.0000,6.9300
1,5,0,18,2,49,158,7,30842,73508,23,5,0.0000,0.0000,0.0000,54.0000,6.9300
1,5,0,18,3,49,191,7,30842,73508,1,5,0.0000,0.0000,0.0000,54.0000,6.9300
1,5,0,13,3,56,158,7,30842,73508,21,5,0.0000,0.0000,0.0000,54.0000,6.9300
1,5,0,15,2,80,149,7,30842,73508,27,5,0.0000,0.0000,0.0000,54.0000,6.9300
1,5,0,13,2,56,149,7,30842,73508,27,5,0.0000,0.0000,0.0000,54.0000,6.9300
1,5,0,19,2,10,129,7,30842,73508,11,5,0.0000,0.0000,0.0000,54.0000,6.9300
1,5,0,18,2,49,149,7,30842,73508,26,5,0.0000,0.0000,0.0000,54.0000,6.9300
1,5,0,16,2,56,149,7,30842,73508,27,5,0.0000,0.0000,0.0000,54.0000,6.9300
1,5,0,17,3,93,149,7,30842,73508,29,5,0.0000,0.0000,0.0000,54.0000,6.9300
1,5,0,17,4,93,149,7,30842,73508,26,5,0.0000,0.0000,0.0000,54.0000,6.9300
1,5,0,16,3,56,110,7,30842,73508,17,5,0.0000,0.0000,0.0000,54.0000,6.9300
1,5,0,13,3,56,110,7,30842,73508,14,5,0.0000,0.0000,0.0000,54.0000,6.9300
1,5,0,14,2,41,129,7,30842,73508,11,5,0.0000,0.0000,0.0000,54.0000,6.9300
1,5,0,17,3,93,149,7,30842,73508,27,5,0.0000,0.0000,0.0000,54.0000,6.9300
1,5,0,16,1,56,129,7,30842,73508,11,5,0.0000,0.0000,0.0000,54.0000,6.9300
1,5,0,16,2,56,199,7,30842,73508,29,5,0.0000,0.0000,0.0000,54.0000,6.9300
1,5,0,17,2,93,149,7,30842,73508,28,5,0.0000,0.0000,0.0000,54.0000,6.9300
1,5,0,12,2,69,129,7,30842,73508,11,5,0.0000,0.0000,0.0000,54.0000,6.9300
1,5,0,14,3,41,129,7,30842,73508,11,5,0.0000,0.0000,0.0000,54.0000,6.9300
1,5,0,17,2,93,149,7,30842,73508,27,5,0.0000,0.0000,0.0000,54.0000,6.9300
1,5,0,15,1,80,110,7,30842,73508,19,5,0.0000,0.0000,0.0000,54.0000,6.9300
1,5,0,17,3,93,143,15,30842,107363,14,5,0.0000,0.0000,0.0000,54.0000,6.9300
1,5,0,17,4,93,175,15,30842,107363,1,5,0.0000,0.0000,0.0000,54.0000,6.9300
1,5,0,15,4,80,143,15,30842,107363,17,5,0.0000,0.0000,0.0000,54.0000,6.9300
1,5,0,15,4,80,143,15,30842,107363,19,5,0.0000,0.0000,0.0000,54.0000,6.9300
1,5,0,16,3,56,143,15,30842,107363,16,5,0.0000,0.0000,0.0000,54.0000,6.9300
1,5,0,15,2,80,143,15,30842,107363,19,5,0.0000,0.0000,0.0000,54.0000,6.9300
1,5,0,17,2,93,143,15,30842,107363,13,5,0.0000,0.0000,0.0000,54.0000,6.9300
1,5,0,17,1,93,143,15,30842,107363,21,5,0.0000,0.0000,0.0000,54.0000,6.9300
1,5,1,15,4,80,143,15,30842,107363,14,5,0.0000,0.0000,0.0000,54.0000,6.9300
1,5,0,17,3,93,143,15,30842,107363,13,5,0.0000,0.0000,0.0000,54.0000,6.9300
1,5,0,17,2,93,143,15,30842,107363,16,5,0.0000,0.0000,0.0000,54.0000,6.9300
1,5,0,17,2,93,143,15,30842,107363,16,5,0.0000,0.0000,0.0000,54.0000,6.9300
1,5,0,17,3,93,143,15,30842,107363,12,5,0.0000,0.0000,0.0000,54.0000,6.9300
1,5,1,12,2,69,129,8,30842,19857,11,5,0.0000,0.0000,0.0000,54.0000,6.9300
1,5,1,14,4,41,100,11,30842,23463,13,5,0.0000,0.0000,0.0000,54.0000,6.9300
1,5,0,14,7,41,199,7,30842,73508,18,5,0.0000,0.0000,0.0000,54.0000,6.9300
1,5,0,17,4,93,191,7,30842,73508,1,5,0.0000,0.0000,0.0000,54.0000,6.9300
1,5,0,14,1,41,129,7,30842,73508,11,5,0.0000,0.0000,0.0000,54.0000,6.9300
1,5,0,16,4,56,76,8,30842,19857,5,5,0.0000,0.0000,0.0000,54.0000,6.9300
1,5,0,18,2,49,180,7,30842,73508,4,5,0.0000,0.0000,0.0000,54.0000,6.9300
1,5,0,16,3,56,110,7,30842,73508,19,5,0.0000,0.0000,0.0000,54.0000,6.9300
1,5,1,18,4,49,191,7,30842,73508,2,5,0.0000,0.0000,0.0000,54.0000,6.9300
1,5,0,17,4,93,180,7,30842,73508,1,5,0.0000,0.0000,0.0000,54.0000,6.9300
1,5,0,17,3,93,158,7,30842,73508,22,5,0.0000,0.0000,0.0000,54.0000,6.9300
1,5,0,18,3,49,180,7,30842,73508,5,5,0.0000,0.0000,0.0000,54.0000,6.9300
1,5,0,17,2,93,76,8,30842,19857,6,5,0.0000,0.0000,0.0000,54.0000,6.9300
1,5,0,11,1,88,50,8,30842,19857,14,5,0.0000,0.0000,0.0000,54.0000,6.9300
1,5,0,14,4,41,76,8,30842,19857,12,5,0.0000,0.0000,0.0000,54.0000,6.9300
1,5,0,15,4,80,76,8,30842,19857,11,5,0.0000,0.0000,0.0000,54.0000,6.9300
1,5,1,15,1,80,50,8,30842,19857,17,5,0.0000,0.0000,0.0000,54.0000,6.9300
1,5,0,15,3,80,76,13,30842,24623,5,5,0.0000,0.0000,0.0000,54.0000,6.9300
1,5,0,16,1,56,90,6,30842,22418,3,5,0.0000,0.0000,0.0000,54.0000,6.9300
1,5,0,15,3,80,66,12,30842,17869,17,5,0.0000,0.0000,0.0000,54.0000,6.9300
1,5,0,17,2,93,76,8,30842,19857,6,5,0.0000,0.0000,0.0000,54.0000,6.9300
1,5,1,10,1,63,50,14,30842,62105,15,5,0.0000,0.0000,0.0000,54.0000,6.9300
1,5,0,17,1,93,50,14,30842,62105,18,5,0.0000,0.0000,0.0000,54.0000,6.9300
1,5,0,17,1,93,50,14,30842,62105,18,5,0.0000,0.0000,0.0000,54.0000,6.9300
1,5,0,19,1,10,50,8,30842,19857,14,5,0.0000,0.0000,0.0000,54.0000,6.9300
1,5,0,18,1,49,180,7,30842,73508,2,5,0.0000,0.0000,0.0000,54.0000,6.9300
1,5,0,17,3,93,143,15,30842,107363,15,5,0.0000,0.0000,0.0000,54.0000,6.9300
1,5,0,17,2,93,143,15,30842,107363,15,5,0.0000,0.0000,0.0000,54.0000,6.9300
1,5,0,17,3,93,110,7,30842,73508,17,5,0.0000,0.0000,0.0000,54.0000,6.9300
1,5,0,13,3,56,149,7,30842,73508,31,5,0.0000,0.0000,0.0000,54.0000,6.9300
1,5,0,18,3,49,149,7,30842,73508,28,5,0.0000,0.0000,0.0000,54.0000,6.9300
1,5,1,17,2,93,149,7,30842,73508,29,5,0.0000,0.0000,0.0000,54.0000,6.9300
1,5,0,17,4,93,158,7,30842,73508,24,5,0.0000,0.0000,0.0000,54.0000,6.9300
1,5,1,17,1,93,129,7,30842,73508,11,5,0.0000,0.0000,0.0000,54.0000,6.9300
1,5,0,19,1,10,158,7,30842,73508,20,5,0.0000,0.0000,0.0000,54.0000,6.9300
1,5,0,17,3,93,76,8,30842,19857,11,5,0.0000,0.0000,0.0000,54.0000,6.9300
1,5,0,18,1,49,110,7,30842,73508,19,5,0.0000,0.0000,0.0000,54.0000,6.9300
1,5,0,19,1,10,149,7,30842,73508,29,5,0.0000,0.0000,0.0000,54.0000,6.9300
1,5,0,16,1,56,110,7,30842,73508,19,5,0.0000,0.0000,0.0000,54.0000,6.9300
1,5,0,18,2,49,149,7,30842,73508,27,5,0.0000,0.0000,0.0000,54.0000,6.9300
1,5,0,17,4,93,110,7,30842,73508,18,5,0.0000,0.0000,0.0000,54.0000,6.9300
1,5,0,18,2,49,76,8,30842,19857,5,5,0.0000,0.0000,0.0000,54.0000,6.9300
1,5,0,18,1,49,110,7,30842,73508,14,5,0.0000,0.0000,0.0000,54.0000,6.9300
1,5,0,17,3,93,129,7,30842,73508,11,5,0.0000,0.0000,0.0000,54.0000,6.9300
1,5,0,18,3,49,129,7,30842,73508,11,5,0.0000,0.0000,0.0000,54.0000,6.9300
1,5,0,18,2,49,129,7,30842,73508,11,5,0.0000,0.0000,0.0000,54.0000,6.9300
1,5,0,15,2,80,50,8,30842,19857,14,5,0.0000,0.0000,0.0000,54.0000,6.9300
1,5,0,18,3,49,149,7,30842,73508,27,5,0.0000,0.0000,0.0000,54.0000,6.9300
1,5,0,18,1,49,50,14,30842,62105,16,5,0.0000,0.0000,0.0000,54.0000,6.9300
1,5,0,17,3,93,129,8,30842,19857,11,5,0.0000,0.0000,0.0000,54.0000,6.9300
1,5,0,17,1,93,50,14,30842,62105,17,5,0.0000,0.0000,0.0000,54.0000,6.9300
1,5,0,15,3,80,50,14,30842,62105,15,5,0.0000,0.0000,0.0000,54.0000,6.9300
1,5,0,19,1,10,50,14,30842,62105,8,5,0.0000,0.0000,0.0000,54.0000,6.9300
1,5,0,17,1,93,50,14,30842,62105,16,5,0.0000,0.0000,0.0000,54.0000,6.9300
1,5,0,19,1,10,50,14,30842,62105,14,5,0.0000,0.0000,0.0000,54.0000,6.9300
1,5,0,13,1,56,50,14,30842,62105,17,5,0.0000,0.0000,0.0000,54.0000,6.9300
1,5,1,16,3,56,50,14,30842,62105,16,5,0.0000,0.0000,0.0000,54.0000,6.9300
1,5,1,14,3,41,50,14,30842,62105,16,5,0.0000,0.0000,0.0000,54.0000,6.9300
1,5,0,17,1,93,76,8,30842,19857,12,5,0.0000,0.0000,0.0000,54.0000,6.9300
1,5,0,16,2,56,50,14,30842,62105,15,5,0.0000,0.0000,0.0000,54.0000,6.9300
1,5,0,2,3,8,129,7,1380,73508,11,93,0.4700,0.0000,0.0000,44.0000,15.6600
1,5,0,1,1,4,143,15,1380,107363,20,93,0.4700,0.0000,0.0000,44.0000,15.6600
1,5,0,2,2,8,175,15,1380,107363,6,93,0.4700,0.0000,0.0000,44.0000,15.6600
1,5,0,2,2,8,143,15,1380,107363,20,93,0.4700,0.0000,0.0000,44.0000,15.6600
1,5,0,2,3,8,143,15,1380,107363,11,93,0.4700,0.0000,0.0000,44.0000,15.6600
1,5,0,4,4,4,76,14,1380,62105,2,93,0.4700,0.0000,0.0000,44.0000,15.6600
1,5,1,2,4,8,160,3,1380,75506,18,93,0.4700,0.0000,0.0000,44.0000,15.6600
1,5,0,4,1,4,172,3,1380,75506,9,93,0.4700,0.0000,0.0000,44.0000,15.6600
1,5,0,2,1,8,128,3,1380,75506,4,93,0.4700,0.0000,0.0000,44.0000,15.6600
1,5,0,5,2,1,129,5,1380,12231,11,93,0.4700,0.0000,0.0000,44.0000,15.6600
1,5,0,3,2,1,120,17,1380,46218,17,93,0.4700,0.0000,0.0000,44.0000,15.6600
1,5,0,2,3,8,142,17,1380,46218,18,93,0.4700,0.0000,0.0000,44.0000,15.6600
1,5,0,1,2,4,76,12,1380,17869,5,93,0.4700,0.0000,0.0000,44.0000,15.6600
1,5,0,2,3,8,70,13,1380,24623,14,93,0.4700,0.0000,0.0000,44.0000,15.6600
1,5,0,1,1,4,160,3,1380,75506,18,93,0.4700,0.0000,0.0000,44.0000,15.6600
1,5,0,1,3,4,76,4,1380,23760,3,93,0.4700,0.0000,0.0000,44.0000,15.6600
1,5,0,9,6,3,129,2,1380,6713,11,93,0.4700,0.0000,0.0000,44.0000,15.6600
1,5,0,4,4,4,129,2,1380,6713,11,93,0.4700,0.0000,0.0000,44.0000,15.6600
1,5,0,6,1,4,140,3,1380,75506,20,93,0.4700,0.0000,0.0000,44.0000,15.6600
1,5,0,10,1,3,128,3,1380,75506,4,93,0.4700,0.0000,0.0000,44.0000,15.6600
1,5,0,4,1,4,172,3,1380,75506,10,93,0.4700,0.0000,0.0000,44.0000,15.6600
1,5,0,9,3,3,120,17,1380,46218,21,93,0.4700,0.0000,0.0000,44.0000,15.6600
1,5,0,8,3,5,149,7,1380,73508,27,93,0.4700,0.0000,0.0000,44.0000,15.6600
1,5,0,8,2,5,129,5,1380,12231,11,93,0.4700,0.0000,0.0000,44.0000,15.6600
1,5,0,7,3,2,70,14,1380,62105,1,93,0.4700,0.0000,0.0000,44.0000,15.6600
1,5,0,14,3,4,76,8,1380,19857,11,93,0.4700,0.0000,0.0000,44.0000,15.6600
1,5,0,6,3,4,76,8,1380,19857,11,93,0.4700,0.0000,0.0000,44.0000,15.6600
1,5,0,6,1,4,143,15,1380,107363,12,93,0.4700,0.0000,0.0000,44.0000,15.6600
1,5,0,11,3,3,143,15,1380,107363,18,93,0.4700,0.0000,0.0000,44.0000,15.6600
1,5,0,7,2,2,143,15,1380,107363,13,93,0.4700,0.0000,0.0000,44.0000,15.6600
1,5,1,10,5,3,143,15,1380,107363,15,93,0.4700,0.0000,0.0000,44.0000,15.6600
1,5,0,8,4,5,143,15,1380,107363,16,93,0.4700,0.0000,0.0000,44.0000,15.6600
1,5,0,8,1,5,140,3,1380,75506,22,93,0.4700,0.0000,0.0000,44.0000,15.6600
1,5,0,8,3,5,76,4,1380,23760,2,93,0.4700,0.0000,0.0000,44.0000,15.6600
1,5,0,9,4,3,90,6,1380,22418,5,93,0.4700,0.0000,0.0000,44.0000,15.6600
1,5,0,6,3,4,129,5,1380,12231,11,93,0.4700,0.0000,0.0000,44.0000,15.6600
1,5,0,11,2,3,129,5,1380,12231,11,93,0.4700,0.0000,0.0000,44.0000,15.6600
1,5,0,14,2,4,129,5,1380,12231,11,93,0.4700,0.0000,0.0000,44.0000,15.6600
1,5,0,16,5,1,129,2,1380,6713,11,93,0.4700,0.0000,0.0000,44.0000,15.6600
1,5,0,11,1,3,143,15,1380,107363,14,93,0.4700,0.0000,0.0000,44.0000,15.6600
1,5,0,12,3,2,149,7,1380,73508,28,93,0.4700,0.0000,0.0000,44.0000,15.6600
1,5,1,13,4,3,76,14,1380,62105,2,93,0.4700,0.0000,0.0000,44.0000,15.6600
1,5,1,13,3,3,76,13,1380,24623,4,93,0.4700,0.0000,0.0000,44.0000,15.6600
1,5,0,10,2,3,129,5,1380,12231,11,93,0.4700,0.0000,0.0000,44.0000,15.6600
1,5,0,15,1,3,140,3,1380,75506,22,93,0.4700,0.0000,0.0000,44.0000,15.6600
1,5,0,15,3,3,76,4,1380,23760,3,93,0.4700,0.0000,0.0000,44.0000,15.6600
1,5,0,12,2,2,129,5,1380,12231,11,93,0.4700,0.0000,0.0000,44.0000,15.6600
1,5,0,13,4,3,143,15,1380,107363,17,93,0.4700,0.0000,0.0000,44.0000,15.6600
1,5,0,14,1,4,143,15,1380,107363,20,93,0.4700,0.0000,0.0000,44.0000,15.6600
1,5,1,14,1,4,76,12,1380,17869,13,93,0.4700,0.0000,0.0000,44.0000,15.6600
1,5,0,15,2,3,143,15,1380,107363,13,93,0.4700,0.0000,0.0000,44.0000,15.6600
1,3,0,5,6,31,76,14,13115,62105,5,79,0.0000,0.0000,0.0000,60.0000,3.8000
1,3,0,2,2,31,76,14,13115,62105,4,79,0.0000,0.0000,0.0000,60.0000,3.8000
1,3,0,2,1,31,50,14,13115,62105,16,79,0.0000,0.0000,0.0000,60.0000,3.8000
1,3,0,4,6,38,76,14,13115,62105,3,79,0.0000,0.0000,0.0000,60.0000,3.8000
1,3,0,12,2,32,66,14,13115,62105,10,79,0.0000,0.0000,0.0000,60.0000,3.8000
1,3,0,3,1,26,76,14,13115,62105,4,79,0.0000,0.0000,0.0000,60.0000,3.8000
1,3,0,4,2,38,66,14,13115,62105,10,79,0.0000,0.0000,0.0000,60.0000,3.8000
1,3,0,3,3,26,76,14,13115,62105,2,79,0.0000,0.0000,0.0000,60.0000,3.8000
1,3,0,2,1,31,76,14,13115,62105,2,79,0.0000,0.0000,0.0000,60.0000,3.8000
1,3,0,7,7,35,76,14,13115,62105,4,79,0.0000,0.0000,0.0000,60.0000,3.8000
1,3,0,6,3,33,76,14,13115,62105,5,79,0.0000,0.0000,0.0000,60.0000,3.8000
1,3,0,5,1,31,66,14,13115,62105,10,79,0.0000,0.0000,0.0000,60.0000,3.8000
1,3,0,4,8,38,76,14,13115,62105,5,79,0.0000,0.0000,0.0000,60.0000,3.8000
1,3,0,2,2,31,110,7,13115,73508,18,79,0.0000,0.0000,0.0000,60.0000,3.8000
1,3,0,3,2,26,110,7,13115,73508,18,79,0.0000,0.0000,0.0000,60.0000,3.8000
1,3,0,1,4,8,186,9,13115,9496,2,79,0.0000,0.0000,0.0000,60.0000,3.8000
1,3,0,5,10,31,294,10,13115,6791,5,79,0.0000,0.0000,0.0000,60.0000,3.8000
1,3,0,4,10,38,294,10,13115,6791,6,79,0.0000,0.0000,0.0000,60.0000,3.8000
1,3,0,4,2,38,154,17,13115,46218,20,79,0.0000,0.0000,0.0000,60.0000,3.8000
1,3,0,2,8,31,173,17,13115,46218,10,79,0.0000,0.0000,0.0000,60.0000,3.8000
1,3,0,4,8,38,142,17,13115,46218,18,79,0.0000,0.0000,0.0000,60.0000,3.8000
1,3,0,7,7,35,173,17,13115,46218,10,79,0.0000,0.0000,0.0000,60.0000,3.8000
1,3,0,3,11,26,169,17,13115,46218,23,79,0.0000,0.0000,0.0000,60.0000,3.8000
1,3,0,4,2,38,154,17,13115,46218,20,79,0.0000,0.0000,0.0000,60.0000,3.8000
1,3,0,3,7,26,154,17,13115,46218,13,79,0.0000,0.0000,0.0000,60.0000,3.8000
1,3,0,6,9,33,120,17,13115,46218,21,79,0.0000,0.0000,0.0000,60.0000,3.8000
1,3,0,1,7,8,179,17,13115,46218,1,79,0.0000,0.0000,0.0000,60.0000,3.8000
1,3,0,5,10,31,291,17,13115,46218,23,79,0.0000,0.0000,0.0000,60.0000,3.8000
1,3,0,3,2,26,154,17,13115,46218,15,79,0.0000,0.0000,0.0000,60.0000,3.8000
1,3,0,4,11,38,129,17,13115,46218,11,79,0.0000,0.0000,0.0000,60.0000,3.8000
1,3,0,6,11,33,170,17,13115,46218,21,79,0.0000,0.0000,0.0000,60.0000,3.8000
1,3,0,1,4,8,154,17,13115,46218,11,79,0.0000,0.0000,0.0000,60.0000,3.8000
1,3,0,3,4,26,154,17,13115,46218,20,79,0.0000,0.0000,0.0000,60.0000,3.8000
1,3,0,3,3,26,154,17,13115,46218,3,79,0.0000,0.0000,0.0000,60.0000,3.8000
1,3,1,19,8,10,267,17,13115,46218,22,79,0.0000,0.0000,0.0000,60.0000,3.8000
1,3,0,2,3,31,173,17,13115,46218,6,79,0.0000,0.0000,0.0000,60.0000,3.8000
1,3,0,17,11,9,235,17,13115,46218,19,79,0.0000,0.0000,0.0000,60.0000,3.8000
1,3,0,3,10,26,267,17,13115,46218,18,79,0.0000,0.0000,0.0000,60.0000,3.8000
1,3,0,10,10,23,291,17,13115,46218,24,79,0.0000,0.0000,0.0000,60.0000,3.8000
1,3,0,2,2,31,120,17,13115,46218,20,79,0.0000,0.0000,0.0000,60.0000,3.8000
1,3,1,7,7,35,219,17,13115,46218,1,79,0.0000,0.0000,0.0000,60.0000,3.8000
1,3,0,3,7,26,173,17,13115,46218,4,79,0.0000,0.0000,0.0000,60.0000,3.8000
1,3,0,4,10,38,216,17,13115,46218,18,79,0.0000,0.0000,0.0000,60.0000,3.8000
1,3,0,2,3,31,154,17,13115,46218,21,79,0.0000,0.0000,0.0000,60.0000,3.8000
1,3,0,11,7,19,154,17,13115,46218,11,79,0.0000,0.0000,0.0000,60.0000,3.8000
1,3,0,5,7,31,173,17,13115,46218,3,79,0.0000,0.0000,0.0000,60.0000,3.8000
1,3,0,15,2,20,142,17,13115,46218,21,79,0.0000,0.0000,0.0000,60.0000,3.8000
1,3,0,5,10,31,169,17,13115,46218,22,79,0.0000,0.0000,0.0000,60.0000,3.8000
1,3,0,2,11,31,170,17,13115,46218,28,79,0.0000,0.0000,0.0000,60.0000,3.8000
1,3,0,4,11,38,169,17,13115,46218,25,79,0.0000,0.0000,0.0000,60.0000,3.8000
1,3,0,16,2,16,120,17,13115,46218,21,79,0.0000,0.0000,0.0000,60.0000,3.8000
1,3,0,2,11,31,170,17,13115,46218,29,79,0.0000,0.0000,0.0000,60.0000,3.8000
1,3,0,17,2,9,173,17,13115,46218,11,79,0.0000,0.0000,0.0000,60.0000,3.8000
1,3,0,4,10,38,142,17,13115,46218,13,79,0.0000,0.0000,0.0000,60.0000,3.8000
1,3,0,1,8,8,216,17,13115,46218,17,79,0.0000,0.0000,0.0000,60.0000,3.8000
1,3,1,9,11,32,169,17,13115,46218,20,79,0.0000,0.0000,0.0000,60.0000,3.8000
1,3,0,5,10,31,142,17,13115,46218,24,79,0.0000,0.0000,0.0000,60.0000,3.8000
1,3,0,2,11,31,129,11,13115,23463,11,79,0.0000,0.0000,0.0000,60.0000,3.8000
1,3,1,19,11,10,129,11,13115,23463,11,79,0.0000,0.0000,0.0000,60.0000,3.8000
1,3,0,2,6,31,181,3,13115,75506,2,79,0.0000,0.0000,0.0000,60.0000,3.8000
1,3,0,1,6,8,187,3,13115,75506,5,79,0.0000,0.0000,0.0000,60.0000,3.8000
1,3,0,4,10,38,187,3,13115,75506,7,79,0.0000,0.0000,0.0000,60.0000,3.8000
1,3,0,3,8,26,160,3,13115,75506,2,79,0.0000,0.0000,0.0000,60.0000,3.8000
1,3,0,2,11,31,168,7,13115,73508,22,79,0.0000,0.0000,0.0000,60.0000,3.8000
1,3,0,2,7,31,180,7,13115,73508,1,79,0.0000,0.0000,0.0000,60.0000,3.8000
1,3,0,2,3,31,110,7,13115,73508,17,79,0.0000,0.0000,0.0000,60.0000,3.8000
1,3,0,4,11,38,168,7,13115,73508,20,79,0.0000,0.0000,0.0000,60.0000,3.8000
1,3,0,3,9,26,180,7,13115,73508,1,79,0.0000,0.0000,0.0000,60.0000,3.8000
1,3,0,2,3,31,110,7,13115,73508,19,79,0.0000,0.0000,0.0000,60.0000,3.8000
1,3,0,2,3,31,150,3,13115,75506,21,79,0.0000,0.0000,0.0000,60.0000,3.8000
1,3,0,2,9,31,180,7,13115,73508,6,79,0.0000,0.0000,0.0000,60.0000,3.8000
1,3,0,4,9,38,180,7,13115,73508,4,79,0.0000,0.0000,0.0000,60.0000,3.8000
1,3,0,1,8,8,175,15,13115,107363,1,79,0.0000,0.0000,0.0000,60.0000,3.8000
1,3,0,2,3,31,143,15,13115,107363,20,79,0.0000,0.0000,0.0000,60.0000,3.8000
1,3,0,2,2,31,143,15,13115,107363,18,79,0.0000,0.0000,0.0000,60.0000,3.8000
1,3,0,3,2,26,143,15,13115,107363,13,79,0.0000,0.0000,0.0000,60.0000,3.8000
1,3,0,4,2,38,143,15,13115,107363,18,79,0.0000,0.0000,0.0000,60.0000,3.8000
1,3,0,2,7,31,143,15,13115,107363,18,79,0.0000,0.0000,0.0000,60.0000,3.8000
1,3,0,4,2,38,143,15,13115,107363,18,79,0.0000,0.0000,0.0000,60.0000,3.8000
1,3,0,2,2,31,143,15,13115,107363,12,79,0.0000,0.0000,0.0000,60.0000,3.8000
1,3,0,1,6,8,175,15,13115,107363,2,79,0.0000,0.0000,0.0000,60.0000,3.8000
1,3,0,2,4,31,175,15,13115,107363,3,79,0.0000,0.0000,0.0000,60.0000,3.8000
1,3,0,3,2,26,143,15,13115,107363,20,79,0.0000,0.0000,0.0000,60.0000,3.8000
1,3,0,2,2,31,143,15,13115,107363,14,79,0.0000,0.0000,0.0000,60.0000,3.8000
1,3,0,2,6,31,181,3,13115,75506,4,79,0.0000,0.0000,0.0000,60.0000,3.8000
1,3,0,3,2,26,149,1,13115,20315,3,79,0.0000,0.0000,0.0000,60.0000,3.8000
1,3,0,5,2,31,149,1,13115,20315,4,79,0.0000,0.0000,0.0000,60.0000,3.8000
1,3,0,2,2,31,146,1,13115,20315,8,79,0.0000,0.0000,0.0000,60.0000,3.8000
1,3,0,4,3,38,149,1,13115,20315,11,79,0.0000,0.0000,0.0000,60.0000,3.8000
1,3,1,7,2,35,149,1,13115,20315,13,79,0.0000,0.0000,0.0000,60.0000,3.8000
1,3,0,4,2,38,119,1,13115,20315,11,79,0.0000,0.0000,0.0000,60.0000,3.8000
1,3,0,3,2,26,149,1,13115,20315,11,79,0.0000,0.0000,0.0000,60.0000,3.8000
1,3,0,5,10,31,119,1,13115,20315,11,79,0.0000,0.0000,0.0000,60.0000,3.8000
1,3,0,2,3,31,146,1,13115,20315,7,79,0.0000,0.0000,0.0000,60.0000,3.8000
1,3,0,5,11,31,146,1,13115,20315,6,79,0.0000,0.0000,0.0000,60.0000,3.8000
1,3,0,5,10,31,149,1,13115,20315,11,79,0.0000,0.0000,0.0000,60.0000,3.8000
1,3,0,4,10,38,146,1,13115,20315,7,79,0.0000,0.0000,0.0000,60.0000,3.8000
1,3,0,6,3,33,119,1,13115,20315,13,79,0.0000,0.0000,0.0000,60.0000,3.8000
1,3,1,11,2,19,149,1,13115,20315,3,79,0.0000,0.0000,0.0000,60.0000,3.8000
1,3,0,13,7,20,149,1,13115,20315,13,79,0.0000,0.0000,0.0000,60.0000,3.8000
1,3,0,6,8,33,146,1,13115,20315,8,79,0.0000,0.0000,0.0000,60.0000,3.8000
1,3,0,3,11,26,149,1,13115,20315,11,79,0.0000,0.0000,0.0000,60.0000,3.8000
1,3,0,3,11,26,146,1,13115,20315,9,79,0.0000,0.0000,0.0000,60.0000,3.8000
1,3,0,6,3,33,146,1,13115,20315,7,79,0.0000,0.0000,0.0000,60.0000,3.8000
1,3,0,2,3,31,119,1,13115,20315,12,79,0.0000,0.0000,0.0000,60.0000,3.8000
1,3,0,4,3,38,149,1,13115,20315,13,79,0.0000,0.0000,0.0000,60.0000,3.8000
1,3,0,3,10,26,181,1,13115,20315,5,79,0.0000,0.0000,0.0000,60.0000,3.8000
1,3,0,3,3,26,181,1,13115,20315,3,79,0.0000,0.0000,0.0000,60.0000,3.8000
1,3,0,2,6,31,76,14,13115,62105,3,79,0.0000,0.0000,0.0000,60.0000,3.8000
1,3,0,7,10,35,157,1,13115,20315,13,79,0.0000,0.0000,0.0000,60.0000,3.8000
1,3,0,3,10,26,157,1,13115,20315,13,79,0.0000,0.0000,0.0000,60.0000,3.8000
1,3,0,2,11,31,187,3,13115,75506,10,79,0.0000,0.0000,0.0000,60.0000,3.8000
1,3,0,1,10,8,187,3,13115,75506,10,79,0.0000,0.0000,0.0000,60.0000,3.8000
1,3,0,4,11,38,102,3,13115,75506,5,79,0.0000,0.0000,0.0000,60.0000,3.8000
1,3,0,3,11,26,181,3,13115,75506,3,79,0.0000,0.0000,0.0000,60.0000,3.8000
1,3,0,4,6,38,181,3,13115,75506,2,79,0.0000,0.0000,0.0000,60.0000,3.8000
1,3,0,4,11,38,247,3,13115,75506,6,79,0.0000,0.0000,0.0000,60.0000,3.8000
1,3,0,5,3,31,187,3,13115,75506,6,79,0.0000,0.0000,0.0000,60.0000,3.8000
1,3,0,2,11,31,102,3,13115,75506,6,79,0.0000,0.0000,0.0000,60.0000,3.8000
1,3,0,7,11,35,168,7,13115,73508,22,79,0.0000,0.0000,0.0000,60.0000,3.8000
1,3,1,7,11,35,199,7,13115,73508,29,79,0.0000,0.0000,0.0000,60.0000,3.8000
1,3,0,7,9,35,234,7,13115,73508,16,79,0.0000,0.0000,0.0000,60.0000,3.8000
1,3,1,7,9,35,180,7,13115,73508,1,79,0.0000,0.0000,0.0000,60.0000,3.8000
1,3,0,7,7,35,180,7,13115,73508,3,79,0.0000,0.0000,0.0000,60.0000,3.8000
1,3,0,9,11,32,168,7,13115,73508,22,79,0.0000,0.0000,0.0000,60.0000,3.8000
1,3,0,10,11,23,246,7,13115,73508,19,79,0.0000,0.0000,0.0000,60.0000,3.8000
1,3,0,12,3,32,149,1,13115,20315,11,79,0.0000,0.0000,0.0000,60.0000,3.8000
1,3,0,7,2,35,119,1,13115,20315,12,79,0.0000,0.0000,0.0000,60.0000,3.8000
1,3,0,5,2,31,149,1,13115,20315,13,79,0.0000,0.0000,0.0000,60.0000,3.8000
1,3,0,10,2,23,146,1,13115,20315,9,79,0.0000,0.0000,0.0000,60.0000,3.8000
1,3,0,7,2,35,146,1,13115,20315,8,79,0.0000,0.0000,0.0000,60.0000,3.8000
1,3,0,5,3,31,149,1,13115,20315,11,79,0.0000,0.0000,0.0000,60.0000,3.8000
1,3,0,14,2,17,119,1,13115,20315,11,79,0.0000,0.0000,0.0000,60.0000,3.8000
1,3,0,8,7,24,146,1,13115,20315,7,79,0.0000,0.0000,0.0000,60.0000,3.8000
1,3,0,10,3,23,149,1,13115,20315,12,79,0.0000,0.0000,0.0000,60.0000,3.8000
1,3,0,6,10,33,146,1,13115,20315,8,79,0.0000,0.0000,0.0000,60.0000,3.8000
1,3,0,8,8,24,146,1,13115,20315,8,79,0.0000,0.0000,0.0000,60.0000,3.8000
1,3,0,9,2,32,181,1,13115,20315,4,79,0.0000,0.0000,0.0000,60.0000,3.8000
1,3,0,8,3,24,181,1,13115,20315,4,79,0.0000,0.0000,0.0000,60.0000,3.8000
1,3,0,12,11,32,129,11,13115,23463,11,79,0.0000,0.0000,0.0000,60.0000,3.8000
1,3,1,7,11,35,159,11,13115,23463,5,79,0.0000,0.0000,0.0000,60.0000,3.8000
1,3,0,7,11,35,159,11,13115,23463,2,79,0.0000,0.0000,0.0000,60.0000,3.8000
1,3,0,4,2,38,150,11,13115,23463,8,79,0.0000,0.0000,0.0000,60.0000,3.8000
1,3,0,19,11,10,129,11,13115,23463,11,79,0.0000,0.0000,0.0000,60.0000,3.8000
1,3,0,5,11,31,129,11,13115,23463,11,79,0.0000,0.0000,0.0000,60.0000,3.8000
1,3,1,11,11,19,129,11,13115,23463,11,79,0.0000,0.0000,0.0000,60.0000,3.8000
1,3,1,10,11,23,159,11,13115,23463,5,79,0.0000,0.0000,0.0000,60.0000,3.8000
1,3,0,9,11,32,129,11,13115,23463,11,79,0.0000,0.0000,0.0000,60.0000,3.8000
1,3,0,7,8,35,120,17,13115,46218,18,79,0.0000,0.0000,0.0000,60.0000,3.8000
1,3,0,14,6,17,120,17,13115,46218,22,79,0.0000,0.0000,0.0000,60.0000,3.8000
1,3,1,6,10,33,154,17,13115,46218,15,79,0.0000,0.0000,0.0000,60.0000,3.8000
1,3,0,9,10,32,179,17,13115,46218,1,79,0.0000,0.0000,0.0000,60.0000,3.8000
1,3,0,6,2,33,173,17,13115,46218,5,79,0.0000,0.0000,0.0000,60.0000,3.8000
1,3,0,6,3,33,142,17,13115,46218,17,79,0.0000,0.0000,0.0000,60.0000,3.8000
1,3,0,10,11,23,169,17,13115,46218,21,79,0.0000,0.0000,0.0000,60.0000,3.8000
1,3,0,6,4,33,173,17,13115,46218,7,79,0.0000,0.0000,0.0000,60.0000,3.8000
1,3,0,5,2,31,154,17,13115,46218,20,79,0.0000,0.0000,0.0000,60.0000,3.8000
1,3,0,7,2,35,173,17,13115,46218,7,79,0.0000,0.0000,0.0000,60.0000,3.8000
1,3,0,9,11,32,120,17,13115,46218,12,79,0.0000,0.0000,0.0000,60.0000,3.8000
1,3,0,7,3,35,154,17,13115,46218,20,79,0.0000,0.0000,0.0000,60.0000,3.8000
1,3,0,4,10,38,154,17,13115,46218,9,79,0.0000,0.0000,0.0000,60.0000,3.8000
1,3,0,15,3,20,142,17,13115,46218,17,79,0.0000,0.0000,0.0000,60.0000,3.8000
1,3,0,9,2,32,154,17,13115,46218,13,79,0.0000,0.0000,0.0000,60.0000,3.8000
1,3,0,5,2,31,154,17,13115,46218,11,79,0.0000,0.0000,0.0000,60.0000,3.8000
1,3,0,12,10,32,216,17,13115,46218,17,79,0.0000,0.0000,0.0000,60.0000,3.8000
1,3,0,9,7,32,173,17,13115,46218,3,79,0.0000,0.0000,0.0000,60.0000,3.8000
1,3,0,5,10,31,120,17,13115,46218,17,79,0.0000,0.0000,0.0000,60.0000,3.8000
1,3,0,5,10,31,173,17,13115,46218,6,79,0.0000,0.0000,0.0000,60.0000,3.8000
1,3,0,8,3,24,120,17,13115,46218,13,79,0.0000,0.0000,0.0000,60.0000,3.8000
1,3,0,6,2,33,120,17,13115,46218,21,79,0.0000,0.0000,0.0000,60.0000,3.8000
1,3,0,7,10,35,179,17,13115,46218,1,79,0.0000,0.0000,0.0000,60.0000,3.8000
1,3,0,12,10,32,173,17,13115,46218,6,79,0.0000,0.0000,0.0000,60.0000,3.8000
1,3,0,8,11,24,170,17,13115,46218,27,79,0.0000,0.0000,0.0000,60.0000,3.8000
1,3,0,4,2,38,120,17,13115,46218,18,79,0.0000,0.0000,0.0000,60.0000,3.8000
1,3,1,7,11,35,170,17,13115,46218,29,79,0.0000,0.0000,0.0000,60.0000,3.8000
1,3,1,5,4,31,154,17,13115,46218,21,79,0.0000,0.0000,0.0000,60.0000,3.8000
1,3,0,5,11,31,142,17,13115,46218,25,79,0.0000,0.0000,0.0000,60.0000,3.8000
1,3,0,9,10,32,154,17,13115,46218,14,79,0.0000,0.0000,0.0000,60.0000,3.8000
1,3,0,4,8,38,173,17,13115,46218,11,79,0.0000,0.0000,0.0000,60.0000,3.8000
1,3,0,9,10,32,169,17,13115,46218,21,79,0.0000,0.0000,0.0000,60.0000,3.8000
1,3,0,6,2,33,154,17,13115,46218,2,79,0.0000,0.0000,0.0000,60.0000,3.8000
1,3,0,6,8,33,173,17,13115,46218,7,79,0.0000,0.0000,0.0000,60.0000,3.8000
1,3,0,5,3,31,154,17,13115,46218,18,79,0.0000,0.0000,0.0000,60.0000,3.8000
1,3,0,9,8,32,216,17,13115,46218,15,79,0.0000,0.0000,0.0000,60.0000,3.8000
1,3,0,9,4,32,291,17,13115,46218,23,79,0.0000,0.0000,0.0000,60.0000,3.8000
1,3,0,4,11,38,142,17,13115,46218,19,79,0.0000,0.0000,0.0000,60.0000,3.8000
1,3,0,7,10,35,154,17,13115,46218,19,79,0.0000,0.0000,0.0000,60.0000,3.8000
1,3,0,8,3,24,142,17,13115,46218,21,79,0.0000,0.0000,0.0000,60.0000,3.8000
1,3,0,11,11,19,170,17,13115,46218,20,79,0.0000,0.0000,0.0000,60.0000,3.8000
1,3,0,6,8,33,142,17,13115,46218,25,79,0.0000,0.0000,0.0000,60.0000,3.8000
1,3,0,19,11,10,291,17,13115,46218,24,79,0.0000,0.0000,0.0000,60.0000,3.8000
1,3,0,16,2,16,154,17,13115,46218,3,79,0.0000,0.0000,0.0000,60.0000,3.8000
1,3,0,7,2,35,142,17,13115,46218,21,79,0.0000,0.0000,0.0000,60.0000,3.8000
1,3,0,6,3,33,154,17,13115,46218,18,79,0.0000,0.0000,0.0000,60.0000,3.8000
1,3,0,7,11,35,170,17,13115,46218,21,79,0.0000,0.0000,0.0000,60.0000,3.8000
1,3,0,7,9,35,120,17,13115,46218,21,79,0.0000,0.0000,0.0000,60.0000,3.8000
1,3,0,9,11,32,173,17,13115,46218,7,79,0.0000,0.0000,0.0000,60.0000,3.8000
1,3,0,5,2,31,173,17,13115,46218,3,79,0.0000,0.0000,0.0000,60.0000,3.8000
1,3,0,6,9,33,154,17,13115,46218,20,79,0.0000,0.0000,0.0000,60.0000,3.8000
1,3,0,18,9,18,180,7,13115,73508,1,79,0.0000,0.0000,0.0000,60.0000,3.8000
1,3,0,5,2,31,160,7,13115,73508,19,79,0.0000,0.0000,0.0000,60.0000,3.8000
1,3,0,6,9,33,186,9,13115,9496,1,79,0.0000,0.0000,0.0000,60.0000,3.8000
1,3,1,5,8,31,172,3,13115,75506,9,79,0.0000,0.0000,0.0000,60.0000,3.8000
1,3,0,7,6,35,76,14,13115,62105,3,79,0.0000,0.0000,0.0000,60.0000,3.8000
1,3,0,7,2,35,76,14,13115,62105,4,79,0.0000,0.0000,0.0000,60.0000,3.8000
1,3,0,7,6,35,76,14,13115,62105,2,79,0.0000,0.0000,0.0000,60.0000,3.8000
1,3,0,18,10,18,187,3,13115,75506,11,79,0.0000,0.0000,0.0000,60.0000,3.8000
1,3,0,8,11,24,181,3,13115,75506,2,79,0.0000,0.0000,0.0000,60.0000,3.8000
1,3,0,6,2,33,50,14,13115,62105,16,79,0.0000,0.0000,0.0000,60.0000,3.8000
1,3,0,3,2,26,50,14,13115,62105,17,79,0.0000,0.0000,0.0000,60.0000,3.8000
1,3,0,3,2,26,76,14,13115,62105,5,79,0.0000,0.0000,0.0000,60.0000,3.8000
1,3,0,6,4,33,76,14,13115,62105,5,79,0.0000,0.0000,0.0000,60.0000,3.8000
1,3,0,4,4,38,66,14,13115,62105,14,79,0.0000,0.0000,0.0000,60.0000,3.8000
1,3,0,8,2,24,76,14,13115,62105,5,79,0.0000,0.0000,0.0000,60.0000,3.8000
1,3,0,6,4,33,76,14,13115,62105,5,79,0.0000,0.0000,0.0000,60.0000,3.8000
1,3,0,5,3,31,76,14,13115,62105,3,79,0.0000,0.0000,0.0000,60.0000,3.8000
1,3,0,4,2,38,50,14,13115,62105,17,79,0.0000,0.0000,0.0000,60.0000,3.8000
1,3,0,3,1,26,50,14,13115,62105,17,79,0.0000,0.0000,0.0000,60.0000,3.8000
1,3,0,7,3,35,76,14,13115,62105,2,79,0.0000,0.0000,0.0000,60.0000,3.8000
1,3,0,6,6,33,76,14,13115,62105,3,79,0.0000,0.0000,0.0000,60.0000,3.8000
1,3,0,4,1,38,50,14,13115,62105,16,79,0.0000,0.0000,0.0000,60.0000,3.8000
1,3,0,6,1,33,50,14,13115,62105,16,79,0.0000,0.0000,0.0000,60.0000,3.8000
1,3,0,4,1,38,50,14,13115,62105,17,79,0.0000,0.0000,0.0000,60.0000,3.8000
1,3,0,4,4,38,76,14,13115,62105,4,79,0.0000,0.0000,0.0000,60.0000,3.8000
1,3,0,5,3,31,76,14,13115,62105,4,79,0.0000,0.0000,0.0000,60.0000,3.8000
1,3,0,4,2,38,50,14,13115,62105,17,79,0.0000,0.0000,0.0000,60.0000,3.8000
1,3,0,6,4,33,76,14,13115,62105,5,79,0.0000,0.0000,0.0000,60.0000,3.8000
1,3,0,9,1,32,76,14,13115,62105,4,79,0.0000,0.0000,0.0000,60.0000,3.8000
1,3,0,5,2,31,50,14,13115,62105,19,79,0.0000,0.0000,0.0000,60.0000,3.8000
1,3,0,4,2,38,50,14,13115,62105,16,79,0.0000,0.0000,0.0000,60.0000,3.8000
1,3,0,3,2,26,50,14,13115,62105,17,79,0.0000,0.0000,0.0000,60.0000,3.8000
1,3,0,4,3,38,76,14,13115,62105,5,79,0.0000,0.0000,0.0000,60.0000,3.8000
1,3,0,7,2,35,50,14,13115,62105,14,79,0.0000,0.0000,0.0000,60.0000,3.8000
1,3,0,6,2,33,76,14,13115,62105,5,79,0.0000,0.0000,0.0000,60.0000,3.8000
1,3,0,11,11,19,102,3,13115,75506,5,79,0.0000,0.0000,0.0000,60.0000,3.8000
1,3,0,7,11,35,102,3,13115,75506,5,79,0.0000,0.0000,0.0000,60.0000,3.8000
1,3,0,6,6,33,181,3,13115,75506,4,79,0.0000,0.0000,0.0000,60.0000,3.8000
1,3,0,4,2,38,143,15,13115,107363,9,79,0.0000,0.0000,0.0000,60.0000,3.8000
1,3,0,4,3,38,143,15,13115,107363,16,79,0.0000,0.0000,0.0000,60.0000,3.8000
1,3,0,5,2,31,175,15,13115,107363,3,79,0.0000,0.0000,0.0000,60.0000,3.8000
1,3,0,7,7,35,175,15,13115,107363,1,79,0.0000,0.0000,0.0000,60.0000,3.8000
1,3,0,8,6,24,234,3,13115,75506,4,79,0.0000,0.0000,0.0000,60.0000,3.8000
1,3,0,17,2,9,146,1,13115,20315,8,79,0.0000,0.0000,0.0000,60.0000,3.8000
1,3,0,11,2,19,119,1,13115,20315,11,79,0.0000,0.0000,0.0000,60.0000,3.8000
1,3,0,12,2,32,149,1,13115,20315,13,79,0.0000,0.0000,0.0000,60.0000,3.8000
1,3,0,8,2,24,149,1,13115,20315,3,79,0.0000,0.0000,0.0000,60.0000,3.8000
1,3,1,11,8,19,160,3,13115,75506,20,79,0.0000,0.0000,0.0000,60.0000,3.8000
1,3,0,11,11,19,149,1,13115,20315,11,79,0.0000,0.0000,0.0000,60.0000,3.8000
1,3,0,18,2,18,146,1,13115,20315,9,79,0.0000,0.0000,0.0000,60.0000,3.8000
1,3,0,11,10,19,146,1,13115,20315,7,79,0.0000,0.0000,0.0000,60.0000,3.8000
1,3,0,8,3,24,119,1,13115,20315,12,79,0.0000,0.0000,0.0000,60.0000,3.8000
1,3,0,9,3,32,149,1,13115,20315,13,79,0.0000,0.0000,0.0000,60.0000,3.8000
1,3,0,17,3,9,146,1,13115,20315,8,79,0.0000,0.0000,0.0000,60.0000,3.8000
1,3,0,8,8,24,149,1,13115,20315,11,79,0.0000,0.0000,0.0000,60.0000,3.8000
1,3,0,18,11,18,181,1,13115,20315,3,79,0.0000,0.0000,0.0000,60.0000,3.8000
1,3,0,13,3,20,181,1,13115,20315,3,79,0.0000,0.0000,0.0000,60.0000,3.8000
1,3,0,10,3,23,181,1,13115,20315,2,79,0.0000,0.0000,0.0000,60.0000,3.8000
1,3,0,5,11,31,181,1,13115,20315,6,79,0.0000,0.0000,0.0000,60.0000,3.8000
1,3,0,8,2,24,160,3,13115,75506,20,79,0.0000,0.0000,0.0000,60.0000,3.8000
1,3,0,16,11,16,159,11,13115,23463,1,79,0.0000,0.0000,0.0000,60.0000,3.8000
1,3,1,16,11,16,129,11,13115,23463,11,79,0.0000,0.0000,0.0000,60.0000,3.8000
1,3,0,9,2,32,110,7,13115,73508,17,79,0.0000,0.0000,0.0000,60.0000,3.8000
1,3,0,7,2,35,110,7,13115,73508,17,79,0.0000,0.0000,0.0000,60.0000,3.8000
1,3,0,18,9,18,180,7,13115,73508,4,79,0.0000,0.0000,0.0000,60.0000,3.8000
1,3,0,6,7,33,76,14,13115,62105,4,79,0.0000,0.0000,0.0000,60.0000,3.8000
1,3,0,9,3,32,76,14,13115,62105,2,79,0.0000,0.0000,0.0000,60.0000,3.8000
1,3,0,9,6,32,76,14,13115,62105,3,79,0.0000,0.0000,0.0000,60.0000,3.8000
1,3,0,12,2,32,66,14,13115,62105,10,79,0.0000,0.0000,0.0000,60.0000,3.8000
1,3,0,14,4,17,76,14,13115,62105,5,79,0.0000,0.0000,0.0000,60.0000,3.8000
1,3,0,16,2,16,66,14,13115,62105,10,79,0.0000,0.0000,0.0000,60.0000,3.8000
1,3,0,6,6,33,76,14,13115,62105,2,79,0.0000,0.0000,0.0000,60.0000,3.8000
1,3,1,13,3,20,76,14,13115,62105,5,79,0.0000,0.0000,0.0000,60.0000,3.8000
1,3,0,13,7,20,76,14,13115,62105,2,79,0.0000,0.0000,0.0000,60.0000,3.8000
1,3,0,6,2,33,50,14,13115,62105,16,79,0.0000,0.0000,0.0000,60.0000,3.8000
1,3,0,10,6,23,181,3,13115,75506,2,79,0.0000,0.0000,0.0000,60.0000,3.8000
1,3,0,11,6,19,181,3,13115,75506,4,79,0.0000,0.0000,0.0000,60.0000,3.8000
1,3,1,6,3,33,76,14,13115,62105,3,79,0.0000,0.0000,0.0000,60.0000,3.8000
1,3,0,11,3,19,187,3,13115,75506,18,79,0.0000,0.0000,0.0000,60.0000,3.8000
1,3,1,10,8,23,181,3,13115,75506,3,79,0.0000,0.0000,0.0000,60.0000,3.8000
1,3,1,10,8,23,154,17,13115,46218,20,79,0.0000,0.0000,0.0000,60.0000,3.8000
1,3,0,16,2,16,173,17,13115,46218,3,79,0.0000,0.0000,0.0000,60.0000,3.8000
1,3,0,11,4,19,216,17,13115,46218,16,79,0.0000,0.0000,0.0000,60.0000,3.8000
1,3,0,17,10,9,173,17,13115,46218,3,79,0.0000,0.0000,0.0000,60.0000,3.8000
1,3,0,9,10,32,154,17,13115,46218,11,79,0.0000,0.0000,0.0000,60.0000,3.8000
1,3,0,10,2,23,154,17,13115,46218,9,79,0.0000,0.0000,0.0000,60.0000,3.8000
1,3,0,9,2,32,154,17,13115,46218,21,79,0.0000,0.0000,0.0000,60.0000,3.8000
1,3,0,19,11,10,169,17,13115,46218,22,79,0.0000,0.0000,0.0000,60.0000,3.8000
1,3,0,12,7,32,173,17,13115,46218,11,79,0.0000,0.0000,0.0000,60.0000,3.8000
1,3,0,10,4,23,154,17,13115,46218,20,79,0.0000,0.0000,0.0000,60.0000,3.8000
1,3,0,8,10,24,120,17,13115,46218,20,79,0.0000,0.0000,0.0000,60.0000,3.8000
1,3,0,14,3,17,154,17,13115,46218,9,79,0.0000,0.0000,0.0000,60.0000,3.8000
1,3,0,8,2,24,154,17,13115,46218,21,79,0.0000,0.0000,0.0000,60.0000,3.8000
1,3,0,13,8,20,173,17,13115,46218,3,79,0.0000,0.0000,0.0000,60.0000,3.8000
1,3,0,10,2,23,154,17,13115,46218,3,79,0.0000,0.0000,0.0000,60.0000,3.8000
1,3,0,15,1,20,142,17,13115,46218,18,79,0.0000,0.0000,0.0000,60.0000,3.8000
1,3,0,19,11,10,102,3,13115,75506,5,79,0.0000,0.0000,0.0000,60.0000,3.8000
1,3,0,18,11,18,168,7,13115,73508,20,79,0.0000,0.0000,0.0000,60.0000,3.8000
1,3,0,12,11,32,211,7,13115,73508,29,79,0.0000,0.0000,0.0000,60.0000,3.8000
1,3,0,9,3,32,132,7,13115,73508,18,79,0.0000,0.0000,0.0000,60.0000,3.8000
1,3,0,9,7,32,180,7,13115,73508,5,79,0.0000,0.0000,0.0000,60.0000,3.8000
1,3,1,12,7,32,180,7,13115,73508,2,79,0.0000,0.0000,0.0000,60.0000,3.8000
1,3,0,14,3,17,180,7,13115,73508,1,79,0.0000,0.0000,0.0000,60.0000,3.8000
1,3,0,9,3,32,110,7,13115,73508,18,79,0.0000,0.0000,0.0000,60.0000,3.8000
1,3,0,7,10,35,187,3,13115,75506,4,79,0.0000,0.0000,0.0000,60.0000,3.8000
1,3,0,10,9,23,180,7,13115,73508,5,79,0.0000,0.0000,0.0000,60.0000,3.8000
1,3,0,8,9,24,180,7,13115,73508,5,79,0.0000,0.0000,0.0000,60.0000,3.8000
1,3,0,8,3,24,187,3,13115,75506,6,79,0.0000,0.0000,0.0000,60.0000,3.8000
1,3,0,6,3,33,143,15,13115,107363,14,79,0.0000,0.0000,0.0000,60.0000,3.8000
1,3,0,8,2,24,143,15,13115,107363,18,79,0.0000,0.0000,0.0000,60.0000,3.8000
1,3,0,7,2,35,143,15,13115,107363,18,79,0.0000,0.0000,0.0000,60.0000,3.8000
1,3,0,10,3,23,143,15,13115,107363,14,79,0.0000,0.0000,0.0000,60.0000,3.8000
1,3,0,9,4,32,186,9,13115,9496,2,79,0.0000,0.0000,0.0000,60.0000,3.8000
1,3,0,7,4,35,143,15,13115,107363,19,79,0.0000,0.0000,0.0000,60.0000,3.8000
1,3,1,8,6,24,175,15,13115,107363,2,79,0.0000,0.0000,0.0000,60.0000,3.8000
1,3,0,8,2,24,143,15,13115,107363,13,79,0.0000,0.0000,0.0000,60.0000,3.8000
1,3,0,6,2,33,143,15,13115,107363,14,79,0.0000,0.0000,0.0000,60.0000,3.8000
1,3,0,5,2,31,143,15,13115,107363,11,79,0.0000,0.0000,0.0000,60.0000,3.8000
1,3,0,17,2,9,76,14,13115,62105,3,79,0.0000,0.0000,0.0000,60.0000,3.8000
1,3,0,12,6,32,76,14,13115,62105,4,79,0.0000,0.0000,0.0000,60.0000,3.8000
1,3,0,14,3,17,76,14,13115,62105,1,79,0.0000,0.0000,0.0000,60.0000,3.8000
1,3,0,11,2,19,143,15,13115,107363,15,79,0.0000,0.0000,0.0000,60.0000,3.8000
1,3,0,9,2,32,143,15,13115,107363,9,79,0.0000,0.0000,0.0000,60.0000,3.8000
1,3,0,15,3,20,143,15,13115,107363,19,79,0.0000,0.0000,0.0000,60.0000,3.8000
1,3,0,10,8,23,143,15,13115,107363,17,79,0.0000,0.0000,0.0000,60.0000,3.8000
1,3,0,8,2,24,143,15,13115,107363,12,79,0.0000,0.0000,0.0000,60.0000,3.8000
1,3,0,15,2,20,146,1,13115,20315,9,79,0.0000,0.0000,0.0000,60.0000,3.8000
1,3,0,12,2,32,119,1,13115,20315,12,79,0.0000,0.0000,0.0000,60.0000,3.8000
1,3,1,10,2,23,146,1,13115,20315,7,79,0.0000,0.0000,0.0000,60.0000,3.8000
1,3,0,9,11,32,149,1,13115,20315,13,79,0.0000,0.0000,0.0000,60.0000,3.8000
1,3,0,14,3,17,149,1,13115,20315,12,79,0.0000,0.0000,0.0000,60.0000,3.8000
1,3,0,15,3,20,149,1,13115,20315,12,79,0.0000,0.0000,0.0000,60.0000,3.8000
1,3,0,14,2,17,181,1,13115,20315,4,79,0.0000,0.0000,0.0000,60.0000,3.8000
1,3,1,12,2,32,150,11,13115,23463,8,79,0.0000,0.0000,0.0000,60.0000,3.8000
1,3,0,10,1,23,76,14,13115,62105,5,79,0.0000,0.0000,0.0000,60.0000,3.8000
1,3,0,14,2,17,76,14,13115,62105,4,79,0.0000,0.0000,0.0000,60.0000,3.8000
1,3,0,13,6,20,76,14,13115,62105,5,79,0.0000,0.0000,0.0000,60.0000,3.8000
1,3,0,12,1,32,50,14,13115,62105,14,79,0.0000,0.0000,0.0000,60.0000,3.8000
1,3,0,13,3,20,76,14,13115,62105,5,79,0.0000,0.0000,0.0000,60.0000,3.8000
1,3,0,18,1,18,50,14,13115,62105,16,79,0.0000,0.0000,0.0000,60.0000,3.8000
1,3,0,12,1,32,50,14,13115,62105,5,79,0.0000,0.0000,0.0000,60.0000,3.8000
1,3,1,13,7,20,76,14,13115,62105,5,79,0.0000,0.0000,0.0000,60.0000,3.8000
1,3,0,9,1,32,50,14,13115,62105,16,79,0.0000,0.0000,0.0000,60.0000,3.8000
1,3,0,15,2,20,120,17,13115,46218,13,79,0.0000,0.0000,0.0000,60.0000,3.8000
1,3,0,8,2,24,50,14,13115,62105,17,79,0.0000,0.0000,0.0000,60.0000,3.8000
1,3,0,12,3,32,154,17,13115,46218,18,79,0.0000,0.0000,0.0000,60.0000,3.8000
1,3,0,18,3,18,173,17,13115,46218,7,79,0.0000,0.0000,0.0000,60.0000,3.8000
1,3,0,14,4,17,173,17,13115,46218,7,79,0.0000,0.0000,0.0000,60.0000,3.8000
1,3,0,9,2,32,50,14,13115,62105,17,79,0.0000,0.0000,0.0000,60.0000,3.8000
1,3,0,12,3,32,76,14,13115,62105,5,79,0.0000,0.0000,0.0000,60.0000,3.8000
1,3,0,12,3,32,76,14,13115,62105,2,79,0.0000,0.0000,0.0000,60.0000,3.8000
1,3,0,18,1,18,142,17,13115,46218,19,79,0.0000,0.0000,0.0000,60.0000,3.8000
1,3,0,13,7,20,154,17,13115,46218,18,79,0.0000,0.0000,0.0000,60.0000,3.8000
1,3,0,11,2,19,76,14,13115,62105,4,79,0.0000,0.0000,0.0000,60.0000,3.8000
1,3,0,8,3,24,50,14,13115,62105,19,79,0.0000,0.0000,0.0000,60.0000,3.8000
1,3,0,18,2,18,142,17,13115,46218,25,79,0.0000,0.0000,0.0000,60.0000,3.8000
1,3,0,10,1,23,50,14,13115,62105,19,79,0.0000,0.0000,0.0000,60.0000,3.8000
1,3,0,13,6,20,76,14,13115,62105,4,79,0.0000,0.0000,0.0000,60.0000,3.8000
1,3,0,6,3,33,50,14,13115,62105,17,79,0.0000,0.0000,0.0000,60.0000,3.8000
1,3,0,18,9,18,120,17,13115,46218,17,79,0.0000,0.0000,0.0000,60.0000,3.8000
1,3,0,14,2,17,173,17,13115,46218,4,79,0.0000,0.0000,0.0000,60.0000,3.8000
1,3,0,9,2,32,50,14,13115,62105,17,79,0.0000,0.0000,0.0000,60.0000,3.8000
1,3,0,9,1,32,50,14,13115,62105,17,79,0.0000,0.0000,0.0000,60.0000,3.8000
1,3,0,10,3,23,50,14,13115,62105,16,79,0.0000,0.0000,0.0000,60.0000,3.8000
1,3,0,12,2,32,154,17,13115,46218,20,79,0.0000,0.0000,0.0000,60.0000,3.8000
1,3,0,12,8,32,142,17,13115,46218,21,79,0.0000,0.0000,0.0000,60.0000,3.8000
1,3,0,18,3,18,142,17,13115,46218,25,79,0.0000,0.0000,0.0000,60.0000,3.8000
1,3,0,18,9,18,120,17,13115,46218,21,79,0.0000,0.0000,0.0000,60.0000,3.8000
1,3,0,12,8,32,173,17,13115,46218,5,79,0.0000,0.0000,0.0000,60.0000,3.8000
1,3,0,19,7,10,173,17,13115,46218,3,79,0.0000,0.0000,0.0000,60.0000,3.8000
1,3,0,13,3,20,142,17,13115,46218,17,79,0.0000,0.0000,0.0000,60.0000,3.8000
1,3,0,12,2,32,50,14,13115,62105,17,79,0.0000,0.0000,0.0000,60.0000,3.8000
1,3,0,13,2,20,154,17,13115,46218,11,79,0.0000,0.0000,0.0000,60.0000,3.8000
1,3,0,12,2,32,142,17,13115,46218,21,79,0.0000,0.0000,0.0000,60.0000,3.8000
1,3,0,15,3,20,142,17,13115,46218,25,79,0.0000,0.0000,0.0000,60.0000,3.8000
1,3,0,14,2,17,154,17,13115,46218,21,79,0.0000,0.0000,0.0000,60.0000,3.8000
1,3,1,12,2,32,76,14,13115,62105,3,79,0.0000,0.0000,0.0000,60.0000,3.8000
1,3,0,16,2,16,173,17,13115,46218,10,79,0.0000,0.0000,0.0000,60.0000,3.8000
1,3,0,12,10,32,154,17,13115,46218,2,79,0.0000,0.0000,0.0000,60.0000,3.8000
1,3,0,12,10,32,173,17,13115,46218,3,79,0.0000,0.0000,0.0000,60.0000,3.8000
1,3,0,9,4,32,76,14,13115,62105,5,79,0.0000,0.0000,0.0000,60.0000,3.8000
1,3,0,9,2,32,50,14,13115,62105,15,79,0.0000,0.0000,0.0000,60.0000,3.8000
1,3,0,8,2,24,50,14,13115,62105,17,79,0.0000,0.0000,0.0000,60.0000,3.8000
1,3,0,7,3,35,50,14,13115,62105,17,79,0.0000,0.0000,0.0000,60.0000,3.8000
1,3,0,19,11,10,181,1,13115,20315,5,79,0.0000,0.0000,0.0000,60.0000,3.8000
1,3,0,15,3,20,149,1,13115,20315,4,79,0.0000,0.0000,0.0000,60.0000,3.8000
1,3,0,19,11,10,149,1,13115,20315,11,79,0.0000,0.0000,0.0000,60.0000,3.8000
1,3,0,16,2,16,149,1,13115,20315,13,79,0.0000,0.0000,0.0000,60.0000,3.8000
1,3,0,17,3,9,146,1,13115,20315,8,79,0.0000,0.0000,0.0000,60.0000,3.8000
1,3,0,13,2,20,149,1,13115,20315,3,79,0.0000,0.0000,0.0000,60.0000,3.8000
1,3,0,18,1,18,76,14,13115,62105,3,79,0.0000,0.0000,0.0000,60.0000,3.8000
1,3,1,13,4,20,66,14,13115,62105,10,79,0.0000,0.0000,0.0000,60.0000,3.8000
1,3,0,11,2,19,110,7,13115,73508,19,79,0.0000,0.0000,0.0000,60.0000,3.8000
1,3,0,15,4,20,76,14,13115,62105,2,79,0.0000,0.0000,0.0000,60.0000,3.8000
1,3,1,11,1,19,50,14,13115,62105,16,79,0.0000,0.0000,0.0000,60.0000,3.8000
1,3,0,10,2,23,76,14,13115,62105,5,79,0.0000,0.0000,0.0000,60.0000,3.8000
1,3,0,11,2,19,143,15,13115,107363,18,79,0.0000,0.0000,0.0000,60.0000,3.8000
1,3,0,13,2,20,143,15,13115,107363,18,79,0.0000,0.0000,0.0000,60.0000,3.8000
1,3,0,11,2,19,143,15,13115,107363,14,79,0.0000,0.0000,0.0000,60.0000,3.8000
1,3,0,10,2,23,143,15,13115,107363,11,79,0.0000,0.0000,0.0000,60.0000,3.8000
1,3,0,10,2,23,143,15,13115,107363,19,79,0.0000,0.0000,0.0000,60.0000,3.8000
1,3,0,12,7,32,179,17,13115,46218,1,79,0.0000,0.0000,0.0000,60.0000,3.8000
1,3,0,16,2,16,173,17,13115,46218,7,79,0.0000,0.0000,0.0000,60.0000,3.8000
1,3,0,15,2,20,154,17,13115,46218,9,79,0.0000,0.0000,0.0000,60.0000,3.8000
1,3,0,14,2,17,154,17,13115,46218,21,79,0.0000,0.0000,0.0000,60.0000,3.8000
1,3,0,12,3,32,76,14,13115,62105,3,79,0.0000,0.0000,0.0000,60.0000,3.8000
1,3,0,17,11,9,181,3,13115,75506,2,79,0.0000,0.0000,0.0000,60.0000,3.8000
1,3,0,13,2,20,110,7,13115,73508,17,79,0.0000,0.0000,0.0000,60.0000,3.8000
1,3,0,15,3,20,132,7,13115,73508,18,79,0.0000,0.0000,0.0000,60.0000,3.8000
1,3,0,18,9,18,180,7,13115,73508,6,79,0.0000,0.0000,0.0000,60.0000,3.8000
1,3,0,11,9,19,180,7,13115,73508,1,79,0.0000,0.0000,0.0000,60.0000,3.8000
1,3,0,13,2,20,143,15,13115,107363,11,79,0.0000,0.0000,0.0000,60.0000,3.8000
1,3,0,13,3,20,187,3,13115,75506,4,79,0.0000,0.0000,0.0000,60.0000,3.8000
1,3,0,15,2,20,143,15,13115,107363,15,79,0.0000,0.0000,0.0000,60.0000,3.8000
1,3,0,15,4,20,175,15,13115,107363,5,79,0.0000,0.0000,0.0000,60.0000,3.8000
1,3,0,13,2,20,143,15,13115,107363,9,79,0.0000,0.0000,0.0000,60.0000,3.8000
1,3,0,12,2,32,50,14,13115,62105,17,79,0.0000,0.0000,0.0000,60.0000,3.8000
1,3,0,15,1,20,50,14,13115,62105,14,79,0.0000,0.0000,0.0000,60.0000,3.8000
1,3,0,16,3,16,76,14,13115,62105,5,79,0.0000,0.0000,0.0000,60.0000,3.8000
1,3,0,15,1,20,50,14,13115,62105,16,79,0.0000,0.0000,0.0000,60.0000,3.8000
1,3,0,14,2,17,50,14,13115,62105,19,79,0.0000,0.0000,0.0000,60.0000,3.8000
1,3,0,12,2,32,50,14,13115,62105,17,79,0.0000,0.0000,0.0000,60.0000,3.8000
1,3,0,18,1,18,50,14,13115,62105,17,79,0.0000,0.0000,0.0000,60.0000,3.8000
1,3,0,19,10,10,173,17,13115,46218,6,79,0.0000,0.0000,0.0000,60.0000,3.8000
1,3,0,18,2,18,154,17,13115,46218,20,79,0.0000,0.0000,0.0000,60.0000,3.8000
1,3,0,12,2,32,50,14,13115,62105,17,79,0.0000,0.0000,0.0000,60.0000,3.8000
1,3,0,15,3,20,76,14,13115,62105,5,79,0.0000,0.0000,0.0000,60.0000,3.8000
1,3,0,12,2,32,50,14,13115,62105,16,79,0.0000,0.0000,0.0000,60.0000,3.8000
1,3,0,13,2,20,50,14,13115,62105,17,79,0.0000,0.0000,0.0000,60.0000,3.8000
1,3,0,14,2,17,50,14,13115,62105,19,79,0.0000,0.0000,0.0000,60.0000,3.8000
1,3,0,15,2,20,128,3,13115,75506,4,79,0.0000,0.0000,0.0000,60.0000,3.8000
1,3,0,15,2,20,110,7,13115,73508,19,79,0.0000,0.0000,0.0000,60.0000,3.8000
1,3,0,14,2,17,50,14,13115,62105,16,79,0.0000,0.0000,0.0000,60.0000,3.8000
1,3,0,16,1,16,50,14,13115,62105,16,79,0.0000,0.0000,0.0000,60.0000,3.8000
1,3,0,14,7,17,76,14,13115,62105,5,79,0.0000,0.0000,0.0000,60.0000,3.8000
1,3,0,16,2,16,143,15,13115,107363,18,79,0.0000,0.0000,0.0000,60.0000,3.8000
1,3,0,15,2,20,143,15,13115,107363,14,79,0.0000,0.0000,0.0000,60.0000,3.8000
1,3,0,16,2,16,143,15,13115,107363,9,79,0.0000,0.0000,0.0000,60.0000,3.8000
1,3,0,18,2,18,50,14,13115,62105,17,79,0.0000,0.0000,0.0000,60.0000,3.8000
1,3,0,17,1,9,50,14,13115,62105,17,79,0.0000,0.0000,0.0000,60.0000,3.8000
1,3,0,16,3,16,50,14,13115,62105,16,79,0.0000,0.0000,0.0000,60.0000,3.8000
1,3,0,16,1,16,50,14,13115,62105,17,79,0.0000,0.0000,0.0000,60.0000,3.8000
1,3,0,16,2,16,50,14,13115,62105,17,79,0.0000,0.0000,0.0000,60.0000,3.8000
1,5,0,2,6,20,180,7,4710,73508,4,67,0.0000,0.0000,0.0000,50.0000,10.5100
1,5,0,2,9,20,180,7,4710,73508,3,67,0.0000,0.0000,0.0000,50.0000,10.5100
1,5,0,2,3,20,160,7,4710,73508,19,67,0.0000,0.0000,0.0000,50.0000,10.5100
1,5,0,3,1,11,132,7,4710,73508,17,67,0.0000,0.0000,0.0000,50.0000,10.5100
1,5,0,2,4,20,110,7,4710,73508,17,67,0.0000,0.0000,0.0000,50.0000,10.5100
1,5,0,2,4,20,175,15,4710,107363,1,67,0.0000,0.0000,0.0000,50.0000,10.5100
1,5,0,1,5,7,175,15,4710,107363,5,67,0.0000,0.0000,0.0000,50.0000,10.5100
1,5,0,1,3,7,143,15,4710,107363,19,67,0.0000,0.0000,0.0000,50.0000,10.5100
1,5,0,2,4,20,143,15,4710,107363,18,67,0.0000,0.0000,0.0000,50.0000,10.5100
1,5,0,2,4,20,143,15,4710,107363,12,67,0.0000,0.0000,0.0000,50.0000,10.5100
1,5,0,2,4,20,175,15,4710,107363,6,67,0.0000,0.0000,0.0000,50.0000,10.5100
1,5,0,2,3,20,143,15,4710,107363,19,67,0.0000,0.0000,0.0000,50.0000,10.5100
1,5,0,5,3,8,143,15,4710,107363,11,67,0.0000,0.0000,0.0000,50.0000,10.5100
1,5,0,2,2,20,143,15,4710,107363,11,67,0.0000,0.0000,0.0000,50.0000,10.5100
1,5,0,3,4,11,146,1,4710,20315,8,67,0.0000,0.0000,0.0000,50.0000,10.5100
1,5,0,1,4,7,150,9,4710,9496,17,67,0.0000,0.0000,0.0000,50.0000,10.5100
1,5,0,2,2,20,76,14,4710,62105,2,67,0.0000,0.0000,0.0000,50.0000,10.5100
1,5,0,5,11,8,189,10,4710,6791,1,67,0.0000,0.0000,0.0000,50.0000,10.5100
1,5,1,3,11,11,189,10,4710,6791,1,67,0.0000,0.0000,0.0000,50.0000,10.5100
1,5,0,4,5,10,160,3,4710,75506,7,67,0.0000,0.0000,0.0000,50.0000,10.5100
1,5,1,3,7,11,181,3,4710,75506,4,67,0.0000,0.0000,0.0000,50.0000,10.5100
1,5,1,2,4,20,162,11,4710,23463,11,67,0.0000,0.0000,0.0000,50.0000,10.5100
1,5,0,3,10,11,180,7,4710,73508,2,67,0.0000,0.0000,0.0000,50.0000,10.5100
1,5,0,4,4,10,172,1,4710,20315,18,67,0.0000,0.0000,0.0000,50.0000,10.5100
1,5,0,4,7,10,181,1,4710,20315,2,67,0.0000,0.0000,0.0000,50.0000,10.5100
1,5,0,4,5,10,181,1,4710,20315,1,67,0.0000,0.0000,0.0000,50.0000,10.5100
1,5,0,2,3,20,157,1,4710,20315,10,67,0.0000,0.0000,0.0000,50.0000,10.5100
1,5,0,4,4,10,181,1,4710,20315,2,67,0.0000,0.0000,0.0000,50.0000,10.5100
1,5,0,2,4,20,181,1,4710,20315,2,67,0.0000,0.0000,0.0000,50.0000,10.5100
1,5,0,4,11,10,157,1,4710,20315,13,67,0.0000,0.0000,0.0000,50.0000,10.5100
1,5,0,4,11,10,157,1,4710,20315,7,67,0.0000,0.0000,0.0000,50.0000,10.5100
1,5,0,3,7,11,157,1,4710,20315,12,67,0.0000,0.0000,0.0000,50.0000,10.5100
1,5,0,5,11,8,181,1,4710,20315,6,67,0.0000,0.0000,0.0000,50.0000,10.5100
1,5,0,3,10,11,157,1,4710,20315,7,67,0.0000,0.0000,0.0000,50.0000,10.5100
1,5,0,4,4,10,149,1,4710,20315,11,67,0.0000,0.0000,0.0000,50.0000,10.5100
1,5,0,2,4,20,149,1,4710,20315,13,67,0.0000,0.0000,0.0000,50.0000,10.5100
1,5,1,3,4,11,119,1,4710,20315,12,67,0.0000,0.0000,0.0000,50.0000,10.5100
1,5,0,2,3,20,119,1,4710,20315,11,67,0.0000,0.0000,0.0000,50.0000,10.5100
1,5,0,2,1,20,149,1,4710,20315,3,67,0.0000,0.0000,0.0000,50.0000,10.5100
1,5,0,1,10,7,142,17,4710,46218,25,67,0.0000,0.0000,0.0000,50.0000,10.5100
1,5,0,1,8,7,173,17,4710,46218,6,67,0.0000,0.0000,0.0000,50.0000,10.5100
1,5,0,3,7,11,173,17,4710,46218,5,67,0.0000,0.0000,0.0000,50.0000,10.5100
1,5,0,7,7,10,154,17,4710,46218,21,67,0.0000,0.0000,0.0000,50.0000,10.5100
1,5,0,3,3,11,142,17,4710,46218,18,67,0.0000,0.0000,0.0000,50.0000,10.5100
1,5,0,2,3,20,173,17,4710,46218,6,67,0.0000,0.0000,0.0000,50.0000,10.5100
1,5,0,1,4,7,173,17,4710,46218,5,67,0.0000,0.0000,0.0000,50.0000,10.5100
1,5,0,2,4,20,182,16,4710,15023,1,67,0.0000,0.0000,0.0000,50.0000,10.5100
1,5,0,1,5,7,172,3,4710,75506,9,67,0.0000,0.0000,0.0000,50.0000,10.5100
1,5,0,9,9,13,226,7,4710,73508,21,67,0.0000,0.0000,0.0000,50.0000,10.5100
1,5,0,8,6,14,180,7,4710,73508,1,67,0.0000,0.0000,0.0000,50.0000,10.5100
1,5,0,10,6,6,180,7,4710,73508,1,67,0.0000,0.0000,0.0000,50.0000,10.5100
1,5,0,8,8,14,180,7,4710,73508,6,67,0.0000,0.0000,0.0000,50.0000,10.5100
1,5,0,18,9,2,180,7,4710,73508,3,67,0.0000,0.0000,0.0000,50.0000,10.5100
1,5,0,9,4,13,173,17,4710,46218,5,67,0.0000,0.0000,0.0000,50.0000,10.5100
1,5,0,5,3,8,120,17,4710,46218,18,67,0.0000,0.0000,0.0000,50.0000,10.5100
1,5,0,19,10,2,124,17,4710,46218,21,67,0.0000,0.0000,0.0000,50.0000,10.5100
1,5,0,4,3,10,143,15,4710,107363,15,67,0.0000,0.0000,0.0000,50.0000,10.5100
1,5,0,7,3,10,143,15,4710,107363,16,67,0.0000,0.0000,0.0000,50.0000,10.5100
1,5,0,5,7,8,143,15,4710,107363,14,67,0.0000,0.0000,0.0000,50.0000,10.5100
1,5,0,7,7,10,157,1,4710,20315,11,67,0.0000,0.0000,0.0000,50.0000,10.5100
1,5,0,7,4,10,181,1,4710,20315,6,67,0.0000,0.0000,0.0000,50.0000,10.5100
1,5,0,8,4,14,181,1,4710,20315,2,67,0.0000,0.0000,0.0000,50.0000,10.5100
1,5,0,8,4,14,160,1,4710,20315,14,67,0.0000,0.0000,0.0000,50.0000,10.5100
1,5,0,7,3,10,157,1,4710,20315,13,67,0.0000,0.0000,0.0000,50.0000,10.5100
1,5,0,5,1,8,181,1,4710,20315,7,67,0.0000,0.0000,0.0000,50.0000,10.5100
1,5,0,7,3,10,146,1,4710,20315,7,67,0.0000,0.0000,0.0000,50.0000,10.5100
1,5,0,8,7,14,146,1,4710,20315,8,67,0.0000,0.0000,0.0000,50.0000,10.5100
1,5,1,9,3,13,129,1,4710,20315,11,67,0.0000,0.0000,0.0000,50.0000,10.5100
1,5,0,6,11,9,157,1,4710,20315,12,67,0.0000,0.0000,0.0000,50.0000,10.5100
1,5,0,5,11,8,157,1,4710,20315,12,67,0.0000,0.0000,0.0000,50.0000,10.5100
1,5,1,5,10,8,157,1,4710,20315,11,67,0.0000,0.0000,0.0000,50.0000,10.5100
1,5,0,2,11,20,181,1,4710,20315,3,67,0.0000,0.0000,0.0000,50.0000,10.5100
1,5,0,3,6,11,76,14,4710,62105,1,67,0.0000,0.0000,0.0000,50.0000,10.5100
1,5,0,6,3,9,76,14,4710,62105,4,67,0.0000,0.0000,0.0000,50.0000,10.5100
1,5,0,4,7,10,76,14,4710,62105,4,67,0.0000,0.0000,0.0000,50.0000,10.5100
1,5,0,6,5,9,76,14,4710,62105,3,67,0.0000,0.0000,0.0000,50.0000,10.5100
1,5,0,10,7,6,160,3,4710,75506,19,67,0.0000,0.0000,0.0000,50.0000,10.5100
1,5,0,8,7,14,181,3,4710,75506,3,67,0.0000,0.0000,0.0000,50.0000,10.5100
1,5,0,6,5,9,128,3,4710,75506,19,67,0.0000,0.0000,0.0000,50.0000,10.5100
1,5,0,9,7,13,160,3,4710,75506,6,67,0.0000,0.0000,0.0000,50.0000,10.5100
1,5,0,9,3,13,154,17,4710,46218,17,67,0.0000,0.0000,0.0000,50.0000,10.5100
1,5,0,8,8,14,124,17,4710,46218,21,67,0.0000,0.0000,0.0000,50.0000,10.5100
1,5,0,12,3,10,142,17,4710,46218,18,67,0.0000,0.0000,0.0000,50.0000,10.5100
1,5,0,12,4,10,142,17,4710,46218,22,67,0.0000,0.0000,0.0000,50.0000,10.5100
1,5,0,6,3,9,160,7,4710,73508,19,67,0.0000,0.0000,0.0000,50.0000,10.5100
1,5,0,9,3,13,132,7,4710,73508,18,67,0.0000,0.0000,0.0000,50.0000,10.5100
1,5,0,7,4,10,76,14,4710,62105,1,67,0.0000,0.0000,0.0000,50.0000,10.5100
1,5,0,8,2,14,76,14,4710,62105,2,67,0.0000,0.0000,0.0000,50.0000,10.5100
1,5,0,7,3,10,76,14,4710,62105,2,67,0.0000,0.0000,0.0000,50.0000,10.5100
1,5,0,10,4,6,146,1,4710,20315,7,67,0.0000,0.0000,0.0000,50.0000,10.5100
1,5,0,6,4,9,76,14,4710,62105,5,67,0.0000,0.0000,0.0000,50.0000,10.5100
1,5,0,8,3,14,76,14,4710,62105,3,67,0.0000,0.0000,0.0000,50.0000,10.5100
1,5,0,8,4,14,132,7,4710,73508,18,67,0.0000,0.0000,0.0000,50.0000,10.5100
1,5,0,9,7,13,175,15,4710,107363,2,67,0.0000,0.0000,0.0000,50.0000,10.5100
1,5,0,9,4,13,175,15,4710,107363,1,67,0.0000,0.0000,0.0000,50.0000,10.5100
1,5,0,8,4,14,175,15,4710,107363,5,67,0.0000,0.0000,0.0000,50.0000,10.5100
1,5,0,8,3,14,143,15,4710,107363,13,67,0.0000,0.0000,0.0000,50.0000,10.5100
1,5,0,6,4,9,143,15,4710,107363,18,67,0.0000,0.0000,0.0000,50.0000,10.5100
1,5,0,6,5,9,175,15,4710,107363,4,67,0.0000,0.0000,0.0000,50.0000,10.5100
1,5,0,7,4,10,175,15,4710,107363,4,67,0.0000,0.0000,0.0000,50.0000,10.5100
1,5,0,8,2,14,143,15,4710,107363,15,67,0.0000,0.0000,0.0000,50.0000,10.5100
1,5,0,6,3,9,143,15,4710,107363,15,67,0.0000,0.0000,0.0000,50.0000,10.5100
1,5,0,10,1,6,119,1,4710,20315,12,67,0.0000,0.0000,0.0000,50.0000,10.5100
1,5,0,11,4,7,149,1,4710,20315,11,67,0.0000,0.0000,0.0000,50.0000,10.5100
1,5,0,12,11,10,157,1,4710,20315,9,67,0.0000,0.0000,0.0000,50.0000,10.5100
1,5,0,13,1,9,157,1,4710,20315,12,67,0.0000,0.0000,0.0000,50.0000,10.5100
1,5,0,11,5,7,160,3,4710,75506,18,67,0.0000,0.0000,0.0000,50.0000,10.5100
1,5,0,17,10,4,157,1,4710,20315,12,67,0.0000,0.0000,0.0000,50.0000,10.5100
1,5,0,17,4,4,157,1,4710,20315,12,67,0.0000,0.0000,0.0000,50.0000,10.5100
1,5,0,10,4,6,172,1,4710,20315,18,67,0.0000,0.0000,0.0000,50.0000,10.5100
1,5,0,14,4,10,181,1,4710,20315,2,67,0.0000,0.0000,0.0000,50.0000,10.5100
1,5,0,9,3,13,181,1,4710,20315,5,67,0.0000,0.0000,0.0000,50.0000,10.5100
1,5,1,11,3,7,181,1,4710,20315,3,67,0.0000,0.0000,0.0000,50.0000,10.5100
1,5,0,16,7,3,181,1,4710,20315,3,67,0.0000,0.0000,0.0000,50.0000,10.5100
1,5,0,19,10,2,187,3,4710,75506,4,67,0.0000,0.0000,0.0000,50.0000,10.5100
1,5,0,15,4,4,180,9,4710,9496,6,67,0.0000,0.0000,0.0000,50.0000,10.5100
1,5,0,9,4,13,143,15,4710,107363,20,67,0.0000,0.0000,0.0000,50.0000,10.5100
1,5,0,7,4,10,143,15,4710,107363,19,67,0.0000,0.0000,0.0000,50.0000,10.5100
1,5,0,11,4,7,175,15,4710,107363,5,67,0.0000,0.0000,0.0000,50.0000,10.5100
1,5,0,9,4,13,143,15,4710,107363,19,67,0.0000,0.0000,0.0000,50.0000,10.5100
1,5,0,8,6,14,143,15,4710,107363,19,67,0.0000,0.0000,0.0000,50.0000,10.5100
1,5,0,9,3,13,143,15,4710,107363,16,67,0.0000,0.0000,0.0000,50.0000,10.5100
1,5,0,11,3,7,143,15,4710,107363,8,67,0.0000,0.0000,0.0000,50.0000,10.5100
1,5,0,9,5,13,143,15,4710,107363,12,67,0.0000,0.0000,0.0000,50.0000,10.5100
1,5,0,14,4,10,149,1,4710,20315,3,67,0.0000,0.0000,0.0000,50.0000,10.5100
1,5,0,12,4,10,119,1,4710,20315,13,67,0.0000,0.0000,0.0000,50.0000,10.5100
1,5,1,14,3,10,146,1,4710,20315,7,67,0.0000,0.0000,0.0000,50.0000,10.5100
1,5,0,12,2,10,76,14,4710,62105,3,67,0.0000,0.0000,0.0000,50.0000,10.5100
1,5,0,13,4,9,76,14,4710,62105,2,67,0.0000,0.0000,0.0000,50.0000,10.5100
1,5,0,12,3,10,76,14,4710,62105,1,67,0.0000,0.0000,0.0000,50.0000,10.5100
1,5,0,13,3,9,76,14,4710,62105,3,67,0.0000,0.0000,0.0000,50.0000,10.5100
1,5,0,15,5,4,181,1,4710,20315,2,67,0.0000,0.0000,0.0000,50.0000,10.5100
1,5,0,12,3,10,185,1,4710,20315,1,67,0.0000,0.0000,0.0000,50.0000,10.5100
1,5,0,14,4,10,181,1,4710,20315,3,67,0.0000,0.0000,0.0000,50.0000,10.5100
1,5,0,15,3,4,160,1,4710,20315,14,67,0.0000,0.0000,0.0000,50.0000,10.5100
1,5,1,14,3,10,120,17,4710,46218,21,67,0.0000,0.0000,0.0000,50.0000,10.5100
1,5,0,13,4,9,110,7,4710,73508,19,67,0.0000,0.0000,0.0000,50.0000,10.5100
1,5,0,14,3,10,160,7,4710,73508,18,67,0.0000,0.0000,0.0000,50.0000,10.5100
1,5,0,13,3,9,160,7,4710,73508,18,67,0.0000,0.0000,0.0000,50.0000,10.5100
1,5,0,13,5,9,76,14,4710,62105,1,67,0.0000,0.0000,0.0000,50.0000,10.5100
1,5,0,13,1,9,76,14,4710,62105,3,67,0.0000,0.0000,0.0000,50.0000,10.5100
1,5,0,12,3,10,70,14,4710,62105,1,67,0.0000,0.0000,0.0000,50.0000,10.5100
1,5,0,11,4,7,143,15,4710,107363,16,67,0.0000,0.0000,0.0000,50.0000,10.5100
1,5,0,10,8,6,143,15,4710,107363,17,67,0.0000,0.0000,0.0000,50.0000,10.5100
1,5,0,12,3,10,143,15,4710,107363,13,67,0.0000,0.0000,0.0000,50.0000,10.5100
1,5,0,12,2,10,143,15,4710,107363,17,67,0.0000,0.0000,0.0000,50.0000,10.5100
1,5,0,14,2,10,143,15,4710,107363,12,67,0.0000,0.0000,0.0000,50.0000,10.5100
1,5,0,14,3,10,143,15,4710,107363,14,67,0.0000,0.0000,0.0000,50.0000,10.5100
1,5,0,13,3,9,143,15,4710,107363,15,67,0.0000,0.0000,0.0000,50.0000,10.5100
1,5,0,11,4,7,178,16,4710,15023,5,67,0.0000,0.0000,0.0000,50.0000,10.5100
1,5,0,14,5,10,160,3,4710,75506,6,67,0.0000,0.0000,0.0000,50.0000,10.5100
1,5,0,13,4,9,146,1,4710,20315,8,67,0.0000,0.0000,0.0000,50.0000,10.5100
1,5,0,17,3,4,146,1,4710,20315,7,67,0.0000,0.0000,0.0000,50.0000,10.5100
1,5,0,17,10,4,162,11,4710,23463,13,67,0.0000,0.0000,0.0000,50.0000,10.5100
1,5,0,14,4,10,175,15,4710,107363,1,67,0.0000,0.0000,0.0000,50.0000,10.5100
1,5,0,18,2,2,76,14,4710,62105,3,67,0.0000,0.0000,0.0000,50.0000,10.5100
1,5,0,16,2,3,143,15,4710,107363,16,67,0.0000,0.0000,0.0000,50.0000,10.5100
1,5,0,15,3,4,143,15,4710,107363,10,67,0.0000,0.0000,0.0000,50.0000,10.5100
1,5,0,16,3,3,143,15,4710,107363,20,67,0.0000,0.0000,0.0000,50.0000,10.5100
1,5,0,7,11,6,226,7,3928,73508,22,28,0.0000,0.0000,0.0000,65.0000,6.7100
1,5,0,4,11,10,193,7,3928,73508,14,28,0.0000,0.0000,0.0000,65.0000,6.7100
1,5,1,3,1,9,123,10,3928,6791,18,28,0.0000,0.0000,0.0000,65.0000,6.7100
1,5,0,3,1,9,123,10,3928,6791,19,28,0.0000,0.0000,0.0000,65.0000,6.7100
1,5,0,3,1,9,123,10,3928,6791,18,28,0.0000,0.0000,0.0000,65.0000,6.7100
1,5,0,2,1,4,123,10,3928,6791,15,28,0.0000,0.0000,0.0000,65.0000,6.7100
1,5,0,2,1,4,123,10,3928,6791,21,28,0.0000,0.0000,0.0000,65.0000,6.7100
1,5,0,2,1,4,123,10,3928,6791,18,28,0.0000,0.0000,0.0000,65.0000,6.7100
1,5,0,5,1,5,123,10,3928,6791,18,28,0.0000,0.0000,0.0000,65.0000,6.7100
1,5,0,3,1,9,123,10,3928,6791,16,28,0.0000,0.0000,0.0000,65.0000,6.7100
1,5,0,4,1,10,123,10,3928,6791,18,28,0.0000,0.0000,0.0000,65.0000,6.7100
1,5,0,4,1,10,123,10,3928,6791,14,28,0.0000,0.0000,0.0000,65.0000,6.7100
1,5,0,5,1,5,123,10,3928,6791,18,28,0.0000,0.0000,0.0000,65.0000,6.7100
1,5,0,4,1,10,123,10,3928,6791,18,28,0.0000,0.0000,0.0000,65.0000,6.7100
1,5,0,10,10,16,129,10,3928,6791,11,28,0.0000,0.0000,0.0000,65.0000,6.7100
1,5,0,1,1,4,123,10,3928,6791,15,28,0.0000,0.0000,0.0000,65.0000,6.7100
1,5,0,2,1,4,123,10,3928,6791,21,28,0.0000,0.0000,0.0000,65.0000,6.7100
1,5,0,1,1,4,123,10,3928,6791,18,28,0.0000,0.0000,0.0000,65.0000,6.7100
1,5,0,1,1,4,123,10,3928,6791,15,28,0.0000,0.0000,0.0000,65.0000,6.7100
1,5,0,1,1,4,123,10,3928,6791,18,28,0.0000,0.0000,0.0000,65.0000,6.7100
1,5,0,8,10,8,294,10,3928,6791,6,28,0.0000,0.0000,0.0000,65.0000,6.7100
1,5,1,10,10,16,294,10,3928,6791,6,28,0.0000,0.0000,0.0000,65.0000,6.7100
1,5,0,10,11,16,294,10,3928,6791,6,28,0.0000,0.0000,0.0000,65.0000,6.7100
1,5,1,4,11,10,294,10,3928,6791,7,28,0.0000,0.0000,0.0000,65.0000,6.7100
1,5,0,4,11,10,181,3,3928,75506,5,28,0.0000,0.0000,0.0000,65.0000,6.7100
1,5,0,3,10,9,291,17,3928,46218,24,28,0.0000,0.0000,0.0000,65.0000,6.7100
1,5,0,3,11,9,216,17,3928,46218,15,28,0.0000,0.0000,0.0000,65.0000,6.7100
1,5,0,10,10,16,291,17,3928,46218,24,28,0.0000,0.0000,0.0000,65.0000,6.7100
1,5,0,17,11,7,293,7,3928,73508,4,28,0.0000,0.0000,0.0000,65.0000,6.7100
1,5,0,13,11,9,293,7,3928,73508,14,28,0.0000,0.0000,0.0000,65.0000,6.7100
1,5,1,16,11,3,291,17,3928,46218,19,28,0.0000,0.0000,0.0000,65.0000,6.7100
1,5,0,11,11,8,291,17,3928,46218,23,28,0.0000,0.0000,0.0000,65.0000,6.7100
1,5,1,9,11,9,216,17,3928,46218,18,28,0.0000,0.0000,0.0000,65.0000,6.7100
1,5,0,12,11,7,235,17,3928,46218,18,28,0.0000,0.0000,0.0000,65.0000,6.7100
1,5,0,17,11,7,291,17,3928,46218,23,28,0.0000,0.0000,0.0000,65.0000,6.7100
1,5,0,10,10,16,181,1,3928,20315,5,28,0.0000,0.0000,0.0000,65.0000,6.7100
1,5,0,8,11,8,157,1,3928,20315,12,28,0.0000,0.0000,0.0000,65.0000,6.7100
1,5,0,8,11,8,181,1,3928,20315,5,28,0.0000,0.0000,0.0000,65.0000,6.7100
1,5,0,10,11,16,199,7,3928,73508,23,28,0.0000,0.0000,0.0000,65.0000,6.7100
1,5,0,12,11,7,294,10,3928,6791,5,28,0.0000,0.0000,0.0000,65.0000,6.7100
1,5,1,10,10,16,189,10,3928,6791,1,28,0.0000,0.0000,0.0000,65.0000,6.7100
1,5,0,9,11,9,189,10,3928,6791,1,28,0.0000,0.0000,0.0000,65.0000,6.7100
1,5,0,9,11,9,294,10,3928,6791,7,28,0.0000,0.0000,0.0000,65.0000,6.7100
1,5,0,12,11,7,294,10,3928,6791,7,28,0.0000,0.0000,0.0000,65.0000,6.7100
1,5,0,4,11,10,294,10,3928,6791,5,28,0.0000,0.0000,0.0000,65.0000,6.7100
1,5,0,18,11,5,294,10,3928,6791,3,28,0.0000,0.0000,0.0000,65.0000,6.7100
1,5,0,10,11,16,189,10,3928,6791,1,28,0.0000,0.0000,0.0000,65.0000,6.7100
1,5,1,10,11,16,294,10,3928,6791,9,28,0.0000,0.0000,0.0000,65.0000,6.7100
1,5,0,11,11,8,294,10,3928,6791,7,28,0.0000,0.0000,0.0000,65.0000,6.7100
1,5,0,10,11,16,181,3,3928,75506,5,28,0.0000,0.0000,0.0000,65.0000,6.7100
1,5,0,14,11,5,273,3,3928,75506,17,28,0.0000,0.0000,0.0000,65.0000,6.7100
1,5,0,17,11,7,273,3,3928,75506,20,28,0.0000,0.0000,0.0000,65.0000,6.7100
1,5,0,18,11,5,129,17,3928,46218,11,28,0.0000,0.0000,0.0000,65.0000,6.7100
1,5,0,18,10,5,291,17,3928,46218,19,28,0.0000,0.0000,0.0000,65.0000,6.7100
1,5,0,13,11,9,291,17,3928,46218,23,28,0.0000,0.0000,0.0000,65.0000,6.7100
1,5,0,3,1,9,123,10,3928,6791,15,28,0.0000,0.0000,0.0000,65.0000,6.7100
1,5,0,4,1,10,123,10,3928,6791,18,28,0.0000,0.0000,0.0000,65.0000,6.7100
1,5,0,4,1,10,123,10,3928,6791,15,28,0.0000,0.0000,0.0000,65.0000,6.7100
1,5,0,4,1,10,123,10,3928,6791,21,28,0.0000,0.0000,0.0000,65.0000,6.7100
1,5,0,3,1,9,123,10,3928,6791,18,28,0.0000,0.0000,0.0000,65.0000,6.7100
1,5,0,3,1,9,123,10,3928,6791,15,28,0.0000,0.0000,0.0000,65.0000,6.7100
1,5,0,7,1,6,123,10,3928,6791,18,28,0.0000,0.0000,0.0000,65.0000,6.7100
1,5,0,7,1,6,123,10,3928,6791,14,28,0.0000,0.0000,0.0000,65.0000,6.7100
1,5,0,5,1,5,123,10,3928,6791,21,28,0.0000,0.0000,0.0000,65.0000,6.7100
1,5,0,5,1,5,123,10,3928,6791,18,28,0.0000,0.0000,0.0000,65.0000,6.7100
1,5,0,7,1,6,123,10,3928,6791,18,28,0.0000,0.0000,0.0000,65.0000,6.7100
1,5,0,7,1,6,123,10,3928,6791,18,28,0.0000,0.0000,0.0000,65.0000,6.7100
1,5,0,5,1,5,123,10,3928,6791,19,28,0.0000,0.0000,0.0000,65.0000,6.7100
1,5,0,13,11,9,293,7,3928,73508,3,28,0.0000,0.0000,0.0000,65.0000,6.7100
1,5,0,18,11,5,291,3,3928,75506,19,28,0.0000,0.0000,0.0000,65.0000,6.7100
1,5,0,11,11,8,181,1,3928,20315,5,28,0.0000,0.0000,0.0000,65.0000,6.7100
1,5,0,13,10,9,157,1,3928,20315,11,28,0.0000,0.0000,0.0000,65.0000,6.7100
1,5,1,10,11,16,157,1,3928,20315,12,28,0.0000,0.0000,0.0000,65.0000,6.7100
1,5,0,19,11,5,157,1,3928,20315,11,28,0.0000,0.0000,0.0000,65.0000,6.7100
1,5,0,19,11,5,294,10,3928,6791,7,28,0.0000,0.0000,0.0000,65.0000,6.7100
1,5,0,19,11,5,234,7,3928,73508,16,28,0.0000,0.0000,0.0000,65.0000,6.7100
1,5,0,9,1,9,123,10,3928,6791,18,28,0.0000,0.0000,0.0000,65.0000,6.7100
1,5,0,19,11,5,199,7,3928,73508,23,28,0.0000,0.0000,0.0000,65.0000,6.7100
1,5,0,7,1,6,123,10,3928,6791,16,28,0.0000,0.0000,0.0000,65.0000,6.7100
1,5,0,8,1,8,123,10,3928,6791,18,28,0.0000,0.0000,0.0000,65.0000,6.7100
1,5,0,17,11,7,157,1,3928,20315,11,28,0.0000,0.0000,0.0000,65.0000,6.7100
1,5,0,17,11,7,234,7,3928,73508,16,28,0.0000,0.0000,0.0000,65.0000,6.7100
1,5,0,8,1,8,123,10,3928,6791,18,28,0.0000,0.0000,0.0000,65.0000,6.7100
1,5,0,8,1,8,123,10,3928,6791,15,28,0.0000,0.0000,0.0000,65.0000,6.7100
1,5,0,6,1,4,123,10,3928,6791,18,28,0.0000,0.0000,0.0000,65.0000,6.7100
1,5,0,6,1,4,123,10,3928,6791,15,28,0.0000,0.0000,0.0000,65.0000,6.7100
1,5,0,6,1,4,123,10,3928,6791,15,28,0.0000,0.0000,0.0000,65.0000,6.7100
1,5,0,6,1,4,123,10,3928,6791,21,28,0.0000,0.0000,0.0000,65.0000,6.7100
1,5,0,19,11,5,181,3,3928,75506,4,28,0.0000,0.0000,0.0000,65.0000,6.7100
1,5,0,9,1,9,123,10,3928,6791,19,28,0.0000,0.0000,0.0000,65.0000,6.7100
1,5,0,10,1,16,123,10,3928,6791,18,28,0.0000,0.0000,0.0000,65.0000,6.7100
1,5,0,10,1,16,123,10,3928,6791,18,28,0.0000,0.0000,0.0000,65.0000,6.7100
1,5,1,9,1,9,123,10,3928,6791,18,28,0.0000,0.0000,0.0000,65.0000,6.7100
1,5,0,8,1,8,123,10,3928,6791,18,28,0.0000,0.0000,0.0000,65.0000,6.7100
1,5,0,10,1,16,123,10,3928,6791,16,28,0.0000,0.0000,0.0000,65.0000,6.7100
1,5,0,9,1,9,123,10,3928,6791,21,28,0.0000,0.0000,0.0000,65.0000,6.7100
1,5,0,9,1,9,123,10,3928,6791,18,28,0.0000,0.0000,0.0000,65.0000,6.7100
1,5,0,8,1,8,123,10,3928,6791,15,28,0.0000,0.0000,0.0000,65.0000,6.7100
1,5,0,10,1,16,123,10,3928,6791,21,28,0.0000,0.0000,0.0000,65.0000,6.7100
1,5,0,9,1,9,123,10,3928,6791,15,28,0.0000,0.0000,0.0000,65.0000,6.7100
1,5,0,12,1,7,123,10,3928,6791,18,28,0.0000,0.0000,0.0000,65.0000,6.7100
1,5,0,15,1,4,123,10,3928,6791,18,28,0.0000,0.0000,0.0000,65.0000,6.7100
1,5,0,12,1,7,123,10,3928,6791,18,28,0.0000,0.0000,0.0000,65.0000,6.7100
1,5,1,11,1,8,123,10,3928,6791,18,28,0.0000,0.0000,0.0000,65.0000,6.7100
1,5,0,13,1,9,123,10,3928,6791,14,28,0.0000,0.0000,0.0000,65.0000,6.7100
1,5,0,13,1,9,123,10,3928,6791,18,28,0.0000,0.0000,0.0000,65.0000,6.7100
1,5,0,11,1,8,123,10,3928,6791,19,28,0.0000,0.0000,0.0000,65.0000,6.7100
1,5,0,10,1,16,123,10,3928,6791,15,28,0.0000,0.0000,0.0000,65.0000,6.7100
1,5,0,11,1,8,123,10,3928,6791,18,28,0.0000,0.0000,0.0000,65.0000,6.7100
1,5,0,11,1,8,123,10,3928,6791,18,28,0.0000,0.0000,0.0000,65.0000,6.7100
1,5,0,13,1,9,123,10,3928,6791,16,28,0.0000,0.0000,0.0000,65.0000,6.7100
1,5,0,12,1,7,123,10,3928,6791,21,28,0.0000,0.0000,0.0000,65.0000,6.7100
1,5,0,13,1,9,123,10,3928,6791,19,28,0.0000,0.0000,0.0000,65.0000,6.7100
1,5,0,17,1,7,123,10,3928,6791,14,28,0.0000,0.0000,0.0000,65.0000,6.7100
1,5,0,14,1,5,123,10,3928,6791,18,28,0.0000,0.0000,0.0000,65.0000,6.7100
1,5,0,18,1,5,123,10,3928,6791,18,28,0.0000,0.0000,0.0000,65.0000,6.7100
1,5,0,11,1,8,123,10,3928,6791,15,28,0.0000,0.0000,0.0000,65.0000,6.7100
1,5,0,14,1,5,123,10,3928,6791,18,28,0.0000,0.0000,0.0000,65.0000,6.7100
1,5,0,12,1,7,123,10,3928,6791,15,28,0.0000,0.0000,0.0000,65.0000,6.7100
1,5,0,15,1,4,123,10,3928,6791,18,28,0.0000,0.0000,0.0000,65.0000,6.7100
1,5,0,14,1,5,123,10,3928,6791,21,28,0.0000,0.0000,0.0000,65.0000,6.7100
1,5,0,16,1,3,123,10,3928,6791,16,28,0.0000,0.0000,0.0000,65.0000,6.7100
1,5,0,13,1,9,123,10,3928,6791,21,28,0.0000,0.0000,0.0000,65.0000,6.7100
1,5,0,14,1,5,123,10,3928,6791,15,28,0.0000,0.0000,0.0000,65.0000,6.7100
1,5,0,15,1,4,123,10,3928,6791,18,28,0.0000,0.0000,0.0000,65.0000,6.7100
1,5,0,16,1,3,123,10,3928,6791,18,28,0.0000,0.0000,0.0000,65.0000,6.7100
1,5,0,15,1,4,123,10,3928,6791,15,28,0.0000,0.0000,0.0000,65.0000,6.7100
1,5,1,17,1,7,123,10,3928,6791,15,28,0.0000,0.0000,0.0000,65.0000,6.7100
1,5,1,2,2,9,160,7,1528,73508,19,71,0.0000,0.0000,0.0000,48.0000,2.2400
1,5,0,3,1,3,175,15,1528,107363,2,71,0.0000,0.0000,0.0000,48.0000,2.2400
1,5,0,3,2,3,143,15,1528,107363,14,71,0.0000,0.0000,0.0000,48.0000,2.2400
1,5,0,2,3,9,143,15,1528,107363,12,71,0.0000,0.0000,0.0000,48.0000,2.2400
1,5,0,3,2,3,143,15,1528,107363,16,71,0.0000,0.0000,0.0000,48.0000,2.2400
1,5,0,4,2,3,143,15,1528,107363,15,71,0.0000,0.0000,0.0000,48.0000,2.2400
1,5,0,2,2,9,143,15,1528,107363,21,71,0.0000,0.0000,0.0000,48.0000,2.2400
1,5,1,2,4,9,143,15,1528,107363,18,71,0.0000,0.0000,0.0000,48.0000,2.2400
1,5,0,2,2,9,76,14,1528,62105,2,71,0.0000,0.0000,0.0000,48.0000,2.2400
1,5,0,2,1,9,76,14,1528,62105,1,71,0.0000,0.0000,0.0000,48.0000,2.2400
1,5,0,2,6,9,172,3,1528,75506,9,71,0.0000,0.0000,0.0000,48.0000,2.2400
1,5,0,1,4,1,142,17,1528,46218,18,71,0.0000,0.0000,0.0000,48.0000,2.2400
1,5,1,2,1,9,173,17,1528,46218,11,71,0.0000,0.0000,0.0000,48.0000,2.2400
1,5,0,2,3,9,79,12,1528,17869,16,71,0.0000,0.0000,0.0000,48.0000,2.2400
1,5,0,19,10,1,150,11,1528,23463,19,71,0.0000,0.0000,0.0000,48.0000,2.2400
1,5,0,4,1,3,143,15,1528,107363,16,71,0.0000,0.0000,0.0000,48.0000,2.2400
1,5,0,5,2,2,76,14,1528,62105,1,71,0.0000,0.0000,0.0000,48.0000,2.2400
1,5,0,14,2,3,76,14,1528,62105,7,71,0.0000,0.0000,0.0000,48.0000,2.2400
1,5,0,6,2,3,66,14,1528,62105,17,71,0.0000,0.0000,0.0000,48.0000,2.2400
1,5,1,8,1,2,50,14,1528,62105,17,71,0.0000,0.0000,0.0000,48.0000,2.2400
1,5,0,4,1,3,76,14,1528,62105,5,71,0.0000,0.0000,0.0000,48.0000,2.2400
1,5,0,5,3,2,76,12,1528,17869,13,71,0.0000,0.0000,0.0000,48.0000,2.2400
1,5,0,9,4,4,173,17,1528,46218,11,71,0.0000,0.0000,0.0000,48.0000,2.2400
1,5,0,9,2,4,160,7,1528,73508,18,71,0.0000,0.0000,0.0000,48.0000,2.2400
1,5,1,6,1,3,50,14,1528,62105,17,71,0.0000,0.0000,0.0000,48.0000,2.2400
1,5,0,6,2,3,143,15,1528,107363,19,71,0.0000,0.0000,0.0000,48.0000,2.2400
1,5,0,7,2,3,143,15,1528,107363,8,71,0.0000,0.0000,0.0000,48.0000,2.2400
1,5,0,7,2,3,143,15,1528,107363,18,71,0.0000,0.0000,0.0000,48.0000,2.2400
1,5,0,7,2,3,175,15,1528,107363,2,71,0.0000,0.0000,0.0000,48.0000,2.2400
1,5,0,8,3,2,150,3,1528,75506,21,71,0.0000,0.0000,0.0000,48.0000,2.2400
1,5,1,10,6,4,172,3,1528,75506,10,71,0.0000,0.0000,0.0000,48.0000,2.2400
1,5,0,10,2,4,143,15,1528,107363,13,71,0.0000,0.0000,0.0000,48.0000,2.2400
1,5,1,9,2,4,143,15,1528,107363,14,71,0.0000,0.0000,0.0000,48.0000,2.2400
1,5,0,10,3,4,143,15,1528,107363,12,71,0.0000,0.0000,0.0000,48.0000,2.2400
1,5,1,12,4,3,76,14,1528,62105,2,71,0.0000,0.0000,0.0000,48.0000,2.2400
1,5,0,10,2,4,50,14,1528,62105,15,71,0.0000,0.0000,0.0000,48.0000,2.2400
1,5,1,12,3,3,79,12,1528,17869,16,71,0.0000,0.0000,0.0000,48.0000,2.2400
1,5,0,13,2,4,66,14,1528,62105,8,71,0.0000,0.0000,0.0000,48.0000,2.2400
1,5,0,12,2,3,66,14,1528,62105,15,71,0.0000,0.0000,0.0000,48.0000,2.2400
1,5,0,9,2,4,150,11,1528,23463,12,71,0.0000,0.0000,0.0000,48.0000,2.2400
1,5,0,14,1,3,76,14,1528,62105,3,71,0.0000,0.0000,0.0000,48.0000,2.2400
1,5,1,13,1,4,50,14,1528,62105,17,71,0.0000,0.0000,0.0000,48.0000,2.2400
1,5,0,11,2,1,143,15,1528,107363,17,71,0.0000,0.0000,0.0000,48.0000,2.2400
1,5,0,16,2,4,129,2,1528,6713,11,71,0.0000,0.0000,0.0000,48.0000,2.2400
1,5,0,16,2,4,50,14,1528,62105,15,71,0.0000,0.0000,0.0000,48.0000,2.2400
1,5,0,13,2,4,175,15,1528,107363,3,71,0.0000,0.0000,0.0000,48.0000,2.2400
1,5,0,13,1,4,143,15,1528,107363,14,71,0.0000,0.0000,0.0000,48.0000,2.2400
1,5,0,14,2,3,143,15,1528,107363,10,71,0.0000,0.0000,0.0000,48.0000,2.2400
1,5,1,16,1,4,143,15,1528,107363,15,71,0.0000,0.0000,0.0000,48.0000,2.2400
1,5,0,16,2,4,143,15,1528,107363,20,71,0.0000,0.0000,0.0000,48.0000,2.2400
1,5,0,15,2,1,175,15,1528,107363,2,71,0.0000,0.0000,0.0000,48.0000,2.2400
1,5,0,5,3,6,199,7,3710,73508,22,84,0.0000,0.0000,0.0000,75.0000,6.2600
1,5,0,3,6,7,180,7,3710,73508,1,84,0.0000,0.0000,0.0000,75.0000,6.2600
1,5,0,3,3,7,199,7,3710,73508,27,84,0.0000,0.0000,0.0000,75.0000,6.2600
1,5,0,2,5,11,143,15,3710,107363,15,84,0.0000,0.0000,0.0000,75.0000,6.2600
1,5,0,3,5,7,175,15,3710,107363,1,84,0.0000,0.0000,0.0000,75.0000,6.2600
1,5,0,2,4,11,143,15,3710,107363,13,84,0.0000,0.0000,0.0000,75.0000,6.2600
1,5,0,2,4,11,175,15,3710,107363,4,84,0.0000,0.0000,0.0000,75.0000,6.2600
1,5,0,2,3,11,143,15,3710,107363,10,84,0.0000,0.0000,0.0000,75.0000,6.2600
1,5,0,4,4,6,175,15,3710,107363,3,84,0.0000,0.0000,0.0000,75.0000,6.2600
1,5,0,2,1,11,76,13,3710,24623,5,84,0.0000,0.0000,0.0000,75.0000,6.2600
1,5,0,2,5,11,186,9,3710,9496,2,84,0.0000,0.0000,0.0000,75.0000,6.2600
1,5,0,4,3,6,186,9,3710,9496,1,84,0.0000,0.0000,0.0000,75.0000,6.2600
1,5,0,3,4,7,150,3,3710,75506,20,84,0.0000,0.0000,0.0000,75.0000,6.2600
1,5,0,4,3,6,187,3,3710,75506,4,84,0.0000,0.0000,0.0000,75.0000,6.2600
1,5,0,2,3,11,150,3,3710,75506,20,84,0.0000,0.0000,0.0000,75.0000,6.2600
1,5,1,1,5,1,150,11,3710,23463,16,84,0.0000,0.0000,0.0000,75.0000,6.2600
1,5,0,2,5,11,150,11,3710,23463,13,84,0.0000,0.0000,0.0000,75.0000,6.2600
1,5,0,4,5,6,160,3,3710,75506,3,84,0.0000,0.0000,0.0000,75.0000,6.2600
1,5,0,5,4,6,128,3,3710,75506,20,84,0.0000,0.0000,0.0000,75.0000,6.2600
1,5,0,4,5,6,191,7,3710,73508,2,84,0.0000,0.0000,0.0000,75.0000,6.2600
1,5,0,3,4,7,154,17,3710,46218,20,84,0.0000,0.0000,0.0000,75.0000,6.2600
1,5,0,5,5,6,142,17,3710,46218,17,84,0.0000,0.0000,0.0000,75.0000,6.2600
1,5,0,2,5,11,154,17,3710,46218,15,84,0.0000,0.0000,0.0000,75.0000,6.2600
1,5,0,3,5,7,182,16,3710,15023,2,84,0.0000,0.0000,0.0000,75.0000,6.2600
1,5,0,2,5,11,181,3,3710,75506,2,84,0.0000,0.0000,0.0000,75.0000,6.2600
1,5,1,4,5,6,76,8,3710,19857,12,84,0.0000,0.0000,0.0000,75.0000,6.2600
1,5,0,2,3,11,199,7,3710,73508,19,84,0.0000,0.0000,0.0000,75.0000,6.2600
1,5,0,7,5,11,191,7,3710,73508,2,84,0.0000,0.0000,0.0000,75.0000,6.2600
1,5,0,7,7,11,173,17,3710,46218,5,84,0.0000,0.0000,0.0000,75.0000,6.2600
1,5,1,12,5,9,154,17,3710,46218,15,84,0.0000,0.0000,0.0000,75.0000,6.2600
1,5,0,10,5,8,173,17,3710,46218,5,84,0.0000,0.0000,0.0000,75.0000,6.2600
1,5,0,8,5,9,154,17,3710,46218,11,84,0.0000,0.0000,0.0000,75.0000,6.2600
1,5,0,8,5,9,162,11,3710,23463,14,84,0.0000,0.0000,0.0000,75.0000,6.2600
1,5,0,8,5,9,100,11,3710,23463,13,84,0.0000,0.0000,0.0000,75.0000,6.2600
1,5,0,12,5,9,129,11,3710,23463,11,84,0.0000,0.0000,0.0000,75.0000,6.2600
1,5,0,6,5,7,129,11,3710,23463,11,84,0.0000,0.0000,0.0000,75.0000,6.2600
1,5,0,6,4,7,143,15,3710,107363,15,84,0.0000,0.0000,0.0000,75.0000,6.2600
1,5,0,7,4,11,143,15,3710,107363,18,84,0.0000,0.0000,0.0000,75.0000,6.2600
1,5,0,5,5,6,143,15,3710,107363,13,84,0.0000,0.0000,0.0000,75.0000,6.2600
1,5,0,5,4,6,143,15,3710,107363,21,84,0.0000,0.0000,0.0000,75.0000,6.2600
1,5,0,7,5,11,175,15,3710,107363,2,84,0.0000,0.0000,0.0000,75.0000,6.2600
1,5,0,8,3,9,143,15,3710,107363,18,84,0.0000,0.0000,0.0000,75.0000,6.2600
1,5,0,7,5,11,181,3,3710,75506,2,84,0.0000,0.0000,0.0000,75.0000,6.2600
1,5,0,9,5,7,160,3,3710,75506,6,84,0.0000,0.0000,0.0000,75.0000,6.2600
1,5,0,6,4,7,228,16,3710,15023,1,84,0.0000,0.0000,0.0000,75.0000,6.2600
1,5,0,5,4,6,145,16,3710,15023,14,84,0.0000,0.0000,0.0000,75.0000,6.2600
1,5,0,7,5,11,178,16,3710,15023,6,84,0.0000,0.0000,0.0000,75.0000,6.2600
1,5,0,7,5,11,228,16,3710,15023,2,84,0.0000,0.0000,0.0000,75.0000,6.2600
1,5,0,6,4,7,182,16,3710,15023,1,84,0.0000,0.0000,0.0000,75.0000,6.2600
1,5,0,6,3,7,187,3,3710,75506,6,84,0.0000,0.0000,0.0000,75.0000,6.2600
1,5,0,13,3,5,199,7,3710,73508,24,84,0.0000,0.0000,0.0000,75.0000,6.2600
1,5,0,7,5,11,160,3,3710,75506,4,84,0.0000,0.0000,0.0000,75.0000,6.2600
1,5,0,8,5,9,178,16,3710,15023,8,84,0.0000,0.0000,0.0000,75.0000,6.2600
1,5,0,7,4,11,178,16,3710,15023,7,84,0.0000,0.0000,0.0000,75.0000,6.2600
1,5,0,7,6,11,230,9,3710,9496,2,84,0.0000,0.0000,0.0000,75.0000,6.2600
1,5,1,6,4,7,230,9,3710,9496,4,84,0.0000,0.0000,0.0000,75.0000,6.2600
1,5,0,3,7,7,186,9,3710,9496,2,84,0.0000,0.0000,0.0000,75.0000,6.2600
1,5,0,6,8,7,180,9,3710,9496,4,84,0.0000,0.0000,0.0000,75.0000,6.2600
1,5,1,12,5,9,154,17,3710,46218,13,84,0.0000,0.0000,0.0000,75.0000,6.2600
1,5,0,13,5,5,160,3,3710,75506,8,84,0.0000,0.0000,0.0000,75.0000,6.2600
1,5,0,10,4,8,142,17,3710,46218,24,84,0.0000,0.0000,0.0000,75.0000,6.2600
1,5,1,14,5,10,154,17,3710,46218,19,84,0.0000,0.0000,0.0000,75.0000,6.2600
1,5,0,11,6,9,234,7,3710,73508,16,84,0.0000,0.0000,0.0000,75.0000,6.2600
1,5,0,14,6,10,234,7,3710,73508,17,84,0.0000,0.0000,0.0000,75.0000,6.2600
1,5,0,9,6,7,199,7,3710,73508,24,84,0.0000,0.0000,0.0000,75.0000,6.2600
1,5,0,9,3,7,199,7,3710,73508,17,84,0.0000,0.0000,0.0000,75.0000,6.2600
1,5,1,8,5,9,76,8,3710,19857,5,84,0.0000,0.0000,0.0000,75.0000,6.2600
1,5,0,11,5,9,76,8,3710,19857,5,84,0.0000,0.0000,0.0000,75.0000,6.2600
1,5,0,10,5,8,150,11,3710,23463,8,84,0.0000,0.0000,0.0000,75.0000,6.2600
1,5,0,8,4,9,100,11,3710,23463,13,84,0.0000,0.0000,0.0000,75.0000,6.2600
1,5,0,10,4,8,158,7,3710,73508,20,84,0.0000,0.0000,0.0000,75.0000,6.2600
1,5,0,12,5,9,175,15,3710,107363,6,84,0.0000,0.0000,0.0000,75.0000,6.2600
1,5,0,8,4,9,143,15,3710,107363,20,84,0.0000,0.0000,0.0000,75.0000,6.2600
1,5,0,8,5,9,143,15,3710,107363,15,84,0.0000,0.0000,0.0000,75.0000,6.2600
1,5,0,11,5,9,143,15,3710,107363,15,84,0.0000,0.0000,0.0000,75.0000,6.2600
1,5,0,9,4,7,143,15,3710,107363,14,84,0.0000,0.0000,0.0000,75.0000,6.2600
1,5,0,14,4,10,175,15,3710,107363,5,84,0.0000,0.0000,0.0000,75.0000,6.2600
1,5,0,7,3,11,199,7,3710,73508,18,84,0.0000,0.0000,0.0000,75.0000,6.2600
1,5,1,10,4,8,128,3,3710,75506,20,84,0.0000,0.0000,0.0000,75.0000,6.2600
1,5,0,9,3,7,128,3,3710,75506,19,84,0.0000,0.0000,0.0000,75.0000,6.2600
1,5,0,11,4,9,76,12,3710,17869,2,84,0.0000,0.0000,0.0000,75.0000,6.2600
1,5,0,11,5,9,181,3,3710,75506,2,84,0.0000,0.0000,0.0000,75.0000,6.2600
1,5,0,9,6,7,182,16,3710,15023,1,84,0.0000,0.0000,0.0000,75.0000,6.2600
1,5,0,10,5,8,157,7,3710,73508,16,84,0.0000,0.0000,0.0000,75.0000,6.2600
1,5,0,12,5,9,180,7,3710,73508,2,84,0.0000,0.0000,0.0000,75.0000,6.2600
1,5,0,9,5,7,186,9,3710,9496,2,84,0.0000,0.0000,0.0000,75.0000,6.2600
1,5,0,13,5,5,178,16,3710,15023,7,84,0.0000,0.0000,0.0000,75.0000,6.2600
1,5,0,15,4,10,178,16,3710,15023,5,84,0.0000,0.0000,0.0000,75.0000,6.2600
1,5,0,12,4,9,145,16,3710,15023,14,84,0.0000,0.0000,0.0000,75.0000,6.2600
1,5,0,14,5,10,154,17,3710,46218,20,84,0.0000,0.0000,0.0000,75.0000,6.2600
1,5,0,14,5,10,199,7,3710,73508,18,84,0.0000,0.0000,0.0000,75.0000,6.2600
1,5,0,10,5,8,191,7,3710,73508,2,84,0.0000,0.0000,0.0000,75.0000,6.2600
1,5,0,15,5,10,132,7,3710,73508,16,84,0.0000,0.0000,0.0000,75.0000,6.2600
1,5,0,11,3,9,199,7,3710,73508,27,84,0.0000,0.0000,0.0000,75.0000,6.2600
1,5,0,14,4,10,128,3,3710,75506,21,84,0.0000,0.0000,0.0000,75.0000,6.2600
1,5,0,15,5,10,181,3,3710,75506,2,84,0.0000,0.0000,0.0000,75.0000,6.2600
1,5,0,12,5,9,182,16,3710,15023,1,84,0.0000,0.0000,0.0000,75.0000,6.2600
1,5,0,14,4,10,178,16,3710,15023,4,84,0.0000,0.0000,0.0000,75.0000,6.2600
1,5,1,14,5,10,186,9,3710,9496,2,84,0.0000,0.0000,0.0000,75.0000,6.2600
1,5,0,16,5,4,230,9,3710,9496,3,84,0.0000,0.0000,0.0000,75.0000,6.2600
1,5,0,17,5,2,230,9,3710,9496,2,84,0.0000,0.0000,0.0000,75.0000,6.2600
1,5,0,12,4,9,143,15,3710,107363,13,84,0.0000,0.0000,0.0000,75.0000,6.2600
1,5,0,13,4,5,143,15,3710,107363,16,84,0.0000,0.0000,0.0000,75.0000,6.2600
1,5,0,10,4,8,143,15,3710,107363,13,84,0.0000,0.0000,0.0000,75.0000,6.2600
1,5,0,14,5,10,175,15,3710,107363,1,84,0.0000,0.0000,0.0000,75.0000,6.2600
1,5,0,15,5,10,129,11,3710,23463,11,84,0.0000,0.0000,0.0000,75.0000,6.2600
1,5,0,15,5,10,129,11,3710,23463,11,84,0.0000,0.0000,0.0000,75.0000,6.2600
1,5,0,11,5,9,150,11,3710,23463,13,84,0.0000,0.0000,0.0000,75.0000,6.2600
1,5,0,16,5,4,150,11,3710,23463,19,84,0.0000,0.0000,0.0000,75.0000,6.2600
1,5,0,15,3,10,160,3,3710,75506,5,84,0.0000,0.0000,0.0000,75.0000,6.2600
1,5,0,14,4,10,100,11,3710,23463,6,84,0.0000,0.0000,0.0000,75.0000,6.2600
1,5,0,11,1,9,76,13,3710,24623,4,84,0.0000,0.0000,0.0000,75.0000,6.2600
1,5,0,15,3,10,199,7,3710,73508,27,84,0.0000,0.0000,0.0000,75.0000,6.2600
1,5,0,15,5,10,76,8,3710,19857,6,84,0.0000,0.0000,0.0000,75.0000,6.2600
1,5,0,11,4,9,76,13,3710,24623,11,84,0.0000,0.0000,0.0000,75.0000,6.2600
1,5,1,13,5,5,143,15,3710,107363,14,84,0.0000,0.0000,0.0000,75.0000,6.2600
1,5,0,15,5,10,143,15,3710,107363,20,84,0.0000,0.0000,0.0000,75.0000,6.2600
1,5,1,18,4,1,186,9,3710,9496,1,84,0.0000,0.0000,0.0000,75.0000,6.2600
1,5,0,17,5,2,228,16,3710,15023,2,84,0.0000,0.0000,0.0000,75.0000,6.2600
1,5,0,16,5,4,182,16,3710,15023,2,84,0.0000,0.0000,0.0000,75.0000,6.2600
1,5,0,16,5,4,178,16,3710,15023,7,84,0.0000,0.0000,0.0000,75.0000,6.2600
1,5,0,15,5,10,182,16,3710,15023,2,84,0.0000,0.0000,0.0000,75.0000,6.2600
1,5,1,12,3,9,128,3,3710,75506,19,84,0.0000,0.0000,0.0000,75.0000,6.2600
1,5,0,4,6,31,132,7,9288,73508,16,76,0.0000,0.0000,0.0000,34.0000,3.3600
1,5,0,4,3,31,160,7,9288,73508,20,76,0.0000,0.0000,0.0000,34.0000,3.3600
1,5,0,9,4,20,132,7,9288,73508,17,76,0.0000,0.0000,0.0000,34.0000,3.3600
1,5,0,2,2,10,191,7,9288,73508,2,76,0.0000,0.0000,0.0000,34.0000,3.3600
1,5,0,4,3,31,180,7,9288,73508,2,76,0.0000,0.0000,0.0000,34.0000,3.3600
1,5,0,4,8,31,168,7,9288,73508,26,76,0.0000,0.0000,0.0000,34.0000,3.3600
1,5,1,13,3,40,110,7,9288,73508,15,76,0.0000,0.0000,0.0000,34.0000,3.3600
1,5,0,5,8,24,199,7,9288,73508,26,76,0.0000,0.0000,0.0000,34.0000,3.3600
1,5,0,2,3,10,143,15,9288,107363,18,76,0.0000,0.0000,0.0000,34.0000,3.3600
1,5,0,4,3,31,175,15,9288,107363,2,76,0.0000,0.0000,0.0000,34.0000,3.3600
1,5,0,2,3,10,143,15,9288,107363,21,76,0.0000,0.0000,0.0000,34.0000,3.3600
1,5,0,3,6,6,175,15,9288,107363,3,76,0.0000,0.0000,0.0000,34.0000,3.3600
1,5,0,4,3,31,143,15,9288,107363,22,76,0.0000,0.0000,0.0000,34.0000,3.3600
1,5,0,3,2,6,175,15,9288,107363,5,76,0.0000,0.0000,0.0000,34.0000,3.3600
1,5,0,4,2,31,143,15,9288,107363,9,76,0.0000,0.0000,0.0000,34.0000,3.3600
1,5,0,5,3,24,143,15,9288,107363,14,76,0.0000,0.0000,0.0000,34.0000,3.3600
1,5,0,1,2,3,186,9,9288,9496,1,76,0.0000,0.0000,0.0000,34.0000,3.3600
1,5,0,2,3,10,76,14,9288,62105,3,76,0.0000,0.0000,0.0000,34.0000,3.3600
1,5,0,4,3,31,76,14,9288,62105,3,76,0.0000,0.0000,0.0000,34.0000,3.3600
1,5,0,4,3,31,76,14,9288,62105,3,76,0.0000,0.0000,0.0000,34.0000,3.3600
1,5,1,5,5,24,76,14,9288,62105,11,76,0.0000,0.0000,0.0000,34.0000,3.3600
1,5,1,7,3,42,50,14,9288,62105,16,76,0.0000,0.0000,0.0000,34.0000,3.3600
1,5,0,5,2,24,50,14,9288,62105,16,76,0.0000,0.0000,0.0000,34.0000,3.3600
1,5,0,4,6,31,76,14,9288,62105,5,76,0.0000,0.0000,0.0000,34.0000,3.3600
1,5,0,5,5,24,66,14,9288,62105,10,76,0.0000,0.0000,0.0000,34.0000,3.3600
1,5,0,4,2,31,50,14,9288,62105,17,76,0.0000,0.0000,0.0000,34.0000,3.3600
1,5,0,4,3,31,76,14,9288,62105,11,76,0.0000,0.0000,0.0000,34.0000,3.3600
1,5,0,5,4,24,66,14,9288,62105,8,76,0.0000,0.0000,0.0000,34.0000,3.3600
1,5,0,5,3,24,76,14,9288,62105,3,76,0.0000,0.0000,0.0000,34.0000,3.3600
1,5,0,2,3,10,76,14,9288,62105,4,76,0.0000,0.0000,0.0000,34.0000,3.3600
1,5,0,4,3,31,76,14,9288,62105,12,76,0.0000,0.0000,0.0000,34.0000,3.3600
1,5,0,4,2,31,66,14,9288,62105,17,76,0.0000,0.0000,0.0000,34.0000,3.3600
1,5,0,13,2,40,76,14,9288,62105,7,76,0.0000,0.0000,0.0000,34.0000,3.3600
1,5,1,7,3,42,50,14,9288,62105,17,76,0.0000,0.0000,0.0000,34.0000,3.3600
1,5,0,3,2,6,76,14,9288,62105,3,76,0.0000,0.0000,0.0000,34.0000,3.3600
1,5,1,16,5,34,76,14,9288,62105,3,76,0.0000,0.0000,0.0000,34.0000,3.3600
1,5,0,4,3,31,66,14,9288,62105,13,76,0.0000,0.0000,0.0000,34.0000,3.3600
1,5,0,2,6,10,66,14,9288,62105,14,76,0.0000,0.0000,0.0000,34.0000,3.3600
1,5,0,2,3,10,160,3,9288,75506,19,76,0.0000,0.0000,0.0000,34.0000,3.3600
1,5,0,3,4,6,172,3,9288,75506,10,76,0.0000,0.0000,0.0000,34.0000,3.3600
1,5,0,1,7,3,187,3,9288,75506,4,76,0.0000,0.0000,0.0000,34.0000,3.3600
1,5,0,19,8,6,150,11,9288,23463,13,76,0.0000,0.0000,0.0000,34.0000,3.3600
1,5,0,19,9,6,162,11,9288,23463,14,76,0.0000,0.0000,0.0000,34.0000,3.3600
1,5,0,4,4,31,160,3,9288,75506,7,76,0.0000,0.0000,0.0000,34.0000,3.3600
1,5,0,1,4,3,172,3,9288,75506,10,76,0.0000,0.0000,0.0000,34.0000,3.3600
1,5,0,4,4,31,110,7,9288,73508,20,76,0.0000,0.0000,0.0000,34.0000,3.3600
1,5,0,5,7,24,180,7,9288,73508,3,76,0.0000,0.0000,0.0000,34.0000,3.3600
1,5,0,4,2,31,191,7,9288,73508,1,76,0.0000,0.0000,0.0000,34.0000,3.3600
1,5,0,3,6,6,160,7,9288,73508,17,76,0.0000,0.0000,0.0000,34.0000,3.3600
1,5,0,2,3,10,181,1,9288,20315,4,76,0.0000,0.0000,0.0000,34.0000,3.3600
1,5,0,2,5,10,120,17,9288,46218,13,76,0.0000,0.0000,0.0000,34.0000,3.3600
1,5,0,3,2,6,142,17,9288,46218,25,76,0.0000,0.0000,0.0000,34.0000,3.3600
1,5,0,4,7,31,293,7,9288,73508,16,76,0.0000,0.0000,0.0000,34.0000,3.3600
1,5,0,11,11,27,226,7,9288,73508,20,76,0.0000,0.0000,0.0000,34.0000,3.3600
1,5,0,5,8,24,226,7,9288,73508,22,76,0.0000,0.0000,0.0000,34.0000,3.3600
1,5,0,2,3,10,160,7,9288,73508,19,76,0.0000,0.0000,0.0000,34.0000,3.3600
1,5,0,7,11,42,293,7,9288,73508,3,76,0.0000,0.0000,0.0000,34.0000,3.3600
1,5,1,5,9,24,180,7,9288,73508,3,76,0.0000,0.0000,0.0000,34.0000,3.3600
1,5,0,16,1,34,132,7,9288,73508,16,76,0.0000,0.0000,0.0000,34.0000,3.3600
1,5,0,5,2,24,110,7,9288,73508,14,76,0.0000,0.0000,0.0000,34.0000,3.3600
1,5,1,6,8,7,180,7,9288,73508,4,76,0.0000,0.0000,0.0000,34.0000,3.3600
1,5,0,6,3,7,160,7,9288,73508,18,76,0.0000,0.0000,0.0000,34.0000,3.3600
1,5,0,7,2,42,234,7,9288,73508,17,76,0.0000,0.0000,0.0000,34.0000,3.3600
1,5,0,5,6,24,180,7,9288,73508,5,76,0.0000,0.0000,0.0000,34.0000,3.3600
1,5,0,7,7,42,180,7,9288,73508,4,76,0.0000,0.0000,0.0000,34.0000,3.3600
1,5,0,16,5,34,157,7,9288,73508,27,76,0.0000,0.0000,0.0000,34.0000,3.3600
1,5,0,7,3,42,160,7,9288,73508,18,76,0.0000,0.0000,0.0000,34.0000,3.3600
1,5,0,8,2,9,160,7,9288,73508,20,76,0.0000,0.0000,0.0000,34.0000,3.3600
1,5,1,13,4,40,132,7,9288,73508,16,76,0.0000,0.0000,0.0000,34.0000,3.3600
1,5,0,9,5,20,142,17,9288,46218,17,76,0.0000,0.0000,0.0000,34.0000,3.3600
1,5,1,8,8,9,124,17,9288,46218,21,76,0.0000,0.0000,0.0000,34.0000,3.3600
1,5,1,9,8,20,150,11,9288,23463,11,76,0.0000,0.0000,0.0000,34.0000,3.3600
1,5,0,6,3,7,150,11,9288,23463,7,76,0.0000,0.0000,0.0000,34.0000,3.3600
1,5,0,4,3,31,143,15,9288,107363,10,76,0.0000,0.0000,0.0000,34.0000,3.3600
1,5,0,8,2,9,175,15,9288,107363,2,76,0.0000,0.0000,0.0000,34.0000,3.3600
1,5,0,5,3,24,181,1,9288,20315,3,76,0.0000,0.0000,0.0000,34.0000,3.3600
1,5,0,4,3,31,76,14,9288,62105,3,76,0.0000,0.0000,0.0000,34.0000,3.3600
1,5,0,7,2,42,76,14,9288,62105,2,76,0.0000,0.0000,0.0000,34.0000,3.3600
1,5,0,7,3,42,76,14,9288,62105,3,76,0.0000,0.0000,0.0000,34.0000,3.3600
1,5,0,7,1,42,76,14,9288,62105,3,76,0.0000,0.0000,0.0000,34.0000,3.3600
1,5,0,4,3,31,76,14,9288,62105,3,76,0.0000,0.0000,0.0000,34.0000,3.3600
1,5,0,5,2,24,76,14,9288,62105,2,76,0.0000,0.0000,0.0000,34.0000,3.3600
1,5,0,5,5,24,76,14,9288,62105,13,76,0.0000,0.0000,0.0000,34.0000,3.3600
1,5,0,7,3,42,76,14,9288,62105,3,76,0.0000,0.0000,0.0000,34.0000,3.3600
1,5,0,11,2,27,50,14,9288,62105,18,76,0.0000,0.0000,0.0000,34.0000,3.3600
1,5,0,7,2,42,76,14,9288,62105,13,76,0.0000,0.0000,0.0000,34.0000,3.3600
1,5,0,6,3,7,76,14,9288,62105,3,76,0.0000,0.0000,0.0000,34.0000,3.3600
1,5,0,7,3,42,76,14,9288,62105,12,76,0.0000,0.0000,0.0000,34.0000,3.3600
1,5,0,5,3,24,50,14,9288,62105,18,76,0.0000,0.0000,0.0000,34.0000,3.3600
1,5,0,7,3,42,66,14,9288,62105,16,76,0.0000,0.0000,0.0000,34.0000,3.3600
1,5,0,7,3,42,76,14,9288,62105,2,76,0.0000,0.0000,0.0000,34.0000,3.3600
1,5,0,7,2,42,76,14,9288,62105,2,76,0.0000,0.0000,0.0000,34.0000,3.3600
1,5,1,7,2,42,66,14,9288,62105,13,76,0.0000,0.0000,0.0000,34.0000,3.3600
1,5,0,4,2,31,76,14,9288,62105,2,76,0.0000,0.0000,0.0000,34.0000,3.3600
1,5,0,7,1,42,66,14,9288,62105,13,76,0.0000,0.0000,0.0000,34.0000,3.3600
1,5,0,5,2,24,50,14,9288,62105,16,76,0.0000,0.0000,0.0000,34.0000,3.3600
1,5,0,7,2,42,76,14,9288,62105,12,76,0.0000,0.0000,0.0000,34.0000,3.3600
1,5,1,7,2,42,50,14,9288,62105,18,76,0.0000,0.0000,0.0000,34.0000,3.3600
1,5,1,4,1,31,50,14,9288,62105,19,76,0.0000,0.0000,0.0000,34.0000,3.3600
1,5,0,5,2,24,50,14,9288,62105,18,76,0.0000,0.0000,0.0000,34.0000,3.3600
1,5,0,7,3,42,76,14,9288,62105,4,76,0.0000,0.0000,0.0000,34.0000,3.3600
1,5,0,7,2,42,50,14,9288,62105,17,76,0.0000,0.0000,0.0000,34.0000,3.3600
1,5,0,7,1,42,50,14,9288,62105,18,76,0.0000,0.0000,0.0000,34.0000,3.3600
1,5,0,7,1,42,129,14,9288,62105,11,76,0.0000,0.0000,0.0000,34.0000,3.3600
1,5,0,7,3,42,180,7,9288,73508,5,76,0.0000,0.0000,0.0000,34.0000,3.3600
1,5,0,4,4,31,157,7,9288,73508,21,76,0.0000,0.0000,0.0000,34.0000,3.3600
1,5,0,7,8,42,168,7,9288,73508,19,76,0.0000,0.0000,0.0000,34.0000,3.3600
1,5,0,9,1,20,132,7,9288,73508,18,76,0.0000,0.0000,0.0000,34.0000,3.3600
1,5,0,7,2,42,110,7,9288,73508,18,76,0.0000,0.0000,0.0000,34.0000,3.3600
1,5,0,4,2,31,110,7,9288,73508,20,76,0.0000,0.0000,0.0000,34.0000,3.3600
1,5,0,16,4,34,157,7,9288,73508,27,76,0.0000,0.0000,0.0000,34.0000,3.3600
1,5,0,5,8,24,160,7,9288,73508,19,76,0.0000,0.0000,0.0000,34.0000,3.3600
1,5,0,5,4,24,110,7,9288,73508,17,76,0.0000,0.0000,0.0000,34.0000,3.3600
1,5,0,7,3,42,191,7,9288,73508,1,76,0.0000,0.0000,0.0000,34.0000,3.3600
1,5,0,7,3,42,160,7,9288,73508,18,76,0.0000,0.0000,0.0000,34.0000,3.3600
1,5,0,4,3,31,110,7,9288,73508,19,76,0.0000,0.0000,0.0000,34.0000,3.3600
1,5,0,7,1,42,132,7,9288,73508,16,76,0.0000,0.0000,0.0000,34.0000,3.3600
1,5,0,5,8,24,160,7,9288,73508,19,76,0.0000,0.0000,0.0000,34.0000,3.3600
1,5,0,7,3,42,110,7,9288,73508,18,76,0.0000,0.0000,0.0000,34.0000,3.3600
1,5,0,7,3,42,160,7,9288,73508,20,76,0.0000,0.0000,0.0000,34.0000,3.3600
1,5,0,7,3,42,132,7,9288,73508,17,76,0.0000,0.0000,0.0000,34.0000,3.3600
1,5,0,7,3,42,110,7,9288,73508,19,76,0.0000,0.0000,0.0000,34.0000,3.3600
1,5,0,5,3,24,160,7,9288,73508,18,76,0.0000,0.0000,0.0000,34.0000,3.3600
1,5,0,7,3,42,160,7,9288,73508,18,76,0.0000,0.0000,0.0000,34.0000,3.3600
1,5,0,4,3,31,191,7,9288,73508,1,76,0.0000,0.0000,0.0000,34.0000,3.3600
1,5,0,7,2,42,160,7,9288,73508,18,76,0.0000,0.0000,0.0000,34.0000,3.3600
1,5,0,4,3,31,132,7,9288,73508,18,76,0.0000,0.0000,0.0000,34.0000,3.3600
1,5,0,5,6,24,132,7,9288,73508,18,76,0.0000,0.0000,0.0000,34.0000,3.3600
1,5,0,5,8,24,160,7,9288,73508,19,76,0.0000,0.0000,0.0000,34.0000,3.3600
1,5,0,4,3,31,160,7,9288,73508,19,76,0.0000,0.0000,0.0000,34.0000,3.3600
1,5,0,7,3,42,132,7,9288,73508,18,76,0.0000,0.0000,0.0000,34.0000,3.3600
1,5,0,8,3,9,128,3,9288,75506,19,76,0.0000,0.0000,0.0000,34.0000,3.3600
1,5,1,10,4,12,172,3,9288,75506,10,76,0.0000,0.0000,0.0000,34.0000,3.3600
1,5,0,9,6,20,160,3,9288,75506,5,76,0.0000,0.0000,0.0000,34.0000,3.3600
1,5,0,12,6,9,120,17,9288,46218,18,76,0.0000,0.0000,0.0000,34.0000,3.3600
1,5,0,8,6,9,120,17,9288,46218,18,76,0.0000,0.0000,0.0000,34.0000,3.3600
1,5,0,16,3,34,172,3,9288,75506,9,76,0.0000,0.0000,0.0000,34.0000,3.3600
1,5,1,9,3,20,142,17,9288,46218,25,76,0.0000,0.0000,0.0000,34.0000,3.3600
1,5,0,13,8,40,180,7,9288,73508,2,76,0.0000,0.0000,0.0000,34.0000,3.3600
1,5,0,18,8,27,199,7,9288,73508,18,76,0.0000,0.0000,0.0000,34.0000,3.3600
1,5,0,13,8,40,234,7,9288,73508,17,76,0.0000,0.0000,0.0000,34.0000,3.3600
1,5,0,11,3,27,191,7,9288,73508,2,76,0.0000,0.0000,0.0000,34.0000,3.3600
1,5,0,16,2,34,132,7,9288,73508,17,76,0.0000,0.0000,0.0000,34.0000,3.3600
1,5,0,9,2,20,160,7,9288,73508,20,76,0.0000,0.0000,0.0000,34.0000,3.3600
1,5,0,9,1,20,50,14,9288,62105,16,76,0.0000,0.0000,0.0000,34.0000,3.3600
1,5,1,4,3,31,76,14,9288,62105,3,76,0.0000,0.0000,0.0000,34.0000,3.3600
1,5,0,12,2,9,50,14,9288,62105,16,76,0.0000,0.0000,0.0000,34.0000,3.3600
1,5,0,9,4,20,66,14,9288,62105,17,76,0.0000,0.0000,0.0000,34.0000,3.3600
1,5,0,10,5,12,76,14,9288,62105,12,76,0.0000,0.0000,0.0000,34.0000,3.3600
1,5,1,9,2,20,70,14,9288,62105,1,76,0.0000,0.0000,0.0000,34.0000,3.3600
1,5,1,13,3,40,76,14,9288,62105,3,76,0.0000,0.0000,0.0000,34.0000,3.3600
1,5,0,9,5,20,76,14,9288,62105,3,76,0.0000,0.0000,0.0000,34.0000,3.3600
1,5,0,11,2,27,66,14,9288,62105,8,76,0.0000,0.0000,0.0000,34.0000,3.3600
1,5,0,9,6,20,76,14,9288,62105,11,76,0.0000,0.0000,0.0000,34.0000,3.3600
1,5,0,13,6,40,76,14,9288,62105,11,76,0.0000,0.0000,0.0000,34.0000,3.3600
1,5,0,7,2,42,76,14,9288,62105,4,76,0.0000,0.0000,0.0000,34.0000,3.3600
1,5,1,13,2,40,50,14,9288,62105,17,76,0.0000,0.0000,0.0000,34.0000,3.3600
1,5,0,7,2,42,143,15,9288,107363,16,76,0.0000,0.0000,0.0000,34.0000,3.3600
1,5,1,6,2,7,143,15,9288,107363,14,76,0.0000,0.0000,0.0000,34.0000,3.3600
1,5,0,7,3,42,143,15,9288,107363,11,76,0.0000,0.0000,0.0000,34.0000,3.3600
1,5,0,8,3,9,143,15,9288,107363,14,76,0.0000,0.0000,0.0000,34.0000,3.3600
1,5,0,8,3,9,143,15,9288,107363,12,76,0.0000,0.0000,0.0000,34.0000,3.3600
1,5,0,9,3,20,143,15,9288,107363,15,76,0.0000,0.0000,0.0000,34.0000,3.3600
1,5,0,11,4,27,180,7,9288,73508,2,76,0.0000,0.0000,0.0000,34.0000,3.3600
1,5,0,9,6,20,160,7,9288,73508,18,76,0.0000,0.0000,0.0000,34.0000,3.3600
1,5,0,7,4,42,191,7,9288,73508,2,76,0.0000,0.0000,0.0000,34.0000,3.3600
1,5,0,12,5,9,76,12,9288,17869,3,76,0.0000,0.0000,0.0000,34.0000,3.3600
1,5,1,7,4,42,110,7,9288,73508,20,76,0.0000,0.0000,0.0000,34.0000,3.3600
1,5,0,11,2,27,180,7,9288,73508,2,76,0.0000,0.0000,0.0000,34.0000,3.3600
1,5,0,19,7,6,199,7,9288,73508,26,76,0.0000,0.0000,0.0000,34.0000,3.3600
1,5,0,10,6,12,191,7,9288,73508,3,76,0.0000,0.0000,0.0000,34.0000,3.3600
1,5,0,10,7,12,191,7,9288,73508,1,76,0.0000,0.0000,0.0000,34.0000,3.3600
1,5,0,13,2,40,180,7,9288,73508,4,76,0.0000,0.0000,0.0000,34.0000,3.3600
1,5,1,6,2,7,186,9,9288,9496,1,76,0.0000,0.0000,0.0000,34.0000,3.3600
1,5,0,10,2,12,180,9,9288,9496,4,76,0.0000,0.0000,0.0000,34.0000,3.3600
1,5,0,8,4,9,172,3,9288,75506,9,76,0.0000,0.0000,0.0000,34.0000,3.3600
1,5,0,9,3,20,172,1,9288,20315,15,76,0.0000,0.0000,0.0000,34.0000,3.3600
1,5,0,13,6,40,160,7,9288,73508,18,76,0.0000,0.0000,0.0000,34.0000,3.3600
1,5,0,13,7,40,191,7,9288,73508,1,76,0.0000,0.0000,0.0000,34.0000,3.3600
1,5,0,16,4,34,160,7,9288,73508,19,76,0.0000,0.0000,0.0000,34.0000,3.3600
1,5,0,10,4,12,132,7,9288,73508,18,76,0.0000,0.0000,0.0000,34.0000,3.3600
1,5,0,13,9,40,160,7,9288,73508,17,76,0.0000,0.0000,0.0000,34.0000,3.3600
1,5,0,13,7,40,132,7,9288,73508,17,76,0.0000,0.0000,0.0000,34.0000,3.3600
1,5,0,18,3,27,160,7,9288,73508,18,76,0.0000,0.0000,0.0000,34.0000,3.3600
1,5,0,16,5,34,110,7,9288,73508,18,76,0.0000,0.0000,0.0000,34.0000,3.3600
1,5,0,13,4,40,160,3,9288,75506,3,76,0.0000,0.0000,0.0000,34.0000,3.3600
1,5,0,13,9,40,180,7,9288,73508,1,76,0.0000,0.0000,0.0000,34.0000,3.3600
1,5,1,13,3,40,110,7,9288,73508,20,76,0.0000,0.0000,0.0000,34.0000,3.3600
1,5,0,11,3,27,160,7,9288,73508,18,76,0.0000,0.0000,0.0000,34.0000,3.3600
1,5,0,13,3,40,110,7,9288,73508,17,76,0.0000,0.0000,0.0000,34.0000,3.3600
1,5,0,10,2,12,143,15,9288,107363,13,76,0.0000,0.0000,0.0000,34.0000,3.3600
1,5,0,9,2,20,143,15,9288,107363,10,76,0.0000,0.0000,0.0000,34.0000,3.3600
1,5,1,8,3,9,143,15,9288,107363,13,76,0.0000,0.0000,0.0000,34.0000,3.3600
1,5,1,12,6,9,143,15,9288,107363,15,76,0.0000,0.0000,0.0000,34.0000,3.3600
1,5,0,10,3,12,143,15,9288,107363,13,76,0.0000,0.0000,0.0000,34.0000,3.3600
1,5,0,13,3,40,128,3,9288,75506,19,76,0.0000,0.0000,0.0000,34.0000,3.3600
1,5,1,6,2,7,50,14,9288,62105,16,76,0.0000,0.0000,0.0000,34.0000,3.3600
1,5,0,16,5,34,76,14,9288,62105,3,76,0.0000,0.0000,0.0000,34.0000,3.3600
1,5,1,13,1,40,129,14,9288,62105,11,76,0.0000,0.0000,0.0000,34.0000,3.3600
1,5,0,11,2,27,76,14,9288,62105,5,76,0.0000,0.0000,0.0000,34.0000,3.3600
1,5,0,9,1,20,50,14,9288,62105,16,76,0.0000,0.0000,0.0000,34.0000,3.3600
1,5,1,9,2,20,50,14,9288,62105,16,76,0.0000,0.0000,0.0000,34.0000,3.3600
1,5,0,13,1,40,50,14,9288,62105,18,76,0.0000,0.0000,0.0000,34.0000,3.3600
1,5,0,13,3,40,76,14,9288,62105,12,76,0.0000,0.0000,0.0000,34.0000,3.3600
1,5,0,11,3,27,50,14,9288,62105,18,76,0.0000,0.0000,0.0000,34.0000,3.3600
1,5,0,11,3,27,76,14,9288,62105,13,76,0.0000,0.0000,0.0000,34.0000,3.3600
1,5,1,11,5,27,76,14,9288,62105,2,76,0.0000,0.0000,0.0000,34.0000,3.3600
1,5,0,11,3,27,76,14,9288,62105,2,76,0.0000,0.0000,0.0000,34.0000,3.3600
1,5,1,11,3,27,66,14,9288,62105,13,76,0.0000,0.0000,0.0000,34.0000,3.3600
1,5,1,9,4,20,76,14,9288,62105,2,76,0.0000,0.0000,0.0000,34.0000,3.3600
1,5,0,11,3,27,76,14,9288,62105,12,76,0.0000,0.0000,0.0000,34.0000,3.3600
1,5,0,12,1,9,76,14,9288,62105,3,76,0.0000,0.0000,0.0000,34.0000,3.3600
1,5,0,11,3,27,76,14,9288,62105,3,76,0.0000,0.0000,0.0000,34.0000,3.3600
1,5,0,11,3,27,50,14,9288,62105,17,76,0.0000,0.0000,0.0000,34.0000,3.3600
1,5,0,16,2,34,66,14,9288,62105,13,76,0.0000,0.0000,0.0000,34.0000,3.3600
1,5,0,9,2,20,76,14,9288,62105,3,76,0.0000,0.0000,0.0000,34.0000,3.3600
1,5,0,13,1,40,50,14,9288,62105,18,76,0.0000,0.0000,0.0000,34.0000,3.3600
1,5,0,12,2,9,76,14,9288,62105,13,76,0.0000,0.0000,0.0000,34.0000,3.3600
1,5,0,11,3,27,76,14,9288,62105,2,76,0.0000,0.0000,0.0000,34.0000,3.3600
1,5,0,12,2,9,66,14,9288,62105,16,76,0.0000,0.0000,0.0000,34.0000,3.3600
1,5,0,13,2,40,76,14,9288,62105,2,76,0.0000,0.0000,0.0000,34.0000,3.3600
1,5,0,7,2,42,50,14,9288,62105,19,76,0.0000,0.0000,0.0000,34.0000,3.3600
1,5,0,11,2,27,76,14,9288,62105,2,76,0.0000,0.0000,0.0000,34.0000,3.3600
1,5,0,10,5,12,76,14,9288,62105,3,76,0.0000,0.0000,0.0000,34.0000,3.3600
1,5,0,10,3,12,66,14,9288,62105,15,76,0.0000,0.0000,0.0000,34.0000,3.3600
1,5,0,18,2,27,160,7,9288,73508,19,76,0.0000,0.0000,0.0000,34.0000,3.3600
1,5,0,13,6,40,160,7,9288,73508,20,76,0.0000,0.0000,0.0000,34.0000,3.3600
1,5,0,11,3,27,132,7,9288,73508,16,76,0.0000,0.0000,0.0000,34.0000,3.3600
1,5,0,11,3,27,110,7,9288,73508,19,76,0.0000,0.0000,0.0000,34.0000,3.3600
1,5,0,18,3,27,180,7,9288,73508,3,76,0.0000,0.0000,0.0000,34.0000,3.3600
1,5,0,10,8,12,191,7,9288,73508,2,76,0.0000,0.0000,0.0000,34.0000,3.3600
1,5,0,13,8,40,160,7,9288,73508,18,76,0.0000,0.0000,0.0000,34.0000,3.3600
1,5,0,19,8,6,180,7,9288,73508,3,76,0.0000,0.0000,0.0000,34.0000,3.3600
1,5,0,11,3,27,160,7,9288,73508,19,76,0.0000,0.0000,0.0000,34.0000,3.3600
1,5,0,13,3,40,160,7,9288,73508,18,76,0.0000,0.0000,0.0000,34.0000,3.3600
1,5,0,13,6,40,132,7,9288,73508,18,76,0.0000,0.0000,0.0000,34.0000,3.3600
1,5,0,18,3,27,180,7,9288,73508,4,76,0.0000,0.0000,0.0000,34.0000,3.3600
1,5,0,13,3,40,110,7,9288,73508,18,76,0.0000,0.0000,0.0000,34.0000,3.3600
1,5,1,11,3,27,110,7,9288,73508,18,76,0.0000,0.0000,0.0000,34.0000,3.3600
1,5,0,11,3,27,160,7,9288,73508,18,76,0.0000,0.0000,0.0000,34.0000,3.3600
1,5,0,13,3,40,160,7,9288,73508,18,76,0.0000,0.0000,0.0000,34.0000,3.3600
1,5,0,11,3,27,150,11,9288,23463,16,76,0.0000,0.0000,0.0000,34.0000,3.3600
1,5,0,13,7,40,132,7,9288,73508,18,76,0.0000,0.0000,0.0000,34.0000,3.3600
1,5,0,18,2,27,191,7,9288,73508,1,76,0.0000,0.0000,0.0000,34.0000,3.3600
1,5,0,16,3,34,160,7,9288,73508,19,76,0.0000,0.0000,0.0000,34.0000,3.3600
1,5,0,13,3,40,110,7,9288,73508,19,76,0.0000,0.0000,0.0000,34.0000,3.3600
1,5,0,18,9,27,150,11,9288,23463,8,76,0.0000,0.0000,0.0000,34.0000,3.3600
1,5,0,18,8,27,150,11,9288,23463,14,76,0.0000,0.0000,0.0000,34.0000,3.3600
1,5,0,18,3,27,160,7,9288,73508,17,76,0.0000,0.0000,0.0000,34.0000,3.3600
1,5,0,18,2,27,132,7,9288,73508,17,76,0.0000,0.0000,0.0000,34.0000,3.3600
1,5,1,18,3,27,160,7,9288,73508,19,76,0.0000,0.0000,0.0000,34.0000,3.3600
1,5,0,18,2,27,180,7,9288,73508,5,76,0.0000,0.0000,0.0000,34.0000,3.3600
1,5,0,18,3,27,160,7,9288,73508,6,76,0.0000,0.0000,0.0000,34.0000,3.3600
1,5,0,13,6,40,66,14,9288,62105,15,76,0.0000,0.0000,0.0000,34.0000,3.3600
1,5,1,15,3,2,66,14,9288,62105,13,76,0.0000,0.0000,0.0000,34.0000,3.3600
1,5,1,16,3,34,66,14,9288,62105,13,76,0.0000,0.0000,0.0000,34.0000,3.3600
1,5,0,10,5,12,76,14,9288,62105,3,76,0.0000,0.0000,0.0000,34.0000,3.3600
1,5,0,13,3,40,76,14,9288,62105,3,76,0.0000,0.0000,0.0000,34.0000,3.3600
1,5,0,13,2,40,50,14,9288,62105,16,76,0.0000,0.0000,0.0000,34.0000,3.3600
1,5,1,15,3,2,76,14,9288,62105,4,76,0.0000,0.0000,0.0000,34.0000,3.3600
1,5,0,16,3,34,66,14,9288,62105,8,76,0.0000,0.0000,0.0000,34.0000,3.3600
1,5,0,16,2,34,76,14,9288,62105,3,76,0.0000,0.0000,0.0000,34.0000,3.3600
1,5,0,18,1,27,50,14,9288,62105,17,76,0.0000,0.0000,0.0000,34.0000,3.3600
1,5,0,16,3,34,76,14,9288,62105,4,76,0.0000,0.0000,0.0000,34.0000,3.3600
1,5,0,12,3,9,76,14,9288,62105,3,76,0.0000,0.0000,0.0000,34.0000,3.3600
1,5,0,11,4,27,143,15,9288,107363,11,76,0.0000,0.0000,0.0000,34.0000,3.3600
1,5,1,13,2,40,143,15,9288,107363,18,76,0.0000,0.0000,0.0000,34.0000,3.3600
1,5,0,14,3,4,143,15,9288,107363,12,76,0.0000,0.0000,0.0000,34.0000,3.3600
1,5,0,13,8,40,186,9,9288,9496,1,76,0.0000,0.0000,0.0000,34.0000,3.3600
1,5,0,17,2,3,186,9,9288,9496,1,76,0.0000,0.0000,0.0000,34.0000,3.3600
1,5,0,13,2,40,70,13,9288,24623,14,76,0.0000,0.0000,0.0000,34.0000,3.3600
1,5,1,16,2,34,110,7,9288,73508,19,76,0.0000,0.0000,0.0000,34.0000,3.3600
1,5,0,11,4,27,160,3,9288,75506,4,76,0.0000,0.0000,0.0000,34.0000,3.3600
1,5,0,19,8,6,187,3,9288,75506,10,76,0.0000,0.0000,0.0000,34.0000,3.3600
1,5,0,16,2,34,160,7,9288,73508,18,76,0.0000,0.0000,0.0000,34.0000,3.3600
1,5,0,18,3,27,157,7,9288,73508,21,76,0.0000,0.0000,0.0000,34.0000,3.3600
1,5,0,16,3,34,66,14,9288,62105,16,76,0.0000,0.0000,0.0000,34.0000,3.3600
1,5,0,16,4,34,76,14,9288,62105,2,76,0.0000,0.0000,0.0000,34.0000,3.3600
1,5,0,18,1,27,76,14,9288,62105,2,76,0.0000,0.0000,0.0000,34.0000,3.3600
1,5,0,18,3,27,76,14,9288,62105,3,76,0.0000,0.0000,0.0000,34.0000,3.3600
1,5,1,16,1,34,76,14,9288,62105,12,76,0.0000,0.0000,0.0000,34.0000,3.3600
1,5,0,18,3,27,76,14,9288,62105,3,76,0.0000,0.0000,0.0000,34.0000,3.3600
1,5,0,16,4,34,76,14,9288,62105,2,76,0.0000,0.0000,0.0000,34.0000,3.3600
1,5,0,13,2,40,76,14,9288,62105,2,76,0.0000,0.0000,0.0000,34.0000,3.3600
1,5,0,16,4,34,76,14,9288,62105,2,76,0.0000,0.0000,0.0000,34.0000,3.3600
1,5,0,16,4,34,76,14,9288,62105,13,76,0.0000,0.0000,0.0000,34.0000,3.3600
1,5,0,16,3,34,76,14,9288,62105,3,76,0.0000,0.0000,0.0000,34.0000,3.3600
1,5,0,18,2,27,129,14,9288,62105,11,76,0.0000,0.0000,0.0000,34.0000,3.3600
1,5,0,18,1,27,50,14,9288,62105,18,76,0.0000,0.0000,0.0000,34.0000,3.3600
1,5,0,18,2,27,50,14,9288,62105,17,76,0.0000,0.0000,0.0000,34.0000,3.3600
1,5,0,13,1,40,50,14,9288,62105,16,76,0.0000,0.0000,0.0000,34.0000,3.3600
1,5,1,13,1,40,50,14,9288,62105,16,76,0.0000,0.0000,0.0000,34.0000,3.3600
1,5,0,18,2,27,157,7,9288,73508,20,76,0.0000,0.0000,0.0000,34.0000,3.3600
1,5,0,16,3,34,132,7,9288,73508,16,76,0.0000,0.0000,0.0000,34.0000,3.3600
1,5,0,16,4,34,110,7,9288,73508,19,76,0.0000,0.0000,0.0000,34.0000,3.3600
1,5,1,18,3,27,160,7,9288,73508,18,76,0.0000,0.0000,0.0000,34.0000,3.3600
1,5,0,18,3,27,180,7,9288,73508,5,76,0.0000,0.0000,0.0000,34.0000,3.3600
1,5,0,18,3,27,110,7,9288,73508,18,76,0.0000,0.0000,0.0000,34.0000,3.3600
1,5,1,16,3,34,110,7,9288,73508,18,76,0.0000,0.0000,0.0000,34.0000,3.3600
1,5,0,19,8,6,160,7,9288,73508,18,76,0.0000,0.0000,0.0000,34.0000,3.3600
1,5,0,16,3,34,76,14,9288,62105,3,76,0.0000,0.0000,0.0000,34.0000,3.3600
1,5,0,16,2,34,76,14,9288,62105,3,76,0.0000,0.0000,0.0000,34.0000,3.3600
1,5,1,11,2,27,50,14,9288,62105,19,76,0.0000,0.0000,0.0000,34.0000,3.3600
1,5,0,16,2,34,50,14,9288,62105,18,76,0.0000,0.0000,0.0000,34.0000,3.3600
1,5,0,16,1,34,50,14,9288,62105,18,76,0.0000,0.0000,0.0000,34.0000,3.3600
1,5,0,18,3,27,110,7,9288,73508,17,76,0.0000,0.0000,0.0000,34.0000,3.3600
1,5,0,14,3,4,150,11,9288,23463,12,76,0.0000,0.0000,0.0000,34.0000,3.3600
1,5,0,17,2,3,143,15,9288,107363,14,76,0.0000,0.0000,0.0000,34.0000,3.3600
1,5,0,14,2,4,143,15,9288,107363,12,76,0.0000,0.0000,0.0000,34.0000,3.3600
1,5,1,12,2,9,143,15,9288,107363,13,76,0.0000,0.0000,0.0000,34.0000,3.3600
1,5,0,14,3,4,143,15,9288,107363,17,76,0.0000,0.0000,0.0000,34.0000,3.3600
1,5,1,16,3,34,143,15,9288,107363,19,76,0.0000,0.0000,0.0000,34.0000,3.3600
1,5,0,16,3,34,143,15,9288,107363,19,76,0.0000,0.0000,0.0000,34.0000,3.3600
1,5,0,18,2,27,50,14,9288,62105,16,76,0.0000,0.0000,0.0000,34.0000,3.3600
1,5,0,17,3,3,175,15,9288,107363,4,76,0.0000,0.0000,0.0000,34.0000,3.3600
1,5,0,16,2,34,50,14,9288,62105,19,76,0.0000,0.0000,0.0000,34.0000,3.3600
1,5,0,2,6,29,132,7,23400,73508,18,12,0.0000,0.0000,0.0000,30.0000,4.9200
1,5,0,3,3,66,129,7,23400,73508,11,12,0.0000,0.0000,0.0000,30.0000,4.9200
1,5,0,2,3,29,149,7,23400,73508,27,12,0.0000,0.0000,0.0000,30.0000,4.9200
1,5,0,3,7,66,132,7,23400,73508,17,12,0.0000,0.0000,0.0000,30.0000,4.9200
1,5,0,1,5,9,228,16,23400,15023,2,12,0.0000,0.0000,0.0000,30.0000,4.9200
1,5,1,14,5,74,228,16,23400,15023,2,12,0.0000,0.0000,0.0000,30.0000,4.9200
1,5,0,1,5,9,186,9,23400,9496,2,12,0.0000,0.0000,0.0000,30.0000,4.9200
1,5,0,4,5,69,180,9,23400,9496,3,12,0.0000,0.0000,0.0000,30.0000,4.9200
1,5,0,12,6,43,230,9,23400,9496,3,12,0.0000,0.0000,0.0000,30.0000,4.9200
1,5,0,2,5,29,230,9,23400,9496,3,12,0.0000,0.0000,0.0000,30.0000,4.9200
1,5,1,10,1,58,50,14,23400,62105,16,12,0.0000,0.0000,0.0000,30.0000,4.9200
1,5,1,14,2,74,50,14,23400,62105,15,12,0.0000,0.0000,0.0000,30.0000,4.9200
1,5,0,6,1,69,50,14,23400,62105,16,12,0.0000,0.0000,0.0000,30.0000,4.9200
1,5,0,6,3,69,50,14,23400,62105,19,12,0.0000,0.0000,0.0000,30.0000,4.9200
1,5,0,3,7,66,76,14,23400,62105,2,12,0.0000,0.0000,0.0000,30.0000,4.9200
1,5,0,11,1,60,50,14,23400,62105,18,12,0.0000,0.0000,0.0000,30.0000,4.9200
1,5,0,5,3,41,70,14,23400,62105,1,12,0.0000,0.0000,0.0000,30.0000,4.9200
1,5,1,3,3,66,70,14,23400,62105,1,12,0.0000,0.0000,0.0000,30.0000,4.9200
1,5,1,2,3,29,70,14,23400,62105,1,12,0.0000,0.0000,0.0000,30.0000,4.9200
1,5,0,2,3,29,50,14,23400,62105,18,12,0.0000,0.0000,0.0000,30.0000,4.9200
1,5,1,3,2,66,66,14,23400,62105,10,12,0.0000,0.0000,0.0000,30.0000,4.9200
1,5,0,4,5,69,66,14,23400,62105,10,12,0.0000,0.0000,0.0000,30.0000,4.9200
1,5,0,14,2,74,76,14,23400,62105,3,12,0.0000,0.0000,0.0000,30.0000,4.9200
1,5,0,7,1,54,76,14,23400,62105,5,12,0.0000,0.0000,0.0000,30.0000,4.9200
1,5,0,3,3,66,76,14,23400,62105,4,12,0.0000,0.0000,0.0000,30.0000,4.9200
1,5,0,3,6,66,76,14,23400,62105,13,12,0.0000,0.0000,0.0000,30.0000,4.9200
1,5,0,2,2,29,70,14,23400,62105,1,12,0.0000,0.0000,0.0000,30.0000,4.9200
1,5,0,3,3,66,70,14,23400,62105,1,12,0.0000,0.0000,0.0000,30.0000,4.9200
1,5,1,3,3,66,66,14,23400,62105,15,12,0.0000,0.0000,0.0000,30.0000,4.9200
1,5,0,4,5,69,160,3,23400,75506,4,12,0.0000,0.0000,0.0000,30.0000,4.9200
1,5,0,1,5,9,172,3,23400,75506,9,12,0.0000,0.0000,0.0000,30.0000,4.9200
1,5,1,3,2,66,187,3,23400,75506,11,12,0.0000,0.0000,0.0000,30.0000,4.9200
1,5,0,5,3,41,160,3,23400,75506,2,12,0.0000,0.0000,0.0000,30.0000,4.9200
1,5,1,6,4,69,172,3,23400,75506,9,12,0.0000,0.0000,0.0000,30.0000,4.9200
1,5,0,4,3,69,160,3,23400,75506,7,12,0.0000,0.0000,0.0000,30.0000,4.9200
1,5,0,2,4,29,160,3,23400,75506,7,12,0.0000,0.0000,0.0000,30.0000,4.9200
1,5,0,2,1,29,65,4,23400,23760,9,12,0.0000,0.0000,0.0000,30.0000,4.9200
1,5,0,2,3,29,160,3,23400,75506,4,12,0.0000,0.0000,0.0000,30.0000,4.9200
1,5,0,4,5,69,160,3,23400,75506,6,12,0.0000,0.0000,0.0000,30.0000,4.9200
1,5,0,6,7,69,181,3,23400,75506,5,12,0.0000,0.0000,0.0000,30.0000,4.9200
1,5,0,4,2,69,65,4,23400,23760,8,12,0.0000,0.0000,0.0000,30.0000,4.9200
1,5,0,3,3,66,160,3,23400,75506,7,12,0.0000,0.0000,0.0000,30.0000,4.9200
1,5,0,1,3,9,160,3,23400,75506,19,12,0.0000,0.0000,0.0000,30.0000,4.9200
1,5,0,2,3,29,70,4,23400,23760,15,12,0.0000,0.0000,0.0000,30.0000,4.9200
1,5,0,7,3,54,76,4,23400,23760,3,12,0.0000,0.0000,0.0000,30.0000,4.9200
1,5,0,4,3,69,160,3,23400,75506,3,12,0.0000,0.0000,0.0000,30.0000,4.9200
1,5,0,2,4,29,76,4,23400,23760,3,12,0.0000,0.0000,0.0000,30.0000,4.9200
1,5,0,3,4,66,234,3,23400,75506,4,12,0.0000,0.0000,0.0000,30.0000,4.9200
1,5,0,1,4,9,100,11,23400,23463,9,12,0.0000,0.0000,0.0000,30.0000,4.9200
1,5,1,2,5,29,150,11,23400,23463,15,12,0.0000,0.0000,0.0000,30.0000,4.9200
1,5,0,3,5,66,228,16,23400,15023,2,12,0.0000,0.0000,0.0000,30.0000,4.9200
1,5,0,12,4,43,234,3,23400,75506,4,12,0.0000,0.0000,0.0000,30.0000,4.9200
1,5,0,2,5,29,181,3,23400,75506,4,12,0.0000,0.0000,0.0000,30.0000,4.9200
1,5,0,3,5,66,172,3,23400,75506,10,12,0.0000,0.0000,0.0000,30.0000,4.9200
1,5,0,7,7,54,160,3,23400,75506,18,12,0.0000,0.0000,0.0000,30.0000,4.9200
1,5,0,15,2,58,160,3,23400,75506,19,12,0.0000,0.0000,0.0000,30.0000,4.9200
1,5,0,3,7,66,181,3,23400,75506,5,12,0.0000,0.0000,0.0000,30.0000,4.9200
1,5,0,4,1,69,50,4,23400,23760,15,12,0.0000,0.0000,0.0000,30.0000,4.9200
1,5,0,12,2,43,65,4,23400,23760,9,12,0.0000,0.0000,0.0000,30.0000,4.9200
1,5,0,10,3,58,50,5,23400,12231,17,12,0.0000,0.0000,0.0000,30.0000,4.9200
1,5,1,5,3,41,129,5,23400,12231,11,12,0.0000,0.0000,0.0000,30.0000,4.9200
1,5,0,11,2,60,129,5,23400,12231,11,12,0.0000,0.0000,0.0000,30.0000,4.9200
1,5,0,4,5,69,160,3,23400,75506,19,12,0.0000,0.0000,0.0000,30.0000,4.9200
1,5,0,9,7,49,181,3,23400,75506,4,12,0.0000,0.0000,0.0000,30.0000,4.9200
1,5,0,2,1,29,110,7,23400,73508,18,12,0.0000,0.0000,0.0000,30.0000,4.9200
1,5,0,4,7,69,172,1,23400,20315,16,12,0.0000,0.0000,0.0000,30.0000,4.9200
1,5,1,3,2,66,76,4,23400,23760,3,12,0.0000,0.0000,0.0000,30.0000,4.9200
1,5,0,4,2,69,76,4,23400,23760,2,12,0.0000,0.0000,0.0000,30.0000,4.9200
1,5,1,6,2,69,50,5,23400,12231,17,12,0.0000,0.0000,0.0000,30.0000,4.9200
1,5,0,4,2,69,50,5,23400,12231,17,12,0.0000,0.0000,0.0000,30.0000,4.9200
1,5,0,3,4,66,181,3,23400,75506,4,12,0.0000,0.0000,0.0000,30.0000,4.9200
1,5,0,3,4,66,181,3,23400,75506,4,12,0.0000,0.0000,0.0000,30.0000,4.9200
1,5,1,4,4,69,160,3,23400,75506,19,12,0.0000,0.0000,0.0000,30.0000,4.9200
1,5,0,7,5,54,154,17,23400,46218,19,12,0.0000,0.0000,0.0000,30.0000,4.9200
1,5,0,14,3,74,154,17,23400,46218,14,12,0.0000,0.0000,0.0000,30.0000,4.9200
1,5,0,3,7,66,154,17,23400,46218,20,12,0.0000,0.0000,0.0000,30.0000,4.9200
1,5,0,13,4,44,120,17,23400,46218,21,12,0.0000,0.0000,0.0000,30.0000,4.9200
1,5,0,3,7,66,216,17,23400,46218,16,12,0.0000,0.0000,0.0000,30.0000,4.9200
1,5,0,12,5,43,145,16,23400,15023,14,12,0.0000,0.0000,0.0000,30.0000,4.9200
1,5,0,3,4,66,142,17,23400,46218,21,12,0.0000,0.0000,0.0000,30.0000,4.9200
1,5,0,6,4,69,216,17,23400,46218,18,12,0.0000,0.0000,0.0000,30.0000,4.9200
1,5,0,5,8,41,216,17,23400,46218,18,12,0.0000,0.0000,0.0000,30.0000,4.9200
1,5,0,4,4,69,216,17,23400,46218,17,12,0.0000,0.0000,0.0000,30.0000,4.9200
1,5,0,3,9,66,173,17,23400,46218,7,12,0.0000,0.0000,0.0000,30.0000,4.9200
1,5,0,2,4,29,154,17,23400,46218,15,12,0.0000,0.0000,0.0000,30.0000,4.9200
1,5,0,3,5,66,228,16,23400,15023,3,12,0.0000,0.0000,0.0000,30.0000,4.9200
1,5,1,4,5,69,154,17,23400,46218,19,12,0.0000,0.0000,0.0000,30.0000,4.9200
1,5,0,3,3,66,142,17,23400,46218,23,12,0.0000,0.0000,0.0000,30.0000,4.9200
1,5,1,15,6,58,173,17,23400,46218,5,12,0.0000,0.0000,0.0000,30.0000,4.9200
1,5,0,2,3,29,142,17,23400,46218,23,12,0.0000,0.0000,0.0000,30.0000,4.9200
1,5,0,3,4,66,173,17,23400,46218,5,12,0.0000,0.0000,0.0000,30.0000,4.9200
1,5,1,10,3,58,120,17,23400,46218,17,12,0.0000,0.0000,0.0000,30.0000,4.9200
1,5,0,14,3,74,173,17,23400,46218,6,12,0.0000,0.0000,0.0000,30.0000,4.9200
1,5,0,4,3,69,154,17,23400,46218,20,12,0.0000,0.0000,0.0000,30.0000,4.9200
1,5,0,3,2,66,154,17,23400,46218,11,12,0.0000,0.0000,0.0000,30.0000,4.9200
1,5,0,10,3,58,267,17,23400,46218,20,12,0.0000,0.0000,0.0000,30.0000,4.9200
1,5,0,6,11,69,291,17,23400,46218,23,12,0.0000,0.0000,0.0000,30.0000,4.9200
1,5,1,15,2,58,154,17,23400,46218,17,12,0.0000,0.0000,0.0000,30.0000,4.9200
1,5,0,6,11,69,291,17,23400,46218,23,12,0.0000,0.0000,0.0000,30.0000,4.9200
1,5,0,3,7,66,216,17,23400,46218,16,12,0.0000,0.0000,0.0000,30.0000,4.9200
1,5,0,4,5,69,173,17,23400,46218,6,12,0.0000,0.0000,0.0000,30.0000,4.9200
1,5,0,3,3,66,124,17,23400,46218,21,12,0.0000,0.0000,0.0000,30.0000,4.9200
1,5,0,2,3,29,173,17,23400,46218,6,12,0.0000,0.0000,0.0000,30.0000,4.9200
1,5,0,8,4,57,173,17,23400,46218,5,12,0.0000,0.0000,0.0000,30.0000,4.9200
1,5,0,2,4,29,154,17,23400,46218,19,12,0.0000,0.0000,0.0000,30.0000,4.9200
1,5,0,4,3,69,120,17,23400,46218,21,12,0.0000,0.0000,0.0000,30.0000,4.9200
1,5,0,6,5,69,124,17,23400,46218,21,12,0.0000,0.0000,0.0000,30.0000,4.9200
1,5,0,5,4,41,120,17,23400,46218,17,12,0.0000,0.0000,0.0000,30.0000,4.9200
1,5,0,8,4,57,120,17,23400,46218,22,12,0.0000,0.0000,0.0000,30.0000,4.9200
1,5,1,15,8,58,267,17,23400,46218,20,12,0.0000,0.0000,0.0000,30.0000,4.9200
1,5,0,3,3,66,173,17,23400,46218,11,12,0.0000,0.0000,0.0000,30.0000,4.9200
1,5,0,2,8,29,173,17,23400,46218,4,12,0.0000,0.0000,0.0000,30.0000,4.9200
1,5,1,13,4,44,173,17,23400,46218,4,12,0.0000,0.0000,0.0000,30.0000,4.9200
1,5,0,6,5,69,154,17,23400,46218,11,12,0.0000,0.0000,0.0000,30.0000,4.9200
1,5,0,14,4,74,154,17,23400,46218,20,12,0.0000,0.0000,0.0000,30.0000,4.9200
1,5,0,3,5,66,154,17,23400,46218,11,12,0.0000,0.0000,0.0000,30.0000,4.9200
1,5,0,3,4,66,173,17,23400,46218,7,12,0.0000,0.0000,0.0000,30.0000,4.9200
1,5,0,2,3,29,124,17,23400,46218,20,12,0.0000,0.0000,0.0000,30.0000,4.9200
1,5,0,17,2,31,154,17,23400,46218,14,12,0.0000,0.0000,0.0000,30.0000,4.9200
1,5,0,2,4,29,145,16,23400,15023,12,12,0.0000,0.0000,0.0000,30.0000,4.9200
1,5,0,3,3,66,50,4,23400,23760,15,12,0.0000,0.0000,0.0000,30.0000,4.9200
1,5,0,4,3,69,160,3,23400,75506,5,12,0.0000,0.0000,0.0000,30.0000,4.9200
1,5,0,14,4,74,234,3,23400,75506,2,12,0.0000,0.0000,0.0000,30.0000,4.9200
1,5,0,3,4,66,160,3,23400,75506,20,12,0.0000,0.0000,0.0000,30.0000,4.9200
1,5,0,16,4,38,160,3,23400,75506,4,12,0.0000,0.0000,0.0000,30.0000,4.9200
1,5,0,1,6,9,187,3,23400,75506,7,12,0.0000,0.0000,0.0000,30.0000,4.9200
1,5,0,2,3,29,70,13,23400,24623,14,12,0.0000,0.0000,0.0000,30.0000,4.9200
1,5,0,2,3,29,70,13,23400,24623,14,12,0.0000,0.0000,0.0000,30.0000,4.9200
1,5,0,2,3,29,76,13,23400,24623,4,12,0.0000,0.0000,0.0000,30.0000,4.9200
1,5,0,3,3,66,70,13,23400,24623,14,12,0.0000,0.0000,0.0000,30.0000,4.9200
1,5,1,4,3,69,187,3,23400,75506,10,12,0.0000,0.0000,0.0000,30.0000,4.9200
1,5,0,2,3,29,76,13,23400,24623,4,12,0.0000,0.0000,0.0000,30.0000,4.9200
1,5,0,2,5,29,160,3,23400,75506,4,12,0.0000,0.0000,0.0000,30.0000,4.9200
1,5,0,1,3,9,182,16,23400,15023,1,12,0.0000,0.0000,0.0000,30.0000,4.9200
1,5,0,1,4,9,160,3,23400,75506,19,12,0.0000,0.0000,0.0000,30.0000,4.9200
1,5,0,3,3,66,160,3,23400,75506,5,12,0.0000,0.0000,0.0000,30.0000,4.9200
1,5,0,3,7,66,234,3,23400,75506,3,12,0.0000,0.0000,0.0000,30.0000,4.9200
1,5,0,5,3,41,76,4,23400,23760,3,12,0.0000,0.0000,0.0000,30.0000,4.9200
1,5,1,7,6,54,188,3,23400,75506,25,12,0.0000,0.0000,0.0000,30.0000,4.9200
1,5,0,18,1,26,50,4,23400,23760,15,12,0.0000,0.0000,0.0000,30.0000,4.9200
1,5,0,2,3,29,160,3,23400,75506,2,12,0.0000,0.0000,0.0000,30.0000,4.9200
1,5,0,3,6,66,187,3,23400,75506,8,12,0.0000,0.0000,0.0000,30.0000,4.9200
1,5,0,1,3,9,187,3,23400,75506,6,12,0.0000,0.0000,0.0000,30.0000,4.9200
1,5,0,4,9,69,172,3,23400,75506,9,12,0.0000,0.0000,0.0000,30.0000,4.9200
1,5,0,2,3,29,160,3,23400,75506,18,12,0.0000,0.0000,0.0000,30.0000,4.9200
1,5,0,4,5,69,181,3,23400,75506,3,12,0.0000,0.0000,0.0000,30.0000,4.9200
1,5,1,4,3,69,160,3,23400,75506,19,12,0.0000,0.0000,0.0000,30.0000,4.9200
1,5,0,3,3,66,187,3,23400,75506,18,12,0.0000,0.0000,0.0000,30.0000,4.9200
1,5,0,3,2,66,70,6,23400,22418,16,12,0.0000,0.0000,0.0000,30.0000,4.9200
1,5,0,3,3,66,50,4,23400,23760,14,12,0.0000,0.0000,0.0000,30.0000,4.9200
1,5,0,6,2,69,65,4,23400,23760,8,12,0.0000,0.0000,0.0000,30.0000,4.9200
1,5,0,4,1,69,50,4,23400,23760,14,12,0.0000,0.0000,0.0000,30.0000,4.9200
1,5,0,6,2,69,50,4,23400,23760,15,12,0.0000,0.0000,0.0000,30.0000,4.9200
1,5,0,3,2,66,50,4,23400,23760,14,12,0.0000,0.0000,0.0000,30.0000,4.9200
1,5,0,9,3,49,129,4,23400,23760,11,12,0.0000,0.0000,0.0000,30.0000,4.9200
1,5,0,4,1,69,50,4,23400,23760,14,12,0.0000,0.0000,0.0000,30.0000,4.9200
1,5,0,4,1,69,50,4,23400,23760,14,12,0.0000,0.0000,0.0000,30.0000,4.9200
1,5,0,5,1,41,158,7,23400,73508,21,12,0.0000,0.0000,0.0000,30.0000,4.9200
1,5,1,4,3,69,110,7,23400,73508,19,12,0.0000,0.0000,0.0000,30.0000,4.9200
1,5,1,10,3,58,129,5,23400,12231,11,12,0.0000,0.0000,0.0000,30.0000,4.9200
1,5,0,3,4,66,76,13,23400,24623,4,12,0.0000,0.0000,0.0000,30.0000,4.9200
1,5,0,4,3,69,70,13,23400,24623,15,12,0.0000,0.0000,0.0000,30.0000,4.9200
1,5,0,6,2,69,70,13,23400,24623,14,12,0.0000,0.0000,0.0000,30.0000,4.9200
1,5,0,6,3,69,76,13,23400,24623,4,12,0.0000,0.0000,0.0000,30.0000,4.9200
1,5,0,6,3,69,76,13,23400,24623,3,12,0.0000,0.0000,0.0000,30.0000,4.9200
1,5,0,6,2,69,76,13,23400,24623,4,12,0.0000,0.0000,0.0000,30.0000,4.9200
1,5,0,3,2,66,76,13,23400,24623,2,12,0.0000,0.0000,0.0000,30.0000,4.9200
1,5,1,5,3,41,70,13,23400,24623,14,12,0.0000,0.0000,0.0000,30.0000,4.9200
1,5,0,5,3,41,70,13,23400,24623,14,12,0.0000,0.0000,0.0000,30.0000,4.9200
1,5,1,9,2,49,160,3,23400,75506,7,12,0.0000,0.0000,0.0000,30.0000,4.9200
1,5,0,10,5,58,172,3,23400,75506,9,12,0.0000,0.0000,0.0000,30.0000,4.9200
1,5,0,6,7,69,160,3,23400,75506,3,12,0.0000,0.0000,0.0000,30.0000,4.9200
1,5,0,7,2,54,76,13,23400,24623,3,12,0.0000,0.0000,0.0000,30.0000,4.9200
1,5,0,6,2,69,50,5,23400,12231,14,12,0.0000,0.0000,0.0000,30.0000,4.9200
1,5,1,4,2,69,160,3,23400,75506,19,12,0.0000,0.0000,0.0000,30.0000,4.9200
1,5,0,8,5,57,160,3,23400,75506,3,12,0.0000,0.0000,0.0000,30.0000,4.9200
1,5,0,12,7,43,181,3,23400,75506,5,12,0.0000,0.0000,0.0000,30.0000,4.9200
1,5,0,17,2,31,173,17,23400,46218,7,12,0.0000,0.0000,0.0000,30.0000,4.9200
1,5,0,9,7,49,154,17,23400,46218,9,12,0.0000,0.0000,0.0000,30.0000,4.9200
1,5,0,10,8,58,173,17,23400,46218,5,12,0.0000,0.0000,0.0000,30.0000,4.9200
1,5,0,7,7,54,173,17,23400,46218,6,12,0.0000,0.0000,0.0000,30.0000,4.9200
1,5,0,10,3,58,120,17,23400,46218,19,12,0.0000,0.0000,0.0000,30.0000,4.9200
1,5,0,8,7,57,142,17,23400,46218,26,12,0.0000,0.0000,0.0000,30.0000,4.9200
1,5,0,9,3,49,173,17,23400,46218,4,12,0.0000,0.0000,0.0000,30.0000,4.9200
1,5,0,8,6,57,120,17,23400,46218,18,12,0.0000,0.0000,0.0000,30.0000,4.9200
1,5,0,8,7,57,173,17,23400,46218,5,12,0.0000,0.0000,0.0000,30.0000,4.9200
1,5,0,5,4,41,120,17,23400,46218,12,12,0.0000,0.0000,0.0000,30.0000,4.9200
1,5,1,7,4,54,142,17,23400,46218,13,12,0.0000,0.0000,0.0000,30.0000,4.9200
1,5,0,6,7,69,216,17,23400,46218,15,12,0.0000,0.0000,0.0000,30.0000,4.9200
1,5,0,10,5,58,142,17,23400,46218,17,12,0.0000,0.0000,0.0000,30.0000,4.9200
1,5,0,9,6,49,173,17,23400,46218,11,12,0.0000,0.0000,0.0000,30.0000,4.9200
1,5,0,11,4,60,173,17,23400,46218,6,12,0.0000,0.0000,0.0000,30.0000,4.9200
1,5,0,10,4,58,154,17,23400,46218,20,12,0.0000,0.0000,0.0000,30.0000,4.9200
1,5,0,5,3,41,70,13,23400,24623,14,12,0.0000,0.0000,0.0000,30.0000,4.9200
1,5,0,3,3,66,70,13,23400,24623,15,12,0.0000,0.0000,0.0000,30.0000,4.9200
1,5,0,6,2,69,70,13,23400,24623,15,12,0.0000,0.0000,0.0000,30.0000,4.9200
1,5,0,6,2,69,70,13,23400,24623,14,12,0.0000,0.0000,0.0000,30.0000,4.9200
1,5,0,10,7,58,173,17,23400,46218,7,12,0.0000,0.0000,0.0000,30.0000,4.9200
1,5,0,10,2,58,124,17,23400,46218,21,12,0.0000,0.0000,0.0000,30.0000,4.9200
1,5,0,17,3,31,173,17,23400,46218,5,12,0.0000,0.0000,0.0000,30.0000,4.9200
1,5,1,8,3,57,142,17,23400,46218,26,12,0.0000,0.0000,0.0000,30.0000,4.9200
1,5,0,6,7,69,173,17,23400,46218,5,12,0.0000,0.0000,0.0000,30.0000,4.9200
1,5,0,3,5,66,124,17,23400,46218,20,12,0.0000,0.0000,0.0000,30.0000,4.9200
1,5,0,6,7,69,142,17,23400,46218,26,12,0.0000,0.0000,0.0000,30.0000,4.9200
1,5,0,6,4,69,154,17,23400,46218,8,12,0.0000,0.0000,0.0000,30.0000,4.9200
1,5,0,4,6,69,120,17,23400,46218,18,12,0.0000,0.0000,0.0000,30.0000,4.9200
1,5,0,7,5,54,154,17,23400,46218,13,12,0.0000,0.0000,0.0000,30.0000,4.9200
1,5,0,6,8,69,120,17,23400,46218,22,12,0.0000,0.0000,0.0000,30.0000,4.9200
1,5,0,8,4,57,120,17,23400,46218,18,12,0.0000,0.0000,0.0000,30.0000,4.9200
1,5,0,10,4,58,179,17,23400,46218,1,12,0.0000,0.0000,0.0000,30.0000,4.9200
1,5,0,6,5,69,142,17,23400,46218,24,12,0.0000,0.0000,0.0000,30.0000,4.9200
1,5,0,15,7,58,154,17,23400,46218,2,12,0.0000,0.0000,0.0000,30.0000,4.9200
1,5,0,10,5,58,154,17,23400,46218,19,12,0.0000,0.0000,0.0000,30.0000,4.9200
1,5,0,7,5,54,154,17,23400,46218,21,12,0.0000,0.0000,0.0000,30.0000,4.9200
1,5,0,10,2,58,142,17,23400,46218,24,12,0.0000,0.0000,0.0000,30.0000,4.9200
1,5,0,6,6,69,173,17,23400,46218,4,12,0.0000,0.0000,0.0000,30.0000,4.9200
1,5,0,10,3,58,142,17,23400,46218,23,12,0.0000,0.0000,0.0000,30.0000,4.9200
1,5,1,4,8,69,216,17,23400,46218,17,12,0.0000,0.0000,0.0000,30.0000,4.9200
1,5,0,7,3,54,120,17,23400,46218,12,12,0.0000,0.0000,0.0000,30.0000,4.9200
1,5,1,8,4,57,216,17,23400,46218,18,12,0.0000,0.0000,0.0000,30.0000,4.9200
1,5,0,13,3,44,154,17,23400,46218,11,12,0.0000,0.0000,0.0000,30.0000,4.9200
1,5,0,17,2,31,173,17,23400,46218,7,12,0.0000,0.0000,0.0000,30.0000,4.9200
1,5,0,7,3,54,173,17,23400,46218,6,12,0.0000,0.0000,0.0000,30.0000,4.9200
1,5,0,11,7,60,173,17,23400,46218,5,12,0.0000,0.0000,0.0000,30.0000,4.9200
1,5,0,12,2,43,142,17,23400,46218,19,12,0.0000,0.0000,0.0000,30.0000,4.9200
1,5,0,10,5,58,173,17,23400,46218,6,12,0.0000,0.0000,0.0000,30.0000,4.9200
1,5,0,3,6,66,142,17,23400,46218,24,12,0.0000,0.0000,0.0000,30.0000,4.9200
1,5,0,9,3,49,120,17,23400,46218,17,12,0.0000,0.0000,0.0000,30.0000,4.9200
1,5,0,6,7,69,173,17,23400,46218,4,12,0.0000,0.0000,0.0000,30.0000,4.9200
1,5,0,7,3,54,173,17,23400,46218,4,12,0.0000,0.0000,0.0000,30.0000,4.9200
1,5,1,10,3,58,120,17,23400,46218,21,12,0.0000,0.0000,0.0000,30.0000,4.9200
1,5,0,6,5,69,124,17,23400,46218,20,12,0.0000,0.0000,0.0000,30.0000,4.9200
1,5,0,4,4,69,142,17,23400,46218,17,12,0.0000,0.0000,0.0000,30.0000,4.9200
1,5,0,13,2,44,142,17,23400,46218,19,12,0.0000,0.0000,0.0000,30.0000,4.9200
1,5,0,17,7,31,173,17,23400,46218,6,12,0.0000,0.0000,0.0000,30.0000,4.9200
1,5,0,4,5,69,142,17,23400,46218,19,12,0.0000,0.0000,0.0000,30.0000,4.9200
1,5,0,5,7,41,120,17,23400,46218,17,12,0.0000,0.0000,0.0000,30.0000,4.9200
1,5,0,8,3,57,142,17,23400,46218,25,12,0.0000,0.0000,0.0000,30.0000,4.9200
1,5,0,7,3,54,120,17,23400,46218,21,12,0.0000,0.0000,0.0000,30.0000,4.9200
1,5,0,7,5,54,173,17,23400,46218,11,12,0.0000,0.0000,0.0000,30.0000,4.9200
1,5,0,6,7,69,154,17,23400,46218,2,12,0.0000,0.0000,0.0000,30.0000,4.9200
1,5,0,7,5,54,124,17,23400,46218,21,12,0.0000,0.0000,0.0000,30.0000,4.9200
1,5,0,6,8,69,120,17,23400,46218,17,12,0.0000,0.0000,0.0000,30.0000,4.9200
1,5,0,4,3,69,124,17,23400,46218,21,12,0.0000,0.0000,0.0000,30.0000,4.9200
1,5,0,6,7,69,124,17,23400,46218,20,12,0.0000,0.0000,0.0000,30.0000,4.9200
1,5,0,10,4,58,154,17,23400,46218,20,12,0.0000,0.0000,0.0000,30.0000,4.9200
1,5,0,8,7,57,142,17,23400,46218,22,12,0.0000,0.0000,0.0000,30.0000,4.9200
1,5,0,6,7,69,154,17,23400,46218,19,12,0.0000,0.0000,0.0000,30.0000,4.9200
1,5,0,10,4,58,100,11,23400,23463,13,12,0.0000,0.0000,0.0000,30.0000,4.9200
1,5,0,5,4,41,100,11,23400,23463,13,12,0.0000,0.0000,0.0000,30.0000,4.9200
1,5,0,4,4,69,178,16,23400,15023,4,12,0.0000,0.0000,0.0000,30.0000,4.9200
1,5,0,6,3,69,187,3,23400,75506,18,12,0.0000,0.0000,0.0000,30.0000,4.9200
1,5,0,11,3,60,76,4,23400,23760,3,12,0.0000,0.0000,0.0000,30.0000,4.9200
1,5,0,3,2,66,76,4,23400,23760,3,12,0.0000,0.0000,0.0000,30.0000,4.9200
1,5,0,4,1,69,50,4,23400,23760,15,12,0.0000,0.0000,0.0000,30.0000,4.9200
1,5,0,4,1,69,50,4,23400,23760,14,12,0.0000,0.0000,0.0000,30.0000,4.9200
1,5,0,9,4,49,181,3,23400,75506,3,12,0.0000,0.0000,0.0000,30.0000,4.9200
1,5,1,13,2,44,181,3,23400,75506,3,12,0.0000,0.0000,0.0000,30.0000,4.9200
1,5,0,4,2,69,50,4,23400,23760,14,12,0.0000,0.0000,0.0000,30.0000,4.9200
1,5,0,5,1,41,50,4,23400,23760,15,12,0.0000,0.0000,0.0000,30.0000,4.9200
1,5,0,6,5,69,76,4,23400,23760,3,12,0.0000,0.0000,0.0000,30.0000,4.9200
1,5,0,4,1,69,50,4,23400,23760,14,12,0.0000,0.0000,0.0000,30.0000,4.9200
1,5,0,4,1,69,50,4,23400,23760,15,12,0.0000,0.0000,0.0000,30.0000,4.9200
1,5,1,4,3,69,129,4,23400,23760,11,12,0.0000,0.0000,0.0000,30.0000,4.9200
1,5,0,4,2,69,50,4,23400,23760,14,12,0.0000,0.0000,0.0000,30.0000,4.9200
1,5,0,5,1,41,50,4,23400,23760,15,12,0.0000,0.0000,0.0000,30.0000,4.9200
1,5,0,6,2,69,129,4,23400,23760,11,12,0.0000,0.0000,0.0000,30.0000,4.9200
1,5,0,4,5,69,76,4,23400,23760,4,12,0.0000,0.0000,0.0000,30.0000,4.9200
1,5,0,7,8,54,160,3,23400,75506,6,12,0.0000,0.0000,0.0000,30.0000,4.9200
1,5,0,4,6,69,187,3,23400,75506,18,12,0.0000,0.0000,0.0000,30.0000,4.9200
1,5,0,5,5,41,160,3,23400,75506,18,12,0.0000,0.0000,0.0000,30.0000,4.9200
1,5,0,6,7,69,160,3,23400,75506,6,12,0.0000,0.0000,0.0000,30.0000,4.9200
1,5,0,4,3,69,50,4,23400,23760,16,12,0.0000,0.0000,0.0000,30.0000,4.9200
1,5,0,3,2,66,50,4,23400,23760,14,12,0.0000,0.0000,0.0000,30.0000,4.9200
1,5,0,5,1,41,50,4,23400,23760,15,12,0.0000,0.0000,0.0000,30.0000,4.9200
1,5,0,5,3,41,129,4,23400,23760,11,12,0.0000,0.0000,0.0000,30.0000,4.9200
1,5,0,5,4,41,160,3,23400,75506,3,12,0.0000,0.0000,0.0000,30.0000,4.9200
1,5,0,6,4,69,182,16,23400,15023,1,12,0.0000,0.0000,0.0000,30.0000,4.9200
1,5,0,6,4,69,234,3,23400,75506,4,12,0.0000,0.0000,0.0000,30.0000,4.9200
1,5,0,16,5,38,160,3,23400,75506,18,12,0.0000,0.0000,0.0000,30.0000,4.9200
1,5,1,6,4,69,234,3,23400,75506,4,12,0.0000,0.0000,0.0000,30.0000,4.9200
1,5,0,11,7,60,160,3,23400,75506,3,12,0.0000,0.0000,0.0000,30.0000,4.9200
1,5,0,6,5,69,160,3,23400,75506,19,12,0.0000,0.0000,0.0000,30.0000,4.9200
1,5,0,6,6,69,160,3,23400,75506,6,12,0.0000,0.0000,0.0000,30.0000,4.9200
1,5,0,5,7,41,182,16,23400,15023,3,12,0.0000,0.0000,0.0000,30.0000,4.9200
1,5,0,9,3,49,187,3,23400,75506,10,12,0.0000,0.0000,0.0000,30.0000,4.9200
1,5,0,5,7,41,160,3,23400,75506,19,12,0.0000,0.0000,0.0000,30.0000,4.9200
1,5,0,8,3,57,160,3,23400,75506,20,12,0.0000,0.0000,0.0000,30.0000,4.9200
1,5,0,4,2,69,70,6,23400,22418,16,12,0.0000,0.0000,0.0000,30.0000,4.9200
1,5,0,9,7,49,181,1,23400,20315,2,12,0.0000,0.0000,0.0000,30.0000,4.9200
1,5,0,13,7,44,181,1,23400,20315,3,12,0.0000,0.0000,0.0000,30.0000,4.9200
1,5,0,13,8,44,146,1,23400,20315,6,12,0.0000,0.0000,0.0000,30.0000,4.9200
1,5,0,10,7,58,157,1,23400,20315,12,12,0.0000,0.0000,0.0000,30.0000,4.9200
1,5,0,7,3,54,70,14,23400,62105,1,12,0.0000,0.0000,0.0000,30.0000,4.9200
1,5,0,5,2,41,129,14,23400,62105,11,12,0.0000,0.0000,0.0000,30.0000,4.9200
1,5,0,3,1,66,50,14,23400,62105,16,12,0.0000,0.0000,0.0000,30.0000,4.9200
1,5,0,3,2,66,50,14,23400,62105,17,12,0.0000,0.0000,0.0000,30.0000,4.9200
1,5,0,3,1,66,50,14,23400,62105,16,12,0.0000,0.0000,0.0000,30.0000,4.9200
1,5,0,6,4,69,76,14,23400,62105,2,12,0.0000,0.0000,0.0000,30.0000,4.9200
1,5,0,13,3,44,66,14,23400,62105,9,12,0.0000,0.0000,0.0000,30.0000,4.9200
1,5,0,6,3,69,50,14,23400,62105,16,12,0.0000,0.0000,0.0000,30.0000,4.9200
1,5,0,10,2,58,76,14,23400,62105,5,12,0.0000,0.0000,0.0000,30.0000,4.9200
1,5,0,17,3,31,76,14,23400,62105,3,12,0.0000,0.0000,0.0000,30.0000,4.9200
1,5,0,3,2,66,50,14,23400,62105,15,12,0.0000,0.0000,0.0000,30.0000,4.9200
1,5,0,6,6,69,76,14,23400,62105,2,12,0.0000,0.0000,0.0000,30.0000,4.9200
1,5,0,4,2,69,50,14,23400,62105,19,12,0.0000,0.0000,0.0000,30.0000,4.9200
1,5,0,10,1,58,50,14,23400,62105,17,12,0.0000,0.0000,0.0000,30.0000,4.9200
1,5,0,5,2,41,50,14,23400,62105,15,12,0.0000,0.0000,0.0000,30.0000,4.9200
1,5,0,3,1,66,50,14,23400,62105,16,12,0.0000,0.0000,0.0000,30.0000,4.9200
1,5,0,10,8,58,160,3,23400,75506,2,12,0.0000,0.0000,0.0000,30.0000,4.9200
1,5,0,3,1,66,66,14,23400,62105,14,12,0.0000,0.0000,0.0000,30.0000,4.9200
1,5,0,6,2,69,129,14,23400,62105,11,12,0.0000,0.0000,0.0000,30.0000,4.9200
1,5,0,4,2,69,66,14,23400,62105,14,12,0.0000,0.0000,0.0000,30.0000,4.9200
1,5,0,5,4,41,66,14,23400,62105,14,12,0.0000,0.0000,0.0000,30.0000,4.9200
1,5,0,4,1,69,66,14,23400,62105,14,12,0.0000,0.0000,0.0000,30.0000,4.9200
1,5,0,4,1,69,66,14,23400,62105,14,12,0.0000,0.0000,0.0000,30.0000,4.9200
1,5,0,4,1,69,50,14,23400,62105,18,12,0.0000,0.0000,0.0000,30.0000,4.9200
1,5,0,3,3,66,50,14,23400,62105,16,12,0.0000,0.0000,0.0000,30.0000,4.9200
1,5,0,8,3,57,50,14,23400,62105,17,12,0.0000,0.0000,0.0000,30.0000,4.9200
1,5,0,5,5,41,66,14,23400,62105,14,12,0.0000,0.0000,0.0000,30.0000,4.9200
1,5,0,7,3,54,66,14,23400,62105,14,12,0.0000,0.0000,0.0000,30.0000,4.9200
1,5,0,3,3,66,66,14,23400,62105,15,12,0.0000,0.0000,0.0000,30.0000,4.9200
1,5,0,7,5,54,66,14,23400,62105,15,12,0.0000,0.0000,0.0000,30.0000,4.9200
1,5,0,9,1,49,50,14,23400,62105,17,12,0.0000,0.0000,0.0000,30.0000,4.9200
1,5,1,11,1,60,50,14,23400,62105,18,12,0.0000,0.0000,0.0000,30.0000,4.9200
1,5,0,6,3,69,66,14,23400,62105,14,12,0.0000,0.0000,0.0000,30.0000,4.9200
1,5,0,3,2,66,129,14,23400,62105,11,12,0.0000,0.0000,0.0000,30.0000,4.9200
1,5,0,7,1,54,129,14,23400,62105,11,12,0.0000,0.0000,0.0000,30.0000,4.9200
1,5,0,6,8,69,181,3,23400,75506,2,12,0.0000,0.0000,0.0000,30.0000,4.9200
1,5,0,11,5,60,66,14,23400,62105,10,12,0.0000,0.0000,0.0000,30.0000,4.9200
1,5,0,4,2,69,76,14,23400,62105,5,12,0.0000,0.0000,0.0000,30.0000,4.9200
1,5,0,6,3,69,50,14,23400,62105,16,12,0.0000,0.0000,0.0000,30.0000,4.9200
1,5,0,6,6,69,76,14,23400,62105,4,12,0.0000,0.0000,0.0000,30.0000,4.9200
1,5,1,5,6,41,190,3,23400,75506,6,12,0.0000,0.0000,0.0000,30.0000,4.9200
1,5,0,8,1,57,76,14,23400,62105,5,12,0.0000,0.0000,0.0000,30.0000,4.9200
1,5,0,7,3,54,76,14,23400,62105,4,12,0.0000,0.0000,0.0000,30.0000,4.9200
1,5,0,3,3,66,50,14,23400,62105,17,12,0.0000,0.0000,0.0000,30.0000,4.9200
1,5,0,5,4,41,50,14,23400,62105,16,12,0.0000,0.0000,0.0000,30.0000,4.9200
1,5,0,15,2,58,76,14,23400,62105,4,12,0.0000,0.0000,0.0000,30.0000,4.9200
1,5,0,7,2,54,50,14,23400,62105,16,12,0.0000,0.0000,0.0000,30.0000,4.9200
1,5,0,10,3,58,76,14,23400,62105,5,12,0.0000,0.0000,0.0000,30.0000,4.9200
1,5,0,4,3,69,110,7,23400,73508,18,12,0.0000,0.0000,0.0000,30.0000,4.9200
1,5,0,14,3,74,129,7,23400,73508,11,12,0.0000,0.0000,0.0000,30.0000,4.9200
1,5,0,11,2,60,158,7,23400,73508,24,12,0.0000,0.0000,0.0000,30.0000,4.9200
1,5,1,6,3,69,157,7,23400,73508,27,12,0.0000,0.0000,0.0000,30.0000,4.9200
1,5,1,10,7,58,132,7,23400,73508,19,12,0.0000,0.0000,0.0000,30.0000,4.9200
1,5,1,5,2,41,158,7,23400,73508,21,12,0.0000,0.0000,0.0000,30.0000,4.9200
1,5,0,7,1,54,129,5,23400,12231,11,12,0.0000,0.0000,0.0000,30.0000,4.9200
1,5,0,9,6,49,132,7,23400,73508,16,12,0.0000,0.0000,0.0000,30.0000,4.9200
1,5,0,6,2,69,50,5,23400,12231,18,12,0.0000,0.0000,0.0000,30.0000,4.9200
1,5,1,8,3,57,50,5,23400,12231,18,12,0.0000,0.0000,0.0000,30.0000,4.9200
1,5,0,7,7,54,181,3,23400,75506,2,12,0.0000,0.0000,0.0000,30.0000,4.9200
1,5,0,4,4,69,160,3,23400,75506,5,12,0.0000,0.0000,0.0000,30.0000,4.9200
1,5,0,11,3,60,160,3,23400,75506,2,12,0.0000,0.0000,0.0000,30.0000,4.9200
1,5,0,7,7,54,160,3,23400,75506,20,12,0.0000,0.0000,0.0000,30.0000,4.9200
1,5,0,4,4,69,160,3,23400,75506,2,12,0.0000,0.0000,0.0000,30.0000,4.9200
1,5,0,7,3,54,172,3,23400,75506,9,12,0.0000,0.0000,0.0000,30.0000,4.9200
1,5,0,6,5,69,128,3,23400,75506,6,12,0.0000,0.0000,0.0000,30.0000,4.9200
1,5,0,3,1,66,50,5,23400,12231,18,12,0.0000,0.0000,0.0000,30.0000,4.9200
1,5,0,4,2,69,160,3,23400,75506,4,12,0.0000,0.0000,0.0000,30.0000,4.9200
1,5,0,11,5,60,172,3,23400,75506,10,12,0.0000,0.0000,0.0000,30.0000,4.9200
1,5,0,14,5,74,160,3,23400,75506,20,12,0.0000,0.0000,0.0000,30.0000,4.9200
1,5,0,9,2,49,160,3,23400,75506,5,12,0.0000,0.0000,0.0000,30.0000,4.9200
1,5,0,8,5,57,128,3,23400,75506,6,12,0.0000,0.0000,0.0000,30.0000,4.9200
1,5,0,8,5,57,209,3,23400,75506,16,12,0.0000,0.0000,0.0000,30.0000,4.9200
1,5,0,13,7,44,172,3,23400,75506,9,12,0.0000,0.0000,0.0000,30.0000,4.9200
1,5,0,11,6,60,128,3,23400,75506,19,12,0.0000,0.0000,0.0000,30.0000,4.9200
1,5,0,5,1,41,50,5,23400,12231,18,12,0.0000,0.0000,0.0000,30.0000,4.9200
1,5,0,4,3,69,128,3,23400,75506,19,12,0.0000,0.0000,0.0000,30.0000,4.9200
1,5,0,8,3,57,187,3,23400,75506,6,12,0.0000,0.0000,0.0000,30.0000,4.9200
1,5,0,4,4,69,76,4,23400,23760,2,12,0.0000,0.0000,0.0000,30.0000,4.9200
1,5,0,6,5,69,65,4,23400,23760,8,12,0.0000,0.0000,0.0000,30.0000,4.9200
1,5,0,5,3,41,76,4,23400,23760,2,12,0.0000,0.0000,0.0000,30.0000,4.9200
1,5,0,3,4,66,76,4,23400,23760,3,12,0.0000,0.0000,0.0000,30.0000,4.9200
1,5,0,6,1,69,129,4,23400,23760,11,12,0.0000,0.0000,0.0000,30.0000,4.9200
1,5,0,4,3,69,50,4,23400,23760,14,12,0.0000,0.0000,0.0000,30.0000,4.9200
1,5,0,2,3,29,76,4,23400,23760,3,12,0.0000,0.0000,0.0000,30.0000,4.9200
1,5,0,5,2,41,50,4,23400,23760,14,12,0.0000,0.0000,0.0000,30.0000,4.9200
1,5,1,3,3,66,187,3,23400,75506,8,12,0.0000,0.0000,0.0000,30.0000,4.9200
1,5,0,6,4,69,160,3,23400,75506,6,12,0.0000,0.0000,0.0000,30.0000,4.9200
1,5,0,8,4,57,160,3,23400,75506,3,12,0.0000,0.0000,0.0000,30.0000,4.9200
1,5,0,8,5,57,172,3,23400,75506,9,12,0.0000,0.0000,0.0000,30.0000,4.9200
1,5,0,8,3,57,160,3,23400,75506,4,12,0.0000,0.0000,0.0000,30.0000,4.9200
1,5,0,5,7,41,181,3,23400,75506,5,12,0.0000,0.0000,0.0000,30.0000,4.9200
1,5,1,9,7,49,160,3,23400,75506,19,12,0.0000,0.0000,0.0000,30.0000,4.9200
1,5,0,7,5,54,160,3,23400,75506,3,12,0.0000,0.0000,0.0000,30.0000,4.9200
1,5,0,5,7,41,182,16,23400,15023,2,12,0.0000,0.0000,0.0000,30.0000,4.9200
1,5,0,4,2,69,50,5,23400,12231,19,12,0.0000,0.0000,0.0000,30.0000,4.9200
1,5,0,11,2,60,129,5,23400,12231,11,12,0.0000,0.0000,0.0000,30.0000,4.9200
1,5,0,6,7,69,145,16,23400,15023,14,12,0.0000,0.0000,0.0000,30.0000,4.9200
1,5,0,3,7,66,186,9,23400,9496,1,12,0.0000,0.0000,0.0000,30.0000,4.9200
1,5,0,6,5,69,150,9,23400,9496,14,12,0.0000,0.0000,0.0000,30.0000,4.9200
1,5,0,5,6,41,160,3,23400,75506,5,12,0.0000,0.0000,0.0000,30.0000,4.9200
1,5,0,6,7,69,160,3,23400,75506,8,12,0.0000,0.0000,0.0000,30.0000,4.9200
1,5,0,5,7,41,172,3,23400,75506,9,12,0.0000,0.0000,0.0000,30.0000,4.9200
1,5,0,4,3,69,50,4,23400,23760,15,12,0.0000,0.0000,0.0000,30.0000,4.9200
1,5,0,4,2,69,50,4,23400,23760,15,12,0.0000,0.0000,0.0000,30.0000,4.9200
1,5,0,5,1,41,76,4,23400,23760,2,12,0.0000,0.0000,0.0000,30.0000,4.9200
1,5,0,6,2,69,76,4,23400,23760,2,12,0.0000,0.0000,0.0000,30.0000,4.9200
1,5,0,4,1,69,50,4,23400,23760,14,12,0.0000,0.0000,0.0000,30.0000,4.9200
1,5,0,3,2,66,129,4,23400,23760,11,12,0.0000,0.0000,0.0000,30.0000,4.9200
1,5,0,3,5,66,160,3,23400,75506,5,12,0.0000,0.0000,0.0000,30.0000,4.9200
1,5,0,5,5,41,76,4,23400,23760,3,12,0.0000,0.0000,0.0000,30.0000,4.9200
1,5,0,4,2,69,129,4,23400,23760,11,12,0.0000,0.0000,0.0000,30.0000,4.9200
1,5,0,4,3,69,129,4,23400,23760,11,12,0.0000,0.0000,0.0000,30.0000,4.9200
1,5,1,14,3,74,76,8,23400,19857,6,12,0.0000,0.0000,0.0000,30.0000,4.9200
1,5,0,8,7,57,172,3,23400,75506,9,12,0.0000,0.0000,0.0000,30.0000,4.9200
1,5,0,12,5,43,160,3,23400,75506,6,12,0.0000,0.0000,0.0000,30.0000,4.9200
1,5,0,3,1,66,50,4,23400,23760,15,12,0.0000,0.0000,0.0000,30.0000,4.9200
1,5,0,6,3,69,50,4,23400,23760,15,12,0.0000,0.0000,0.0000,30.0000,4.9200
1,5,0,3,2,66,50,4,23400,23760,14,12,0.0000,0.0000,0.0000,30.0000,4.9200
1,5,0,4,1,69,50,4,23400,23760,15,12,0.0000,0.0000,0.0000,30.0000,4.9200
1,5,0,4,3,69,50,4,23400,23760,15,12,0.0000,0.0000,0.0000,30.0000,4.9200
1,5,0,5,4,41,160,3,23400,75506,6,12,0.0000,0.0000,0.0000,30.0000,4.9200
1,5,0,5,3,41,160,3,23400,75506,4,12,0.0000,0.0000,0.0000,30.0000,4.9200
1,5,0,8,3,57,160,3,23400,75506,2,12,0.0000,0.0000,0.0000,30.0000,4.9200
1,5,0,6,3,69,160,3,23400,75506,4,12,0.0000,0.0000,0.0000,30.0000,4.9200
1,5,0,4,2,69,50,8,23400,19857,15,12,0.0000,0.0000,0.0000,30.0000,4.9200
1,5,0,8,7,57,160,3,23400,75506,18,12,0.0000,0.0000,0.0000,30.0000,4.9200
1,5,1,4,2,69,50,4,23400,23760,15,12,0.0000,0.0000,0.0000,30.0000,4.9200
1,5,0,9,5,49,160,3,23400,75506,8,12,0.0000,0.0000,0.0000,30.0000,4.9200
1,5,0,9,2,49,76,13,23400,24623,4,12,0.0000,0.0000,0.0000,30.0000,4.9200
1,5,0,9,1,49,70,13,23400,24623,15,12,0.0000,0.0000,0.0000,30.0000,4.9200
1,5,0,8,3,57,76,13,23400,24623,4,12,0.0000,0.0000,0.0000,30.0000,4.9200
1,5,0,10,3,58,70,13,23400,24623,14,12,0.0000,0.0000,0.0000,30.0000,4.9200
1,5,0,8,3,57,76,13,23400,24623,2,12,0.0000,0.0000,0.0000,30.0000,4.9200
1,5,0,8,3,57,76,13,23400,24623,4,12,0.0000,0.0000,0.0000,30.0000,4.9200
1,5,0,9,6,49,160,3,23400,75506,3,12,0.0000,0.0000,0.0000,30.0000,4.9200
1,5,0,10,3,58,154,17,23400,46218,20,12,0.0000,0.0000,0.0000,30.0000,4.9200
1,5,0,13,5,44,216,17,23400,46218,16,12,0.0000,0.0000,0.0000,30.0000,4.9200
1,5,0,17,1,31,173,17,23400,46218,10,12,0.0000,0.0000,0.0000,30.0000,4.9200
1,5,0,5,3,41,173,17,23400,46218,10,12,0.0000,0.0000,0.0000,30.0000,4.9200
1,5,0,12,3,43,142,17,23400,46218,17,12,0.0000,0.0000,0.0000,30.0000,4.9200
1,5,0,10,2,58,124,17,23400,46218,21,12,0.0000,0.0000,0.0000,30.0000,4.9200
1,5,1,6,3,69,173,17,23400,46218,7,12,0.0000,0.0000,0.0000,30.0000,4.9200
1,5,0,7,1,54,50,4,23400,23760,15,12,0.0000,0.0000,0.0000,30.0000,4.9200
1,5,0,14,4,74,76,4,23400,23760,3,12,0.0000,0.0000,0.0000,30.0000,4.9200
1,5,0,11,7,60,154,17,23400,46218,21,12,0.0000,0.0000,0.0000,30.0000,4.9200
1,5,0,8,3,57,70,4,23400,23760,15,12,0.0000,0.0000,0.0000,30.0000,4.9200
1,5,0,14,3,74,154,17,23400,46218,11,12,0.0000,0.0000,0.0000,30.0000,4.9200
1,5,0,11,4,60,173,17,23400,46218,5,12,0.0000,0.0000,0.0000,30.0000,4.9200
1,5,0,14,3,74,142,17,23400,46218,18,12,0.0000,0.0000,0.0000,30.0000,4.9200
1,5,0,14,4,74,173,17,23400,46218,5,12,0.0000,0.0000,0.0000,30.0000,4.9200
1,5,1,14,3,74,142,17,23400,46218,19,12,0.0000,0.0000,0.0000,30.0000,4.9200
1,5,0,16,5,38,120,17,23400,46218,17,12,0.0000,0.0000,0.0000,30.0000,4.9200
1,5,0,13,7,44,173,17,23400,46218,4,12,0.0000,0.0000,0.0000,30.0000,4.9200
1,5,0,15,7,58,216,17,23400,46218,16,12,0.0000,0.0000,0.0000,30.0000,4.9200
1,5,1,13,5,44,173,17,23400,46218,5,12,0.0000,0.0000,0.0000,30.0000,4.9200
1,5,0,14,3,74,124,17,23400,46218,21,12,0.0000,0.0000,0.0000,30.0000,4.9200
1,5,0,10,6,58,228,16,23400,15023,2,12,0.0000,0.0000,0.0000,30.0000,4.9200
1,5,0,12,6,43,154,17,23400,46218,15,12,0.0000,0.0000,0.0000,30.0000,4.9200
1,5,0,8,3,57,124,17,23400,46218,20,12,0.0000,0.0000,0.0000,30.0000,4.9200
1,5,0,16,4,38,154,17,23400,46218,19,12,0.0000,0.0000,0.0000,30.0000,4.9200
1,5,0,10,2,58,173,17,23400,46218,7,12,0.0000,0.0000,0.0000,30.0000,4.9200
1,5,0,11,4,60,173,17,23400,46218,3,12,0.0000,0.0000,0.0000,30.0000,4.9200
1,5,0,8,8,57,173,17,23400,46218,6,12,0.0000,0.0000,0.0000,30.0000,4.9200
1,5,0,9,5,49,120,17,23400,46218,21,12,0.0000,0.0000,0.0000,30.0000,4.9200
1,5,0,7,5,54,182,16,23400,15023,2,12,0.0000,0.0000,0.0000,30.0000,4.9200
1,5,0,14,4,74,120,17,23400,46218,21,12,0.0000,0.0000,0.0000,30.0000,4.9200
1,5,0,13,8,44,216,17,23400,46218,18,12,0.0000,0.0000,0.0000,30.0000,4.9200
1,5,0,12,2,43,120,17,23400,46218,17,12,0.0000,0.0000,0.0000,30.0000,4.9200
1,5,0,12,4,43,173,17,23400,46218,3,12,0.0000,0.0000,0.0000,30.0000,4.9200
1,5,0,8,2,57,154,17,23400,46218,11,12,0.0000,0.0000,0.0000,30.0000,4.9200
1,5,0,15,2,58,120,17,23400,46218,22,12,0.0000,0.0000,0.0000,30.0000,4.9200
1,5,0,15,4,58,173,17,23400,46218,7,12,0.0000,0.0000,0.0000,30.0000,4.9200
1,5,0,13,4,44,154,17,23400,46218,9,12,0.0000,0.0000,0.0000,30.0000,4.9200
1,5,1,11,2,60,50,4,23400,23760,15,12,0.0000,0.0000,0.0000,30.0000,4.9200
1,5,0,12,8,43,173,17,23400,46218,8,12,0.0000,0.0000,0.0000,30.0000,4.9200
1,5,0,12,7,43,154,17,23400,46218,11,12,0.0000,0.0000,0.0000,30.0000,4.9200
1,5,0,15,5,58,173,17,23400,46218,4,12,0.0000,0.0000,0.0000,30.0000,4.9200
1,5,0,6,3,69,158,7,23400,73508,21,12,0.0000,0.0000,0.0000,30.0000,4.9200
1,5,0,7,3,54,149,7,23400,73508,27,12,0.0000,0.0000,0.0000,30.0000,4.9200
1,5,0,8,3,57,149,7,23400,73508,29,12,0.0000,0.0000,0.0000,30.0000,4.9200
1,5,0,13,7,44,132,7,23400,73508,17,12,0.0000,0.0000,0.0000,30.0000,4.9200
1,5,0,7,1,54,110,7,23400,73508,18,12,0.0000,0.0000,0.0000,30.0000,4.9200
1,5,0,7,2,54,110,7,23400,73508,17,12,0.0000,0.0000,0.0000,30.0000,4.9200
1,5,0,9,2,49,110,7,23400,73508,18,12,0.0000,0.0000,0.0000,30.0000,4.9200
1,5,0,9,1,49,66,14,23400,62105,15,12,0.0000,0.0000,0.0000,30.0000,4.9200
1,5,1,13,3,44,70,14,23400,62105,1,12,0.0000,0.0000,0.0000,30.0000,4.9200
1,5,0,9,3,49,70,14,23400,62105,1,12,0.0000,0.0000,0.0000,30.0000,4.9200
1,5,1,8,3,57,70,14,23400,62105,1,12,0.0000,0.0000,0.0000,30.0000,4.9200
1,5,0,5,2,41,50,14,23400,62105,16,12,0.0000,0.0000,0.0000,30.0000,4.9200
1,5,0,10,2,58,50,14,23400,62105,16,12,0.0000,0.0000,0.0000,30.0000,4.9200
1,5,1,12,2,43,129,14,23400,62105,11,12,0.0000,0.0000,0.0000,30.0000,4.9200
1,5,1,18,2,26,66,14,23400,62105,14,12,0.0000,0.0000,0.0000,30.0000,4.9200
1,5,0,9,3,49,70,14,23400,62105,1,12,0.0000,0.0000,0.0000,30.0000,4.9200
1,5,1,8,5,57,66,14,23400,62105,10,12,0.0000,0.0000,0.0000,30.0000,4.9200
1,5,0,8,2,57,76,14,23400,62105,4,12,0.0000,0.0000,0.0000,30.0000,4.9200
1,5,0,13,1,44,76,14,23400,62105,5,12,0.0000,0.0000,0.0000,30.0000,4.9200
1,5,0,13,1,44,50,14,23400,62105,16,12,0.0000,0.0000,0.0000,30.0000,4.9200
1,5,0,9,2,49,50,14,23400,62105,18,12,0.0000,0.0000,0.0000,30.0000,4.9200
1,5,0,12,2,43,76,14,23400,62105,5,12,0.0000,0.0000,0.0000,30.0000,4.9200
1,5,0,13,1,44,76,14,23400,62105,2,12,0.0000,0.0000,0.0000,30.0000,4.9200
1,5,0,6,3,69,100,11,23400,23463,10,12,0.0000,0.0000,0.0000,30.0000,4.9200
1,5,0,7,4,54,100,11,23400,23463,11,12,0.0000,0.0000,0.0000,30.0000,4.9200
1,5,0,11,3,60,178,16,23400,15023,5,12,0.0000,0.0000,0.0000,30.0000,4.9200
1,5,0,7,4,54,228,16,23400,15023,2,12,0.0000,0.0000,0.0000,30.0000,4.9200
1,5,0,12,3,43,110,7,23400,73508,15,12,0.0000,0.0000,0.0000,30.0000,4.9200
1,5,0,11,7,60,228,16,23400,15023,3,12,0.0000,0.0000,0.0000,30.0000,4.9200
1,5,0,8,3,57,160,3,23400,75506,3,12,0.0000,0.0000,0.0000,30.0000,4.9200
1,5,1,11,3,60,160,3,23400,75506,5,12,0.0000,0.0000,0.0000,30.0000,4.9200
1,5,0,11,4,60,187,3,23400,75506,10,12,0.0000,0.0000,0.0000,30.0000,4.9200
1,5,1,9,2,49,160,3,23400,75506,7,12,0.0000,0.0000,0.0000,30.0000,4.9200
1,5,0,9,3,49,187,3,23400,75506,10,12,0.0000,0.0000,0.0000,30.0000,4.9200
1,5,1,12,3,43,172,3,23400,75506,10,12,0.0000,0.0000,0.0000,30.0000,4.9200
1,5,1,7,2,54,76,4,23400,23760,3,12,0.0000,0.0000,0.0000,30.0000,4.9200
1,5,1,8,3,57,65,4,23400,23760,9,12,0.0000,0.0000,0.0000,30.0000,4.9200
1,5,0,9,4,49,65,4,23400,23760,8,12,0.0000,0.0000,0.0000,30.0000,4.9200
1,5,0,9,3,49,160,3,23400,75506,2,12,0.0000,0.0000,0.0000,30.0000,4.9200
1,5,0,15,3,58,160,3,23400,75506,7,12,0.0000,0.0000,0.0000,30.0000,4.9200
1,5,0,7,3,54,187,3,23400,75506,18,12,0.0000,0.0000,0.0000,30.0000,4.9200
1,5,1,16,6,38,187,3,23400,75506,11,12,0.0000,0.0000,0.0000,30.0000,4.9200
1,5,0,9,5,49,172,3,23400,75506,10,12,0.0000,0.0000,0.0000,30.0000,4.9200
1,5,1,13,8,44,181,3,23400,75506,4,12,0.0000,0.0000,0.0000,30.0000,4.9200
1,5,0,18,4,26,181,3,23400,75506,3,12,0.0000,0.0000,0.0000,30.0000,4.9200
1,5,0,14,4,74,160,3,23400,75506,5,12,0.0000,0.0000,0.0000,30.0000,4.9200
1,5,0,11,2,60,160,3,23400,75506,7,12,0.0000,0.0000,0.0000,30.0000,4.9200
1,5,0,9,4,49,160,3,23400,75506,20,12,0.0000,0.0000,0.0000,30.0000,4.9200
1,5,0,13,7,44,160,3,23400,75506,5,12,0.0000,0.0000,0.0000,30.0000,4.9200
1,5,0,17,2,31,65,4,23400,23760,9,12,0.0000,0.0000,0.0000,30.0000,4.9200
1,5,0,10,7,58,160,3,23400,75506,5,12,0.0000,0.0000,0.0000,30.0000,4.9200
1,5,0,18,1,26,128,3,23400,75506,5,12,0.0000,0.0000,0.0000,30.0000,4.9200
1,5,0,10,3,58,160,3,23400,75506,4,12,0.0000,0.0000,0.0000,30.0000,4.9200
1,5,0,11,3,60,160,3,23400,75506,5,12,0.0000,0.0000,0.0000,30.0000,4.9200
1,5,1,14,3,74,187,3,23400,75506,11,12,0.0000,0.0000,0.0000,30.0000,4.9200
1,5,0,16,7,38,172,3,23400,75506,9,12,0.0000,0.0000,0.0000,30.0000,4.9200
1,5,0,11,4,60,160,3,23400,75506,20,12,0.0000,0.0000,0.0000,30.0000,4.9200
1,5,0,6,3,69,76,8,23400,19857,12,12,0.0000,0.0000,0.0000,30.0000,4.9200
1,5,0,11,7,60,228,16,23400,15023,3,12,0.0000,0.0000,0.0000,30.0000,4.9200
1,5,0,11,4,60,160,3,23400,75506,7,12,0.0000,0.0000,0.0000,30.0000,4.9200
1,5,0,8,2,57,50,4,23400,23760,15,12,0.0000,0.0000,0.0000,30.0000,4.9200
1,5,0,9,3,49,129,5,23400,12231,11,12,0.0000,0.0000,0.0000,30.0000,4.9200
1,5,0,17,2,31,50,5,23400,12231,17,12,0.0000,0.0000,0.0000,30.0000,4.9200
1,5,0,9,2,49,76,4,23400,23760,2,12,0.0000,0.0000,0.0000,30.0000,4.9200
1,5,0,10,1,58,132,7,23400,73508,18,12,0.0000,0.0000,0.0000,30.0000,4.9200
1,5,0,8,1,57,110,7,23400,73508,18,12,0.0000,0.0000,0.0000,30.0000,4.9200
1,5,1,9,5,49,186,9,23400,9496,2,12,0.0000,0.0000,0.0000,30.0000,4.9200
1,5,0,15,7,58,146,1,23400,20315,8,12,0.0000,0.0000,0.0000,30.0000,4.9200
1,5,0,13,6,44,187,3,23400,75506,6,12,0.0000,0.0000,0.0000,30.0000,4.9200
1,5,0,15,7,58,181,1,23400,20315,2,12,0.0000,0.0000,0.0000,30.0000,4.9200
1,5,0,11,3,60,187,3,23400,75506,18,12,0.0000,0.0000,0.0000,30.0000,4.9200
1,5,0,14,3,74,187,3,23400,75506,18,12,0.0000,0.0000,0.0000,30.0000,4.9200
1,5,0,9,6,49,187,3,23400,75506,4,12,0.0000,0.0000,0.0000,30.0000,4.9200
1,5,0,9,2,49,76,4,23400,23760,3,12,0.0000,0.0000,0.0000,30.0000,4.9200
1,5,0,12,4,43,160,3,23400,75506,6,12,0.0000,0.0000,0.0000,30.0000,4.9200
1,5,0,8,4,57,160,3,23400,75506,7,12,0.0000,0.0000,0.0000,30.0000,4.9200
1,5,1,15,3,58,129,5,23400,12231,11,12,0.0000,0.0000,0.0000,30.0000,4.9200
1,5,0,10,3,58,50,5,23400,12231,17,12,0.0000,0.0000,0.0000,30.0000,4.9200
1,5,0,11,4,60,172,3,23400,75506,9,12,0.0000,0.0000,0.0000,30.0000,4.9200
1,5,0,9,3,49,50,4,23400,23760,15,12,0.0000,0.0000,0.0000,30.0000,4.9200
1,5,0,17,2,31,160,3,23400,75506,2,12,0.0000,0.0000,0.0000,30.0000,4.9200
1,5,0,9,2,49,129,4,23400,23760,11,12,0.0000,0.0000,0.0000,30.0000,4.9200
1,5,1,14,3,74,50,5,23400,12231,18,12,0.0000,0.0000,0.0000,30.0000,4.9200
1,5,0,8,2,57,50,5,23400,12231,18,12,0.0000,0.0000,0.0000,30.0000,4.9200
1,5,1,11,5,60,160,3,23400,75506,8,12,0.0000,0.0000,0.0000,30.0000,4.9200
1,5,1,13,3,44,182,16,23400,15023,1,12,0.0000,0.0000,0.0000,30.0000,4.9200
1,5,0,10,4,58,129,5,23400,12231,11,12,0.0000,0.0000,0.0000,30.0000,4.9200
1,5,0,17,3,31,129,5,23400,12231,11,12,0.0000,0.0000,0.0000,30.0000,4.9200
1,5,0,10,3,58,65,4,23400,23760,8,12,0.0000,0.0000,0.0000,30.0000,4.9200
1,5,1,11,1,60,50,5,23400,12231,17,12,0.0000,0.0000,0.0000,30.0000,4.9200
1,5,1,7,2,54,50,5,23400,12231,18,12,0.0000,0.0000,0.0000,30.0000,4.9200
1,5,1,8,1,57,50,5,23400,12231,20,12,0.0000,0.0000,0.0000,30.0000,4.9200
1,5,1,14,3,74,160,3,23400,75506,5,12,0.0000,0.0000,0.0000,30.0000,4.9200
1,5,0,13,3,44,160,3,23400,75506,4,12,0.0000,0.0000,0.0000,30.0000,4.9200
1,5,0,14,1,74,129,4,23400,23760,11,12,0.0000,0.0000,0.0000,30.0000,4.9200
1,5,0,6,2,69,50,4,23400,23760,15,12,0.0000,0.0000,0.0000,30.0000,4.9200
1,5,0,7,3,54,50,4,23400,23760,15,12,0.0000,0.0000,0.0000,30.0000,4.9200
1,5,0,8,2,57,50,4,23400,23760,14,12,0.0000,0.0000,0.0000,30.0000,4.9200
1,5,0,11,4,60,76,4,23400,23760,2,12,0.0000,0.0000,0.0000,30.0000,4.9200
1,5,0,7,1,54,50,4,23400,23760,14,12,0.0000,0.0000,0.0000,30.0000,4.9200
1,5,0,8,1,57,50,4,23400,23760,15,12,0.0000,0.0000,0.0000,30.0000,4.9200
1,5,0,7,2,54,76,4,23400,23760,3,12,0.0000,0.0000,0.0000,30.0000,4.9200
1,5,0,9,1,49,50,4,23400,23760,15,12,0.0000,0.0000,0.0000,30.0000,4.9200
1,5,0,11,2,60,76,4,23400,23760,4,12,0.0000,0.0000,0.0000,30.0000,4.9200
1,5,0,13,2,44,65,4,23400,23760,8,12,0.0000,0.0000,0.0000,30.0000,4.9200
1,5,0,16,4,38,145,16,23400,15023,14,12,0.0000,0.0000,0.0000,30.0000,4.9200
1,5,0,7,1,54,50,4,23400,23760,15,12,0.0000,0.0000,0.0000,30.0000,4.9200
1,5,0,11,2,60,50,4,23400,23760,15,12,0.0000,0.0000,0.0000,30.0000,4.9200
1,5,1,11,3,60,76,4,23400,23760,2,12,0.0000,0.0000,0.0000,30.0000,4.9200
1,5,0,11,1,60,129,4,23400,23760,11,12,0.0000,0.0000,0.0000,30.0000,4.9200
1,5,0,12,5,43,178,16,23400,15023,7,12,0.0000,0.0000,0.0000,30.0000,4.9200
1,5,0,12,3,43,76,4,23400,23760,3,12,0.0000,0.0000,0.0000,30.0000,4.9200
1,5,1,8,4,57,129,5,23400,12231,11,12,0.0000,0.0000,0.0000,30.0000,4.9200
1,5,0,12,2,43,160,3,23400,75506,18,12,0.0000,0.0000,0.0000,30.0000,4.9200
1,5,0,15,3,58,154,17,23400,46218,21,12,0.0000,0.0000,0.0000,30.0000,4.9200
1,5,0,14,4,74,120,17,23400,46218,19,12,0.0000,0.0000,0.0000,30.0000,4.9200
1,5,1,15,3,58,120,17,23400,46218,21,12,0.0000,0.0000,0.0000,30.0000,4.9200
1,5,0,11,3,60,124,17,23400,46218,20,12,0.0000,0.0000,0.0000,30.0000,4.9200
1,5,0,14,2,74,124,17,23400,46218,20,12,0.0000,0.0000,0.0000,30.0000,4.9200
1,5,0,17,8,31,154,17,23400,46218,3,12,0.0000,0.0000,0.0000,30.0000,4.9200
1,5,0,14,3,74,142,17,23400,46218,17,12,0.0000,0.0000,0.0000,30.0000,4.9200
1,5,1,15,7,58,154,17,23400,46218,13,12,0.0000,0.0000,0.0000,30.0000,4.9200
1,5,0,17,4,31,173,17,23400,46218,10,12,0.0000,0.0000,0.0000,30.0000,4.9200
1,5,0,15,4,58,120,17,23400,46218,17,12,0.0000,0.0000,0.0000,30.0000,4.9200
1,5,0,17,3,31,154,17,23400,46218,21,12,0.0000,0.0000,0.0000,30.0000,4.9200
1,5,0,17,1,31,142,17,23400,46218,20,12,0.0000,0.0000,0.0000,30.0000,4.9200
1,5,0,17,2,31,142,17,23400,46218,19,12,0.0000,0.0000,0.0000,30.0000,4.9200
1,5,0,15,5,58,142,17,23400,46218,24,12,0.0000,0.0000,0.0000,30.0000,4.9200
1,5,0,17,3,31,142,17,23400,46218,22,12,0.0000,0.0000,0.0000,30.0000,4.9200
1,5,0,15,6,58,142,17,23400,46218,25,12,0.0000,0.0000,0.0000,30.0000,4.9200
1,5,0,18,9,26,173,17,23400,46218,6,12,0.0000,0.0000,0.0000,30.0000,4.9200
1,5,0,15,2,58,124,17,23400,46218,21,12,0.0000,0.0000,0.0000,30.0000,4.9200
1,5,0,17,2,31,120,17,23400,46218,18,12,0.0000,0.0000,0.0000,30.0000,4.9200
1,5,0,11,1,60,120,17,23400,46218,12,12,0.0000,0.0000,0.0000,30.0000,4.9200
1,5,0,11,4,60,142,17,23400,46218,19,12,0.0000,0.0000,0.0000,30.0000,4.9200
1,5,0,14,3,74,70,13,23400,24623,14,12,0.0000,0.0000,0.0000,30.0000,4.9200
1,5,0,11,3,60,70,13,23400,24623,14,12,0.0000,0.0000,0.0000,30.0000,4.9200
1,5,0,9,2,49,70,13,23400,24623,15,12,0.0000,0.0000,0.0000,30.0000,4.9200
1,5,1,12,3,43,70,13,23400,24623,14,12,0.0000,0.0000,0.0000,30.0000,4.9200
1,5,0,10,3,58,70,13,23400,24623,15,12,0.0000,0.0000,0.0000,30.0000,4.9200
1,5,0,10,4,58,70,13,23400,24623,14,12,0.0000,0.0000,0.0000,30.0000,4.9200
1,5,0,10,4,58,76,13,23400,24623,2,12,0.0000,0.0000,0.0000,30.0000,4.9200
1,5,0,11,2,60,70,13,23400,24623,15,12,0.0000,0.0000,0.0000,30.0000,4.9200
1,5,0,10,3,58,76,13,23400,24623,2,12,0.0000,0.0000,0.0000,30.0000,4.9200
1,5,0,11,1,60,76,13,23400,24623,4,12,0.0000,0.0000,0.0000,30.0000,4.9200
1,5,0,12,3,43,76,13,23400,24623,2,12,0.0000,0.0000,0.0000,30.0000,4.9200
1,5,0,11,2,60,70,13,23400,24623,14,12,0.0000,0.0000,0.0000,30.0000,4.9200
1,5,0,17,3,31,70,13,23400,24623,13,12,0.0000,0.0000,0.0000,30.0000,4.9200
1,5,1,13,3,44,76,13,23400,24623,4,12,0.0000,0.0000,0.0000,30.0000,4.9200
1,5,0,14,2,74,76,13,23400,24623,3,12,0.0000,0.0000,0.0000,30.0000,4.9200
1,5,0,14,3,74,120,17,23400,46218,12,12,0.0000,0.0000,0.0000,30.0000,4.9200
1,5,0,14,2,74,173,17,23400,46218,3,12,0.0000,0.0000,0.0000,30.0000,4.9200
1,5,0,10,4,58,124,17,23400,46218,21,12,0.0000,0.0000,0.0000,30.0000,4.9200
1,5,0,15,7,58,173,17,23400,46218,4,12,0.0000,0.0000,0.0000,30.0000,4.9200
1,5,0,16,7,38,173,17,23400,46218,4,12,0.0000,0.0000,0.0000,30.0000,4.9200
1,5,0,15,5,58,142,17,23400,46218,26,12,0.0000,0.0000,0.0000,30.0000,4.9200
1,5,0,15,4,58,173,17,23400,46218,11,12,0.0000,0.0000,0.0000,30.0000,4.9200
1,5,0,15,2,58,124,17,23400,46218,21,12,0.0000,0.0000,0.0000,30.0000,4.9200
1,5,0,15,7,58,142,17,23400,46218,13,12,0.0000,0.0000,0.0000,30.0000,4.9200
1,5,1,10,3,58,110,7,23400,73508,19,12,0.0000,0.0000,0.0000,30.0000,4.9200
1,5,0,13,4,44,160,3,23400,75506,6,12,0.0000,0.0000,0.0000,30.0000,4.9200
1,5,1,13,8,44,160,3,23400,75506,7,12,0.0000,0.0000,0.0000,30.0000,4.9200
1,5,0,14,2,74,160,3,23400,75506,5,12,0.0000,0.0000,0.0000,30.0000,4.9200
1,5,1,14,7,74,181,3,23400,75506,5,12,0.0000,0.0000,0.0000,30.0000,4.9200
1,5,0,15,3,58,129,5,23400,12231,11,12,0.0000,0.0000,0.0000,30.0000,4.9200
1,5,0,11,1,60,50,5,23400,12231,18,12,0.0000,0.0000,0.0000,30.0000,4.9200
1,5,0,15,3,58,129,5,23400,12231,11,12,0.0000,0.0000,0.0000,30.0000,4.9200
1,5,1,16,4,38,172,3,23400,75506,9,12,0.0000,0.0000,0.0000,30.0000,4.9200
1,5,1,7,3,54,50,5,23400,12231,18,12,0.0000,0.0000,0.0000,30.0000,4.9200
1,5,0,15,3,58,160,3,23400,75506,2,12,0.0000,0.0000,0.0000,30.0000,4.9200
1,5,0,7,3,54,50,4,23400,23760,14,12,0.0000,0.0000,0.0000,30.0000,4.9200
1,5,0,11,3,60,160,3,23400,75506,20,12,0.0000,0.0000,0.0000,30.0000,4.9200
1,5,0,12,3,43,160,3,23400,75506,4,12,0.0000,0.0000,0.0000,30.0000,4.9200
1,5,0,11,3,60,160,3,23400,75506,2,12,0.0000,0.0000,0.0000,30.0000,4.9200
1,5,0,7,2,54,50,8,23400,19857,15,12,0.0000,0.0000,0.0000,30.0000,4.9200
1,5,0,7,1,54,50,4,23400,23760,14,12,0.0000,0.0000,0.0000,30.0000,4.9200
1,5,0,12,1,43,50,4,23400,23760,15,12,0.0000,0.0000,0.0000,30.0000,4.9200
1,5,0,8,2,57,50,4,23400,23760,14,12,0.0000,0.0000,0.0000,30.0000,4.9200
1,5,0,7,1,54,50,4,23400,23760,14,12,0.0000,0.0000,0.0000,30.0000,4.9200
1,5,0,6,2,69,50,4,23400,23760,14,12,0.0000,0.0000,0.0000,30.0000,4.9200
1,5,0,7,2,54,50,4,23400,23760,14,12,0.0000,0.0000,0.0000,30.0000,4.9200
1,5,0,11,4,60,76,4,23400,23760,2,12,0.0000,0.0000,0.0000,30.0000,4.9200
1,5,0,14,2,74,160,3,23400,75506,3,12,0.0000,0.0000,0.0000,30.0000,4.9200
1,5,0,16,4,38,160,3,23400,75506,3,12,0.0000,0.0000,0.0000,30.0000,4.9200
1,5,0,14,5,74,160,3,23400,75506,4,12,0.0000,0.0000,0.0000,30.0000,4.9200
1,5,0,12,3,43,187,3,23400,75506,6,12,0.0000,0.0000,0.0000,30.0000,4.9200
1,5,0,10,5,58,172,3,23400,75506,9,12,0.0000,0.0000,0.0000,30.0000,4.9200
1,5,0,10,4,58,129,5,23400,12231,11,12,0.0000,0.0000,0.0000,30.0000,4.9200
1,5,1,6,1,69,50,4,23400,23760,15,12,0.0000,0.0000,0.0000,30.0000,4.9200
1,5,0,16,5,38,160,3,23400,75506,19,12,0.0000,0.0000,0.0000,30.0000,4.9200
1,5,0,9,4,49,160,3,23400,75506,4,12,0.0000,0.0000,0.0000,30.0000,4.9200
1,5,0,12,3,43,76,4,23400,23760,3,12,0.0000,0.0000,0.0000,30.0000,4.9200
1,5,0,7,3,54,50,4,23400,23760,14,12,0.0000,0.0000,0.0000,30.0000,4.9200
1,5,1,16,4,38,172,3,23400,75506,10,12,0.0000,0.0000,0.0000,30.0000,4.9200
1,5,0,8,2,57,160,3,23400,75506,6,12,0.0000,0.0000,0.0000,30.0000,4.9200
1,5,0,13,2,44,129,4,23400,23760,11,12,0.0000,0.0000,0.0000,30.0000,4.9200
1,5,0,14,1,74,70,6,23400,22418,16,12,0.0000,0.0000,0.0000,30.0000,4.9200
1,5,0,17,2,31,50,5,23400,12231,19,12,0.0000,0.0000,0.0000,30.0000,4.9200
1,5,0,8,1,57,70,6,23400,22418,15,12,0.0000,0.0000,0.0000,30.0000,4.9200
1,5,0,14,3,74,160,3,23400,75506,19,12,0.0000,0.0000,0.0000,30.0000,4.9200
1,5,0,8,2,57,50,4,23400,23760,15,12,0.0000,0.0000,0.0000,30.0000,4.9200
1,5,0,16,3,38,182,16,23400,15023,2,12,0.0000,0.0000,0.0000,30.0000,4.9200
1,5,0,14,4,74,129,5,23400,12231,11,12,0.0000,0.0000,0.0000,30.0000,4.9200
1,5,0,18,2,26,172,3,23400,75506,9,12,0.0000,0.0000,0.0000,30.0000,4.9200
1,5,1,13,3,44,160,3,23400,75506,20,12,0.0000,0.0000,0.0000,30.0000,4.9200
1,5,0,18,3,26,160,3,23400,75506,8,12,0.0000,0.0000,0.0000,30.0000,4.9200
1,5,0,14,4,74,150,9,23400,9496,14,12,0.0000,0.0000,0.0000,30.0000,4.9200
1,5,0,8,2,57,50,4,23400,23760,14,12,0.0000,0.0000,0.0000,30.0000,4.9200
1,5,0,14,5,74,160,3,23400,75506,6,12,0.0000,0.0000,0.0000,30.0000,4.9200
1,5,0,7,1,54,50,4,23400,23760,14,12,0.0000,0.0000,0.0000,30.0000,4.9200
1,5,0,9,3,49,76,4,23400,23760,2,12,0.0000,0.0000,0.0000,30.0000,4.9200
1,5,0,8,3,57,76,4,23400,23760,3,12,0.0000,0.0000,0.0000,30.0000,4.9200
1,5,0,18,2,26,76,4,23400,23760,3,12,0.0000,0.0000,0.0000,30.0000,4.9200
1,5,0,9,1,49,50,4,23400,23760,15,12,0.0000,0.0000,0.0000,30.0000,4.9200
1,5,0,8,1,57,50,4,23400,23760,16,12,0.0000,0.0000,0.0000,30.0000,4.9200
1,5,0,9,3,49,50,4,23400,23760,14,12,0.0000,0.0000,0.0000,30.0000,4.9200
1,5,1,8,2,57,129,4,23400,23760,11,12,0.0000,0.0000,0.0000,30.0000,4.9200
1,5,0,15,3,58,76,14,23400,62105,5,12,0.0000,0.0000,0.0000,30.0000,4.9200
1,5,0,8,1,57,50,14,23400,62105,16,12,0.0000,0.0000,0.0000,30.0000,4.9200
1,5,0,8,3,57,76,14,23400,62105,5,12,0.0000,0.0000,0.0000,30.0000,4.9200
1,5,0,11,3,60,50,14,23400,62105,16,12,0.0000,0.0000,0.0000,30.0000,4.9200
1,5,0,14,3,74,76,14,23400,62105,2,12,0.0000,0.0000,0.0000,30.0000,4.9200
1,5,0,14,3,74,76,14,23400,62105,4,12,0.0000,0.0000,0.0000,30.0000,4.9200
1,5,0,15,6,58,76,14,23400,62105,5,12,0.0000,0.0000,0.0000,30.0000,4.9200
1,5,0,13,3,44,76,14,23400,62105,5,12,0.0000,0.0000,0.0000,30.0000,4.9200
1,5,0,7,2,54,50,14,23400,62105,16,12,0.0000,0.0000,0.0000,30.0000,4.9200
1,5,0,14,3,74,50,14,23400,62105,17,12,0.0000,0.0000,0.0000,30.0000,4.9200
1,5,0,11,1,60,50,14,23400,62105,19,12,0.0000,0.0000,0.0000,30.0000,4.9200
1,5,0,7,1,54,50,14,23400,62105,16,12,0.0000,0.0000,0.0000,30.0000,4.9200
1,5,0,10,3,58,50,14,23400,62105,17,12,0.0000,0.0000,0.0000,30.0000,4.9200
1,5,0,8,2,57,50,14,23400,62105,15,12,0.0000,0.0000,0.0000,30.0000,4.9200
1,5,0,15,6,58,76,14,23400,62105,5,12,0.0000,0.0000,0.0000,30.0000,4.9200
1,5,0,14,6,74,76,14,23400,62105,11,12,0.0000,0.0000,0.0000,30.0000,4.9200
1,5,0,12,1,43,66,14,23400,62105,14,12,0.0000,0.0000,0.0000,30.0000,4.9200
1,5,1,13,1,44,50,14,23400,62105,17,12,0.0000,0.0000,0.0000,30.0000,4.9200
1,5,0,14,2,74,66,14,23400,62105,15,12,0.0000,0.0000,0.0000,30.0000,4.9200
1,5,0,13,6,44,66,14,23400,62105,14,12,0.0000,0.0000,0.0000,30.0000,4.9200
1,5,0,11,1,60,66,14,23400,62105,14,12,0.0000,0.0000,0.0000,30.0000,4.9200
1,5,0,9,6,49,66,14,23400,62105,15,12,0.0000,0.0000,0.0000,30.0000,4.9200
1,5,1,9,1,49,129,14,23400,62105,11,12,0.0000,0.0000,0.0000,30.0000,4.9200
1,5,1,14,3,74,50,14,23400,62105,18,12,0.0000,0.0000,0.0000,30.0000,4.9200
1,5,0,10,1,58,129,14,23400,62105,11,12,0.0000,0.0000,0.0000,30.0000,4.9200
1,5,0,7,3,54,50,14,23400,62105,18,12,0.0000,0.0000,0.0000,30.0000,4.9200
1,5,0,14,1,74,50,14,23400,62105,17,12,0.0000,0.0000,0.0000,30.0000,4.9200
1,5,1,16,1,38,50,14,23400,62105,16,12,0.0000,0.0000,0.0000,30.0000,4.9200
1,5,0,15,3,58,70,14,23400,62105,1,12,0.0000,0.0000,0.0000,30.0000,4.9200
1,5,1,11,3,60,70,14,23400,62105,1,12,0.0000,0.0000,0.0000,30.0000,4.9200
1,5,1,16,1,38,129,14,23400,62105,11,12,0.0000,0.0000,0.0000,30.0000,4.9200
1,5,1,9,3,49,66,14,23400,62105,14,12,0.0000,0.0000,0.0000,30.0000,4.9200
1,5,1,8,3,57,129,14,23400,62105,11,12,0.0000,0.0000,0.0000,30.0000,4.9200
1,5,0,9,3,49,160,3,23400,75506,19,12,0.0000,0.0000,0.0000,30.0000,4.9200
1,5,0,16,7,38,160,3,23400,75506,3,12,0.0000,0.0000,0.0000,30.0000,4.9200
1,5,1,10,3,58,129,7,23400,73508,11,12,0.0000,0.0000,0.0000,30.0000,4.9200
1,5,0,9,1,49,50,4,23400,23760,15,12,0.0000,0.0000,0.0000,30.0000,4.9200
1,5,0,10,3,58,129,4,23400,23760,11,12,0.0000,0.0000,0.0000,30.0000,4.9200
1,5,0,10,3,58,76,4,23400,23760,3,12,0.0000,0.0000,0.0000,30.0000,4.9200
1,5,1,18,4,26,160,3,23400,75506,20,12,0.0000,0.0000,0.0000,30.0000,4.9200
1,5,0,18,2,26,160,3,23400,75506,5,12,0.0000,0.0000,0.0000,30.0000,4.9200
1,5,0,14,4,74,160,3,23400,75506,7,12,0.0000,0.0000,0.0000,30.0000,4.9200
1,5,1,12,1,43,50,4,23400,23760,15,12,0.0000,0.0000,0.0000,30.0000,4.9200
1,5,0,14,3,74,50,4,23400,23760,14,12,0.0000,0.0000,0.0000,30.0000,4.9200
1,5,0,12,3,43,129,7,23400,73508,11,12,0.0000,0.0000,0.0000,30.0000,4.9200
1,5,0,13,3,44,110,7,23400,73508,18,12,0.0000,0.0000,0.0000,30.0000,4.9200
1,5,0,15,4,58,173,17,23400,46218,7,12,0.0000,0.0000,0.0000,30.0000,4.9200
1,5,1,16,8,38,124,17,23400,46218,20,12,0.0000,0.0000,0.0000,30.0000,4.9200
1,5,0,18,2,26,129,14,23400,62105,11,12,0.0000,0.0000,0.0000,30.0000,4.9200
1,5,0,7,2,54,66,14,23400,62105,14,12,0.0000,0.0000,0.0000,30.0000,4.9200
1,5,0,14,1,74,66,14,23400,62105,15,12,0.0000,0.0000,0.0000,30.0000,4.9200
1,5,0,10,2,58,50,14,23400,62105,15,12,0.0000,0.0000,0.0000,30.0000,4.9200
1,5,0,10,3,58,50,14,23400,62105,16,12,0.0000,0.0000,0.0000,30.0000,4.9200
1,5,1,17,2,31,66,14,23400,62105,10,12,0.0000,0.0000,0.0000,30.0000,4.9200
1,5,0,17,1,31,50,14,23400,62105,16,12,0.0000,0.0000,0.0000,30.0000,4.9200
1,5,1,14,3,74,70,14,23400,62105,1,12,0.0000,0.0000,0.0000,30.0000,4.9200
1,5,0,14,2,74,76,14,23400,62105,4,12,0.0000,0.0000,0.0000,30.0000,4.9200
1,5,1,17,7,31,186,9,23400,9496,2,12,0.0000,0.0000,0.0000,30.0000,4.9200
1,5,0,14,4,74,76,13,23400,24623,4,12,0.0000,0.0000,0.0000,30.0000,4.9200
1,5,0,13,2,44,76,13,23400,24623,4,12,0.0000,0.0000,0.0000,30.0000,4.9200
1,5,1,15,1,58,70,13,23400,24623,14,12,0.0000,0.0000,0.0000,30.0000,4.9200
1,5,0,13,1,44,70,13,23400,24623,15,12,0.0000,0.0000,0.0000,30.0000,4.9200
1,5,0,17,7,31,182,16,23400,15023,1,12,0.0000,0.0000,0.0000,30.0000,4.9200
1,5,0,13,1,44,110,7,23400,73508,14,12,0.0000,0.0000,0.0000,30.0000,4.9200
1,5,0,13,2,44,110,7,23400,73508,19,12,0.0000,0.0000,0.0000,30.0000,4.9200
1,5,0,15,2,58,158,7,23400,73508,24,12,0.0000,0.0000,0.0000,30.0000,4.9200
1,5,1,15,2,58,50,5,23400,12231,17,12,0.0000,0.0000,0.0000,30.0000,4.9200
1,5,1,14,2,74,65,4,23400,23760,9,12,0.0000,0.0000,0.0000,30.0000,4.9200
1,5,0,14,5,74,160,3,23400,75506,5,12,0.0000,0.0000,0.0000,30.0000,4.9200
1,5,0,12,1,43,50,4,23400,23760,15,12,0.0000,0.0000,0.0000,30.0000,4.9200
1,5,0,16,2,38,50,4,23400,23760,15,12,0.0000,0.0000,0.0000,30.0000,4.9200
1,5,0,16,7,38,181,3,23400,75506,3,12,0.0000,0.0000,0.0000,30.0000,4.9200
1,5,0,13,2,44,70,4,23400,23760,15,12,0.0000,0.0000,0.0000,30.0000,4.9200
1,5,0,16,3,38,160,3,23400,75506,2,12,0.0000,0.0000,0.0000,30.0000,4.9200
1,5,1,11,2,60,76,4,23400,23760,3,12,0.0000,0.0000,0.0000,30.0000,4.9200
1,5,0,18,2,26,160,3,23400,75506,4,12,0.0000,0.0000,0.0000,30.0000,4.9200
1,5,0,16,2,38,65,4,23400,23760,8,12,0.0000,0.0000,0.0000,30.0000,4.9200
1,5,0,15,3,58,172,3,23400,75506,9,12,0.0000,0.0000,0.0000,30.0000,4.9200
1,5,0,15,2,58,129,5,23400,12231,11,12,0.0000,0.0000,0.0000,30.0000,4.9200
1,5,0,14,3,74,160,3,23400,75506,3,12,0.0000,0.0000,0.0000,30.0000,4.9200
1,5,0,14,3,74,76,4,23400,23760,3,12,0.0000,0.0000,0.0000,30.0000,4.9200
1,5,0,15,4,58,182,16,23400,15023,1,12,0.0000,0.0000,0.0000,30.0000,4.9200
1,5,0,14,5,74,182,16,23400,15023,2,12,0.0000,0.0000,0.0000,30.0000,4.9200
1,5,0,14,2,74,76,4,23400,23760,2,12,0.0000,0.0000,0.0000,30.0000,4.9200
1,5,0,16,5,38,160,3,23400,75506,4,12,0.0000,0.0000,0.0000,30.0000,4.9200
1,5,1,15,3,58,129,5,23400,12231,11,12,0.0000,0.0000,0.0000,30.0000,4.9200
1,5,0,15,3,58,129,4,23400,23760,11,12,0.0000,0.0000,0.0000,30.0000,4.9200
1,5,1,18,2,26,129,4,23400,23760,11,12,0.0000,0.0000,0.0000,30.0000,4.9200
1,5,0,18,3,26,50,4,23400,23760,14,12,0.0000,0.0000,0.0000,30.0000,4.9200
1,5,0,11,1,60,50,4,23400,23760,14,12,0.0000,0.0000,0.0000,30.0000,4.9200
1,5,1,13,2,44,50,5,23400,12231,20,12,0.0000,0.0000,0.0000,30.0000,4.9200
1,5,0,16,4,38,187,3,23400,75506,11,12,0.0000,0.0000,0.0000,30.0000,4.9200
1,5,1,13,2,44,50,4,23400,23760,14,12,0.0000,0.0000,0.0000,30.0000,4.9200
1,5,1,15,1,58,50,4,23400,23760,14,12,0.0000,0.0000,0.0000,30.0000,4.9200
1,5,1,11,2,60,50,4,23400,23760,14,12,0.0000,0.0000,0.0000,30.0000,4.9200
1,5,0,10,1,58,50,4,23400,23760,14,12,0.0000,0.0000,0.0000,30.0000,4.9200
1,5,0,11,3,60,50,4,23400,23760,16,12,0.0000,0.0000,0.0000,30.0000,4.9200
1,5,0,15,3,58,129,4,23400,23760,11,12,0.0000,0.0000,0.0000,30.0000,4.9200
1,5,1,16,3,38,110,7,23400,73508,19,12,0.0000,0.0000,0.0000,30.0000,4.9200
1,5,1,10,1,58,50,4,23400,23760,14,12,0.0000,0.0000,0.0000,30.0000,4.9200
1,5,1,16,3,38,76,4,23400,23760,3,12,0.0000,0.0000,0.0000,30.0000,4.9200
1,5,0,12,7,43,160,3,23400,75506,6,12,0.0000,0.0000,0.0000,30.0000,4.9200
1,5,0,15,3,58,50,4,23400,23760,15,12,0.0000,0.0000,0.0000,30.0000,4.9200
1,5,0,18,1,26,66,14,23400,62105,15,12,0.0000,0.0000,0.0000,30.0000,4.9200
1,5,0,14,3,74,129,14,23400,62105,11,12,0.0000,0.0000,0.0000,30.0000,4.9200
1,5,0,14,3,74,129,14,23400,62105,11,12,0.0000,0.0000,0.0000,30.0000,4.9200
1,5,1,18,3,26,50,14,23400,62105,17,12,0.0000,0.0000,0.0000,30.0000,4.9200
1,5,0,13,3,44,50,14,23400,62105,18,12,0.0000,0.0000,0.0000,30.0000,4.9200
1,5,1,14,2,74,66,14,23400,62105,14,12,0.0000,0.0000,0.0000,30.0000,4.9200
1,5,1,17,1,31,70,13,23400,24623,14,12,0.0000,0.0000,0.0000,30.0000,4.9200
1,5,0,15,3,58,66,14,23400,62105,14,12,0.0000,0.0000,0.0000,30.0000,4.9200
1,5,0,16,2,38,66,14,23400,62105,14,12,0.0000,0.0000,0.0000,30.0000,4.9200
1,5,0,10,1,58,50,4,23400,23760,14,12,0.0000,0.0000,0.0000,30.0000,4.9200
1,5,0,14,3,74,129,14,23400,62105,11,12,0.0000,0.0000,0.0000,30.0000,4.9200
1,5,1,12,1,43,50,5,23400,12231,18,12,0.0000,0.0000,0.0000,30.0000,4.9200
1,5,0,15,2,58,120,17,23400,46218,12,12,0.0000,0.0000,0.0000,30.0000,4.9200
1,5,1,17,1,31,50,14,23400,62105,16,12,0.0000,0.0000,0.0000,30.0000,4.9200
1,5,1,12,1,43,50,14,23400,62105,15,12,0.0000,0.0000,0.0000,30.0000,4.9200
1,5,0,12,3,43,50,14,23400,62105,18,12,0.0000,0.0000,0.0000,30.0000,4.9200
1,5,0,15,1,58,50,14,23400,62105,19,12,0.0000,0.0000,0.0000,30.0000,4.9200
1,5,0,17,2,31,50,14,23400,62105,19,12,0.0000,0.0000,0.0000,30.0000,4.9200
1,5,0,12,2,43,50,4,23400,23760,15,12,0.0000,0.0000,0.0000,30.0000,4.9200
1,5,0,12,1,43,50,4,23400,23760,14,12,0.0000,0.0000,0.0000,30.0000,4.9200
1,5,0,14,3,74,50,4,23400,23760,15,12,0.0000,0.0000,0.0000,30.0000,4.9200
1,5,0,15,1,58,50,14,23400,62105,16,12,0.0000,0.0000,0.0000,30.0000,4.9200
1,5,0,11,3,60,50,14,23400,62105,16,12,0.0000,0.0000,0.0000,30.0000,4.9200
1,5,0,11,3,60,50,14,23400,62105,16,12,0.0000,0.0000,0.0000,30.0000,4.9200
1,5,0,12,1,43,50,4,23400,23760,15,12,0.0000,0.0000,0.0000,30.0000,4.9200
1,5,1,9,2,49,50,4,23400,23760,15,12,0.0000,0.0000,0.0000,30.0000,4.9200
1,5,1,10,2,58,50,4,23400,23760,15,12,0.0000,0.0000,0.0000,30.0000,4.9200
1,5,0,16,3,38,128,3,23400,75506,19,12,0.0000,0.0000,0.0000,30.0000,4.9200
1,5,1,14,3,74,100,11,23400,23463,14,12,0.0000,0.0000,0.0000,30.0000,4.9200
1,5,0,11,2,60,50,8,23400,19857,15,12,0.0000,0.0000,0.0000,30.0000,4.9200
1,5,0,14,3,74,129,5,23400,12231,11,12,0.0000,0.0000,0.0000,30.0000,4.9200
1,5,0,14,4,74,76,4,23400,23760,2,12,0.0000,0.0000,0.0000,30.0000,4.9200
1,5,0,11,3,60,50,4,23400,23760,15,12,0.0000,0.0000,0.0000,30.0000,4.9200
1,5,1,17,2,31,50,5,23400,12231,17,12,0.0000,0.0000,0.0000,30.0000,4.9200
1,5,0,12,2,43,50,4,23400,23760,15,12,0.0000,0.0000,0.0000,30.0000,4.9200
1,5,0,13,2,44,50,4,23400,23760,14,12,0.0000,0.0000,0.0000,30.0000,4.9200
1,5,0,12,1,43,50,4,23400,23760,15,12,0.0000,0.0000,0.0000,30.0000,4.9200
1,5,0,18,2,26,76,4,23400,23760,2,12,0.0000,0.0000,0.0000,30.0000,4.9200
1,5,0,13,1,44,50,4,23400,23760,14,12,0.0000,0.0000,0.0000,30.0000,4.9200
1,5,0,12,2,43,129,4,23400,23760,11,12,0.0000,0.0000,0.0000,30.0000,4.9200
1,5,0,14,3,74,76,4,23400,23760,3,12,0.0000,0.0000,0.0000,30.0000,4.9200
1,5,0,16,3,38,76,4,23400,23760,4,12,0.0000,0.0000,0.0000,30.0000,4.9200
1,5,0,18,1,26,76,4,23400,23760,3,12,0.0000,0.0000,0.0000,30.0000,4.9200
1,5,0,11,2,60,50,4,23400,23760,14,12,0.0000,0.0000,0.0000,30.0000,4.9200
1,5,0,11,1,60,50,4,23400,23760,15,12,0.0000,0.0000,0.0000,30.0000,4.9200
1,5,0,14,3,74,129,4,23400,23760,11,12,0.0000,0.0000,0.0000,30.0000,4.9200
1,5,0,10,1,58,50,4,23400,23760,14,12,0.0000,0.0000,0.0000,30.0000,4.9200
1,5,0,15,4,58,50,14,23400,62105,15,12,0.0000,0.0000,0.0000,30.0000,4.9200
1,5,0,15,1,58,50,14,23400,62105,16,12,0.0000,0.0000,0.0000,30.0000,4.9200
1,5,0,15,1,58,110,7,23400,73508,19,12,0.0000,0.0000,0.0000,30.0000,4.9200
1,5,0,18,3,26,50,4,23400,23760,15,12,0.0000,0.0000,0.0000,30.0000,4.9200
1,5,1,16,2,38,76,4,23400,23760,3,12,0.0000,0.0000,0.0000,30.0000,4.9200
1,5,0,12,1,43,66,14,23400,62105,14,12,0.0000,0.0000,0.0000,30.0000,4.9200
1,5,1,15,4,58,100,11,23400,23463,7,12,0.0000,0.0000,0.0000,30.0000,4.9200
1,5,0,16,2,38,50,4,23400,23760,15,12,0.0000,0.0000,0.0000,30.0000,4.9200
1,5,0,16,1,38,50,4,23400,23760,15,12,0.0000,0.0000,0.0000,30.0000,4.9200
1,5,0,15,3,58,149,7,23400,73508,31,12,0.0000,0.0000,0.0000,30.0000,4.9200
1,5,1,12,1,43,50,4,23400,23760,14,12,0.0000,0.0000,0.0000,30.0000,4.9200
1,5,0,15,2,58,50,4,23400,23760,14,12,0.0000,0.0000,0.0000,30.0000,4.9200
1,5,0,18,1,26,50,4,23400,23760,14,12,0.0000,0.0000,0.0000,30.0000,4.9200
1,5,1,18,1,26,70,6,23400,22418,15,12,0.0000,0.0000,0.0000,30.0000,4.9200
1,5,0,14,2,74,50,4,23400,23760,15,12,0.0000,0.0000,0.0000,30.0000,4.9200
1,5,0,14,3,74,50,4,23400,23760,15,12,0.0000,0.0000,0.0000,30.0000,4.9200
1,5,1,16,2,38,129,4,23400,23760,11,12,0.0000,0.0000,0.0000,30.0000,4.9200
1,5,1,15,2,58,50,5,23400,12231,18,12,0.0000,0.0000,0.0000,30.0000,4.9200
1,5,0,15,2,58,50,4,23400,23760,14,12,0.0000,0.0000,0.0000,30.0000,4.9200
1,5,0,14,1,74,50,4,23400,23760,14,12,0.0000,0.0000,0.0000,30.0000,4.9200
1,5,1,16,2,38,50,14,23400,62105,14,12,0.0000,0.0000,0.0000,30.0000,4.9200
1,5,0,16,1,38,50,4,23400,23760,15,12,0.0000,0.0000,0.0000,30.0000,4.9200
1,5,0,16,1,38,50,4,23400,23760,15,12,0.0000,0.0000,0.0000,30.0000,4.9200
1,5,1,17,2,31,50,14,23400,62105,16,12,0.0000,0.0000,0.0000,30.0000,4.9200
1,5,0,17,2,31,50,14,23400,62105,16,12,0.0000,0.0000,0.0000,30.0000,4.9200
1,5,1,14,2,74,50,4,23400,23760,14,12,0.0000,0.0000,0.0000,30.0000,4.9200
1,5,1,15,2,58,50,8,23400,19857,15,12,0.0000,0.0000,0.0000,30.0000,4.9200
1,5,0,14,1,74,50,4,23400,23760,14,12,0.0000,0.0000,0.0000,30.0000,4.9200
1,5,0,18,2,26,50,4,23400,23760,14,12,0.0000,0.0000,0.0000,30.0000,4.9200
1,5,0,16,1,38,50,4,23400,23760,15,12,0.0000,0.0000,0.0000,30.0000,4.9200
1,5,0,16,1,38,50,4,23400,23760,14,12,0.0000,0.0000,0.0000,30.0000,4.9200
1,5,0,17,1,31,50,4,23400,23760,16,12,0.0000,0.0000,0.0000,30.0000,4.9200
1,5,0,14,2,74,50,4,23400,23760,15,12,0.0000,0.0000,0.0000,30.0000,4.9200
1,5,0,18,1,26,50,4,23400,23760,14,12,0.0000,0.0000,0.0000,30.0000,4.9200
1,5,1,18,1,26,66,14,23400,62105,14,12,0.0000,0.0000,0.0000,30.0000,4.9200
1,5,0,16,1,38,50,4,23400,23760,14,12,0.0000,0.0000,0.0000,30.0000,4.9200
1,5,0,18,1,26,50,4,23400,23760,14,12,0.0000,0.0000,0.0000,30.0000,4.9200
1,5,0,18,1,26,50,4,23400,23760,15,12,0.0000,0.0000,0.0000,30.0000,4.9200
1,5,0,3,3,11,110,7,3383,73508,18,57,0.0000,0.0000,0.0000,63.0000,3.8000
1,5,0,4,7,8,132,7,3383,73508,19,57,0.0000,0.0000,0.0000,63.0000,3.8000
1,5,0,2,7,10,132,7,3383,73508,18,57,0.0000,0.0000,0.0000,63.0000,3.8000
1,5,0,2,4,10,143,15,3383,107363,14,57,0.0000,0.0000,0.0000,63.0000,3.8000
1,5,0,3,6,11,143,15,3383,107363,18,57,0.0000,0.0000,0.0000,63.0000,3.8000
1,5,0,3,1,11,143,15,3383,107363,17,57,0.0000,0.0000,0.0000,63.0000,3.8000
1,5,0,3,2,11,143,15,3383,107363,9,57,0.0000,0.0000,0.0000,63.0000,3.8000
1,5,0,3,2,11,143,15,3383,107363,19,57,0.0000,0.0000,0.0000,63.0000,3.8000
1,5,0,3,2,11,143,15,3383,107363,18,57,0.0000,0.0000,0.0000,63.0000,3.8000
1,5,0,2,2,10,143,15,3383,107363,20,57,0.0000,0.0000,0.0000,63.0000,3.8000
1,5,0,2,2,10,143,15,3383,107363,14,57,0.0000,0.0000,0.0000,63.0000,3.8000
1,5,0,3,2,11,76,14,3383,62105,1,57,0.0000,0.0000,0.0000,63.0000,3.8000
1,5,0,2,5,10,160,3,3383,75506,2,57,0.0000,0.0000,0.0000,63.0000,3.8000
1,5,0,3,7,11,160,3,3383,75506,2,57,0.0000,0.0000,0.0000,63.0000,3.8000
1,5,0,3,4,11,157,1,3383,20315,13,57,0.0000,0.0000,0.0000,63.0000,3.8000
1,5,1,3,4,11,157,1,3383,20315,10,57,0.0000,0.0000,0.0000,63.0000,3.8000
1,5,0,2,2,10,154,17,3383,46218,14,57,0.0000,0.0000,0.0000,63.0000,3.8000
1,5,0,4,4,8,154,17,3383,46218,15,57,0.0000,0.0000,0.0000,63.0000,3.8000
1,5,0,2,10,10,124,17,3383,46218,21,57,0.0000,0.0000,0.0000,63.0000,3.8000
1,5,0,4,6,8,154,17,3383,46218,19,57,0.0000,0.0000,0.0000,63.0000,3.8000
1,5,0,2,7,10,154,17,3383,46218,2,57,0.0000,0.0000,0.0000,63.0000,3.8000
1,5,0,3,2,11,154,17,3383,46218,18,57,0.0000,0.0000,0.0000,63.0000,3.8000
1,5,0,4,7,8,160,3,3383,75506,2,57,0.0000,0.0000,0.0000,63.0000,3.8000
1,5,0,4,5,8,160,3,3383,75506,2,57,0.0000,0.0000,0.0000,63.0000,3.8000
1,5,0,2,2,10,160,3,3383,75506,6,57,0.0000,0.0000,0.0000,63.0000,3.8000
1,5,0,2,8,10,199,7,3383,73508,19,57,0.0000,0.0000,0.0000,63.0000,3.8000
1,5,0,7,8,6,199,7,3383,73508,19,57,0.0000,0.0000,0.0000,63.0000,3.8000
1,5,0,6,5,11,160,3,3383,75506,2,57,0.0000,0.0000,0.0000,63.0000,3.8000
1,5,0,6,7,11,154,17,3383,46218,9,57,0.0000,0.0000,0.0000,63.0000,3.8000
1,5,0,8,6,5,154,17,3383,46218,14,57,0.0000,0.0000,0.0000,63.0000,3.8000
1,5,0,6,6,11,154,17,3383,46218,8,57,0.0000,0.0000,0.0000,63.0000,3.8000
1,5,0,4,2,8,143,15,3383,107363,14,57,0.0000,0.0000,0.0000,63.0000,3.8000
1,5,0,6,2,11,143,15,3383,107363,12,57,0.0000,0.0000,0.0000,63.0000,3.8000
1,5,0,4,2,8,143,15,3383,107363,14,57,0.0000,0.0000,0.0000,63.0000,3.8000
1,5,0,4,2,8,143,15,3383,107363,13,57,0.0000,0.0000,0.0000,63.0000,3.8000
1,5,0,5,2,6,143,15,3383,107363,9,57,0.0000,0.0000,0.0000,63.0000,3.8000
1,5,0,6,2,11,143,15,3383,107363,16,57,0.0000,0.0000,0.0000,63.0000,3.8000
1,5,0,9,4,10,157,1,3383,20315,11,57,0.0000,0.0000,0.0000,63.0000,3.8000
1,5,0,7,4,6,149,1,3383,20315,11,57,0.0000,0.0000,0.0000,63.0000,3.8000
1,5,0,7,4,6,149,1,3383,20315,4,57,0.0000,0.0000,0.0000,63.0000,3.8000
1,5,0,13,4,8,149,1,3383,20315,13,57,0.0000,0.0000,0.0000,63.0000,3.8000
1,5,0,6,4,11,149,1,3383,20315,13,57,0.0000,0.0000,0.0000,63.0000,3.8000
1,5,0,5,1,6,76,14,3383,62105,3,57,0.0000,0.0000,0.0000,63.0000,3.8000
1,5,0,7,7,6,160,3,3383,75506,5,57,0.0000,0.0000,0.0000,63.0000,3.8000
1,5,0,7,8,6,199,7,3383,73508,17,57,0.0000,0.0000,0.0000,63.0000,3.8000
1,5,0,8,5,5,160,3,3383,75506,2,57,0.0000,0.0000,0.0000,63.0000,3.8000
1,5,0,5,5,6,160,3,3383,75506,2,57,0.0000,0.0000,0.0000,63.0000,3.8000
1,5,1,9,5,10,160,3,3383,75506,4,57,0.0000,0.0000,0.0000,63.0000,3.8000
1,5,1,9,2,10,154,17,3383,46218,11,57,0.0000,0.0000,0.0000,63.0000,3.8000
1,5,0,9,6,10,154,17,3383,46218,21,57,0.0000,0.0000,0.0000,63.0000,3.8000
1,5,1,9,4,10,154,17,3383,46218,21,57,0.0000,0.0000,0.0000,63.0000,3.8000
1,5,1,13,2,8,154,17,3383,46218,9,57,0.0000,0.0000,0.0000,63.0000,3.8000
1,5,1,12,4,7,154,17,3383,46218,3,57,0.0000,0.0000,0.0000,63.0000,3.8000
1,5,0,10,7,10,154,17,3383,46218,2,57,0.0000,0.0000,0.0000,63.0000,3.8000
1,5,0,6,3,11,110,7,3383,73508,19,57,0.0000,0.0000,0.0000,63.0000,3.8000
1,5,0,10,7,10,132,7,3383,73508,20,57,0.0000,0.0000,0.0000,63.0000,3.8000
1,5,0,9,3,10,110,7,3383,73508,19,57,0.0000,0.0000,0.0000,63.0000,3.8000
1,5,0,5,2,6,76,14,3383,62105,1,57,0.0000,0.0000,0.0000,63.0000,3.8000
1,5,0,9,2,10,70,14,3383,62105,1,57,0.0000,0.0000,0.0000,63.0000,3.8000
1,5,0,10,2,10,76,14,3383,62105,1,57,0.0000,0.0000,0.0000,63.0000,3.8000
1,5,0,10,1,10,143,15,3383,107363,11,57,0.0000,0.0000,0.0000,63.0000,3.8000
1,5,0,6,1,11,143,15,3383,107363,21,57,0.0000,0.0000,0.0000,63.0000,3.8000
1,5,0,15,2,6,143,15,3383,107363,19,57,0.0000,0.0000,0.0000,63.0000,3.8000
1,5,0,9,2,10,143,15,3383,107363,14,57,0.0000,0.0000,0.0000,63.0000,3.8000
1,5,0,5,2,6,143,15,3383,107363,17,57,0.0000,0.0000,0.0000,63.0000,3.8000
1,5,0,7,4,6,143,15,3383,107363,10,57,0.0000,0.0000,0.0000,63.0000,3.8000
1,5,0,6,2,11,143,15,3383,107363,20,57,0.0000,0.0000,0.0000,63.0000,3.8000
1,5,0,6,2,11,143,15,3383,107363,8,57,0.0000,0.0000,0.0000,63.0000,3.8000
1,5,0,10,8,10,199,7,3383,73508,20,57,0.0000,0.0000,0.0000,63.0000,3.8000
1,5,0,10,5,10,160,3,3383,75506,3,57,0.0000,0.0000,0.0000,63.0000,3.8000
1,5,0,5,2,6,128,3,3383,75506,19,57,0.0000,0.0000,0.0000,63.0000,3.8000
1,5,0,6,4,11,186,9,3383,9496,1,57,0.0000,0.0000,0.0000,63.0000,3.8000
1,5,1,14,4,6,119,1,3383,20315,11,57,0.0000,0.0000,0.0000,63.0000,3.8000
1,5,0,9,2,10,172,3,3383,75506,9,57,0.0000,0.0000,0.0000,63.0000,3.8000
1,5,0,11,4,6,157,1,3383,20315,10,57,0.0000,0.0000,0.0000,63.0000,3.8000
1,5,0,11,4,6,160,1,3383,20315,14,57,0.0000,0.0000,0.0000,63.0000,3.8000
1,5,0,15,2,6,160,3,3383,75506,5,57,0.0000,0.0000,0.0000,63.0000,3.8000
1,5,0,13,5,8,160,3,3383,75506,5,57,0.0000,0.0000,0.0000,63.0000,3.8000
1,5,0,17,10,2,124,17,3383,46218,17,57,0.0000,0.0000,0.0000,63.0000,3.8000
1,5,0,11,10,6,124,17,3383,46218,20,57,0.0000,0.0000,0.0000,63.0000,3.8000
1,5,0,14,4,6,154,17,3383,46218,19,57,0.0000,0.0000,0.0000,63.0000,3.8000
1,5,0,12,5,7,160,3,3383,75506,4,57,0.0000,0.0000,0.0000,63.0000,3.8000
1,5,0,12,5,7,150,9,3383,9496,13,57,0.0000,0.0000,0.0000,63.0000,3.8000
1,5,0,8,1,5,143,15,3383,107363,16,57,0.0000,0.0000,0.0000,63.0000,3.8000
1,5,0,11,2,6,143,15,3383,107363,10,57,0.0000,0.0000,0.0000,63.0000,3.8000
1,5,0,8,2,5,143,15,3383,107363,14,57,0.0000,0.0000,0.0000,63.0000,3.8000
1,5,0,8,2,5,143,15,3383,107363,13,57,0.0000,0.0000,0.0000,63.0000,3.8000
1,5,0,10,2,10,143,15,3383,107363,16,57,0.0000,0.0000,0.0000,63.0000,3.8000
1,5,0,12,2,7,143,15,3383,107363,17,57,0.0000,0.0000,0.0000,63.0000,3.8000
1,5,0,10,2,10,143,15,3383,107363,12,57,0.0000,0.0000,0.0000,63.0000,3.8000
1,5,0,9,1,10,76,14,3383,62105,3,57,0.0000,0.0000,0.0000,63.0000,3.8000
1,5,0,15,4,6,146,1,3383,20315,9,57,0.0000,0.0000,0.0000,63.0000,3.8000
1,5,0,12,2,7,160,3,3383,75506,4,57,0.0000,0.0000,0.0000,63.0000,3.8000
1,5,0,14,3,6,110,7,3383,73508,17,57,0.0000,0.0000,0.0000,63.0000,3.8000
1,5,1,12,3,7,110,7,3383,73508,18,57,0.0000,0.0000,0.0000,63.0000,3.8000
1,5,0,13,2,8,76,14,3383,62105,2,57,0.0000,0.0000,0.0000,63.0000,3.8000
1,5,0,14,2,6,66,14,3383,62105,10,57,0.0000,0.0000,0.0000,63.0000,3.8000
1,5,0,11,2,6,143,15,3383,107363,14,57,0.0000,0.0000,0.0000,63.0000,3.8000
1,5,0,10,2,10,143,15,3383,107363,21,57,0.0000,0.0000,0.0000,63.0000,3.8000
1,5,0,16,2,5,143,15,3383,107363,15,57,0.0000,0.0000,0.0000,63.0000,3.8000
1,5,0,11,5,6,143,15,3383,107363,8,57,0.0000,0.0000,0.0000,63.0000,3.8000
1,5,0,14,4,6,143,15,3383,107363,10,57,0.0000,0.0000,0.0000,63.0000,3.8000
1,5,0,10,4,10,143,15,3383,107363,20,57,0.0000,0.0000,0.0000,63.0000,3.8000
1,5,0,15,1,6,76,14,3383,62105,3,57,0.0000,0.0000,0.0000,63.0000,3.8000
1,5,0,16,4,5,146,1,3383,20315,8,57,0.0000,0.0000,0.0000,63.0000,3.8000
1,5,0,15,2,6,143,15,3383,107363,12,57,0.0000,0.0000,0.0000,63.0000,3.8000
1,5,0,13,2,8,143,15,3383,107363,12,57,0.0000,0.0000,0.0000,63.0000,3.8000
1,5,0,14,2,6,143,15,3383,107363,18,57,0.0000,0.0000,0.0000,63.0000,3.8000
1,5,0,15,2,6,143,15,3383,107363,10,57,0.0000,0.0000,0.0000,63.0000,3.8000
1,5,0,13,2,8,143,15,3383,107363,15,57,0.0000,0.0000,0.0000,63.0000,3.8000
1,5,1,12,2,7,143,15,3383,107363,14,57,0.0000,0.0000,0.0000,63.0000,3.8000
1,5,0,17,2,2,76,14,3383,62105,2,57,0.0000,0.0000,0.0000,63.0000,3.8000
1,5,0,16,2,5,143,15,3383,107363,11,57,0.0000,0.0000,0.0000,63.0000,3.8000
1,5,0,13,1,8,143,15,3383,107363,11,57,0.0000,0.0000,0.0000,63.0000,3.8000
1,5,0,13,2,8,143,15,3383,107363,20,57,0.0000,0.0000,0.0000,63.0000,3.8000
1,5,0,16,1,5,143,15,3383,107363,15,57,0.0000,0.0000,0.0000,63.0000,3.8000
1,5,0,16,2,5,143,15,3383,107363,17,57,0.0000,0.0000,0.0000,63.0000,3.8000
1,5,0,2,3,28,110,7,13115,73508,18,79,0.1600,0.0000,0.0000,61.0000,4.2500
1,5,0,2,11,28,168,7,13115,73508,20,79,0.1600,0.0000,0.0000,61.0000,4.2500
1,5,0,4,11,39,246,7,13115,73508,18,79,0.1600,0.0000,0.0000,61.0000,4.2500
1,5,0,2,7,28,180,7,13115,73508,4,79,0.1600,0.0000,0.0000,61.0000,4.2500
1,5,0,3,9,27,180,7,13115,73508,1,79,0.1600,0.0000,0.0000,61.0000,4.2500
1,5,0,2,3,28,110,7,13115,73508,19,79,0.1600,0.0000,0.0000,61.0000,4.2500
1,5,0,3,9,27,180,7,13115,73508,6,79,0.1600,0.0000,0.0000,61.0000,4.2500
1,5,0,3,2,27,185,1,13115,20315,2,79,0.1600,0.0000,0.0000,61.0000,4.2500
1,5,0,12,2,29,149,1,13115,20315,3,79,0.1600,0.0000,0.0000,61.0000,4.2500
1,5,0,3,2,27,146,1,13115,20315,7,79,0.1600,0.0000,0.0000,61.0000,4.2500
1,5,0,4,3,39,146,1,13115,20315,7,79,0.1600,0.0000,0.0000,61.0000,4.2500
1,5,0,5,2,31,149,1,13115,20315,12,79,0.1600,0.0000,0.0000,61.0000,4.2500
1,5,0,4,2,39,119,1,13115,20315,13,79,0.1600,0.0000,0.0000,61.0000,4.2500
1,5,1,7,2,35,149,1,13115,20315,4,79,0.1600,0.0000,0.0000,61.0000,4.2500
1,5,0,14,2,16,146,1,13115,20315,8,79,0.1600,0.0000,0.0000,61.0000,4.2500
1,5,1,11,2,20,149,1,13115,20315,13,79,0.1600,0.0000,0.0000,61.0000,4.2500
1,5,1,7,2,35,185,1,13115,20315,1,79,0.1600,0.0000,0.0000,61.0000,4.2500
1,5,0,3,2,27,175,15,13115,107363,1,79,0.1600,0.0000,0.0000,61.0000,4.2500
1,5,0,2,2,28,143,15,13115,107363,18,79,0.1600,0.0000,0.0000,61.0000,4.2500
1,5,0,2,3,28,143,15,13115,107363,10,79,0.1600,0.0000,0.0000,61.0000,4.2500
1,5,0,1,8,9,175,15,13115,107363,3,79,0.1600,0.0000,0.0000,61.0000,4.2500
1,5,0,4,2,39,143,15,13115,107363,14,79,0.1600,0.0000,0.0000,61.0000,4.2500
1,5,0,2,2,28,143,15,13115,107363,10,79,0.1600,0.0000,0.0000,61.0000,4.2500
1,5,0,3,2,27,143,15,13115,107363,13,79,0.1600,0.0000,0.0000,61.0000,4.2500
1,5,0,2,4,28,175,15,13115,107363,5,79,0.1600,0.0000,0.0000,61.0000,4.2500
1,5,0,1,6,9,175,15,13115,107363,5,79,0.1600,0.0000,0.0000,61.0000,4.2500
1,5,0,4,2,39,143,15,13115,107363,18,79,0.1600,0.0000,0.0000,61.0000,4.2500
1,5,0,2,7,28,143,15,13115,107363,19,79,0.1600,0.0000,0.0000,61.0000,4.2500
1,5,0,1,4,9,180,9,13115,9496,3,79,0.1600,0.0000,0.0000,61.0000,4.2500
1,5,0,2,2,28,76,14,13115,62105,4,79,0.1600,0.0000,0.0000,61.0000,4.2500
1,5,1,6,1,35,50,14,13115,62105,17,79,0.1600,0.0000,0.0000,61.0000,4.2500
1,5,1,10,2,24,76,14,13115,62105,3,79,0.1600,0.0000,0.0000,61.0000,4.2500
1,5,0,2,1,28,50,14,13115,62105,15,79,0.1600,0.0000,0.0000,61.0000,4.2500
1,5,0,4,1,39,50,14,13115,62105,17,79,0.1600,0.0000,0.0000,61.0000,4.2500
1,5,0,3,2,27,76,14,13115,62105,3,79,0.1600,0.0000,0.0000,61.0000,4.2500
1,5,1,18,1,23,76,14,13115,62105,2,79,0.1600,0.0000,0.0000,61.0000,4.2500
1,5,0,4,2,39,50,14,13115,62105,19,79,0.1600,0.0000,0.0000,61.0000,4.2500
1,5,0,5,2,31,50,14,13115,62105,16,79,0.1600,0.0000,0.0000,61.0000,4.2500
1,5,0,3,3,27,76,14,13115,62105,4,79,0.1600,0.0000,0.0000,61.0000,4.2500
1,5,1,12,2,29,50,14,13115,62105,17,79,0.1600,0.0000,0.0000,61.0000,4.2500
1,5,0,4,3,39,76,14,13115,62105,2,79,0.1600,0.0000,0.0000,61.0000,4.2500
1,5,1,6,6,35,76,14,13115,62105,3,79,0.1600,0.0000,0.0000,61.0000,4.2500
1,5,0,4,4,39,76,14,13115,62105,5,79,0.1600,0.0000,0.0000,61.0000,4.2500
1,5,0,13,7,20,76,14,13115,62105,5,79,0.1600,0.0000,0.0000,61.0000,4.2500
1,5,0,6,4,35,76,14,13115,62105,3,79,0.1600,0.0000,0.0000,61.0000,4.2500
1,5,0,4,2,39,50,14,13115,62105,17,79,0.1600,0.0000,0.0000,61.0000,4.2500
1,5,0,2,1,28,76,14,13115,62105,5,79,0.1600,0.0000,0.0000,61.0000,4.2500
1,5,0,3,2,27,50,14,13115,62105,16,79,0.1600,0.0000,0.0000,61.0000,4.2500
1,5,0,2,6,28,76,14,13115,62105,4,79,0.1600,0.0000,0.0000,61.0000,4.2500
1,5,0,5,10,31,294,10,13115,6791,9,79,0.1600,0.0000,0.0000,61.0000,4.2500
1,5,0,4,10,39,294,10,13115,6791,9,79,0.1600,0.0000,0.0000,61.0000,4.2500
1,5,1,1,6,9,172,3,13115,75506,9,79,0.1600,0.0000,0.0000,61.0000,4.2500
1,5,0,4,11,39,129,11,13115,23463,11,79,0.1600,0.0000,0.0000,61.0000,4.2500
1,5,0,5,11,31,129,11,13115,23463,11,79,0.1600,0.0000,0.0000,61.0000,4.2500
1,5,0,2,11,28,159,11,13115,23463,1,79,0.1600,0.0000,0.0000,61.0000,4.2500
1,5,0,2,6,28,181,3,13115,75506,3,79,0.1600,0.0000,0.0000,61.0000,4.2500
1,5,0,4,10,39,187,3,13115,75506,6,79,0.1600,0.0000,0.0000,61.0000,4.2500
1,5,0,3,8,27,160,3,13115,75506,3,79,0.1600,0.0000,0.0000,61.0000,4.2500
1,5,0,2,3,28,150,3,13115,75506,17,79,0.1600,0.0000,0.0000,61.0000,4.2500
1,5,0,3,2,27,110,7,13115,73508,19,79,0.1600,0.0000,0.0000,61.0000,4.2500
1,5,0,2,2,28,110,7,13115,73508,18,79,0.1600,0.0000,0.0000,61.0000,4.2500
1,5,0,3,3,27,157,1,13115,20315,8,79,0.1600,0.0000,0.0000,61.0000,4.2500
1,5,0,5,10,31,181,1,13115,20315,5,79,0.1600,0.0000,0.0000,61.0000,4.2500
1,5,1,7,10,35,181,1,13115,20315,6,79,0.1600,0.0000,0.0000,61.0000,4.2500
1,5,1,6,11,35,157,1,13115,20315,9,79,0.1600,0.0000,0.0000,61.0000,4.2500
1,5,0,3,10,27,181,1,13115,20315,4,79,0.1600,0.0000,0.0000,61.0000,4.2500
1,5,1,6,8,35,146,1,13115,20315,6,79,0.1600,0.0000,0.0000,61.0000,4.2500
1,5,0,3,11,27,149,1,13115,20315,12,79,0.1600,0.0000,0.0000,61.0000,4.2500
1,5,0,3,11,27,149,1,13115,20315,3,79,0.1600,0.0000,0.0000,61.0000,4.2500
1,5,1,6,3,35,129,1,13115,20315,11,79,0.1600,0.0000,0.0000,61.0000,4.2500
1,5,0,4,3,39,146,1,13115,20315,8,79,0.1600,0.0000,0.0000,61.0000,4.2500
1,5,0,4,10,39,146,1,13115,20315,7,79,0.1600,0.0000,0.0000,61.0000,4.2500
1,5,1,6,10,35,149,1,13115,20315,12,79,0.1600,0.0000,0.0000,61.0000,4.2500
1,5,1,5,10,31,149,1,13115,20315,11,79,0.1600,0.0000,0.0000,61.0000,4.2500
1,5,1,11,2,20,149,1,13115,20315,12,79,0.1600,0.0000,0.0000,61.0000,4.2500
1,5,0,5,3,31,146,1,13115,20315,8,79,0.1600,0.0000,0.0000,61.0000,4.2500
1,5,1,6,3,35,119,1,13115,20315,11,79,0.1600,0.0000,0.0000,61.0000,4.2500
1,5,0,2,6,28,181,3,13115,75506,2,79,0.1600,0.0000,0.0000,61.0000,4.2500
1,5,0,1,8,9,216,17,13115,46218,17,79,0.1600,0.0000,0.0000,61.0000,4.2500
1,5,0,5,10,31,154,17,13115,46218,9,79,0.1600,0.0000,0.0000,61.0000,4.2500
1,5,0,4,11,39,154,17,13115,46218,18,79,0.1600,0.0000,0.0000,61.0000,4.2500
1,5,0,2,11,28,170,17,13115,46218,21,79,0.1600,0.0000,0.0000,61.0000,4.2500
1,5,1,8,11,24,170,17,13115,46218,22,79,0.1600,0.0000,0.0000,61.0000,4.2500
1,5,0,3,2,27,142,17,13115,46218,25,79,0.1600,0.0000,0.0000,61.0000,4.2500
1,5,0,3,7,27,154,17,13115,46218,9,79,0.1600,0.0000,0.0000,61.0000,4.2500
1,5,0,4,2,39,120,17,13115,46218,18,79,0.1600,0.0000,0.0000,61.0000,4.2500
1,5,0,4,8,39,173,17,13115,46218,5,79,0.1600,0.0000,0.0000,61.0000,4.2500
1,5,1,6,10,35,173,17,13115,46218,6,79,0.1600,0.0000,0.0000,61.0000,4.2500
1,5,0,3,11,27,169,17,13115,46218,19,79,0.1600,0.0000,0.0000,61.0000,4.2500
1,5,0,2,8,28,179,17,13115,46218,1,79,0.1600,0.0000,0.0000,61.0000,4.2500
1,5,0,3,7,27,173,17,13115,46218,10,79,0.1600,0.0000,0.0000,61.0000,4.2500
1,5,0,4,10,39,216,17,13115,46218,17,79,0.1600,0.0000,0.0000,61.0000,4.2500
1,5,0,3,10,27,291,17,13115,46218,24,79,0.1600,0.0000,0.0000,61.0000,4.2500
1,5,1,10,10,24,291,17,13115,46218,19,79,0.1600,0.0000,0.0000,61.0000,4.2500
1,5,1,7,7,35,337,17,13115,46218,1,79,0.1600,0.0000,0.0000,61.0000,4.2500
1,5,0,2,2,28,120,17,13115,46218,13,79,0.1600,0.0000,0.0000,61.0000,4.2500
1,5,0,2,3,28,120,17,13115,46218,18,79,0.1600,0.0000,0.0000,61.0000,4.2500
1,5,1,2,3,28,173,17,13115,46218,3,79,0.1600,0.0000,0.0000,61.0000,4.2500
1,5,0,1,7,9,173,17,13115,46218,11,79,0.1600,0.0000,0.0000,61.0000,4.2500
1,5,0,5,10,31,120,17,13115,46218,21,79,0.1600,0.0000,0.0000,61.0000,4.2500
1,5,0,2,11,28,129,17,13115,46218,11,79,0.1600,0.0000,0.0000,61.0000,4.2500
1,5,0,14,2,16,142,17,13115,46218,13,79,0.1600,0.0000,0.0000,61.0000,4.2500
1,5,0,6,8,35,120,17,13115,46218,20,79,0.1600,0.0000,0.0000,61.0000,4.2500
1,5,0,4,11,39,169,17,13115,46218,24,79,0.1600,0.0000,0.0000,61.0000,4.2500
1,5,0,5,10,31,169,17,13115,46218,24,79,0.1600,0.0000,0.0000,61.0000,4.2500
1,5,1,15,3,22,142,17,13115,46218,25,79,0.1600,0.0000,0.0000,61.0000,4.2500
1,5,1,4,11,39,170,17,13115,46218,22,79,0.1600,0.0000,0.0000,61.0000,4.2500
1,5,0,1,4,9,154,17,13115,46218,20,79,0.1600,0.0000,0.0000,61.0000,4.2500
1,5,0,6,11,35,169,17,13115,46218,25,79,0.1600,0.0000,0.0000,61.0000,4.2500
1,5,0,2,2,28,154,17,13115,46218,11,79,0.1600,0.0000,0.0000,61.0000,4.2500
1,5,0,3,2,27,154,17,13115,46218,8,79,0.1600,0.0000,0.0000,61.0000,4.2500
1,5,0,4,10,39,154,17,13115,46218,11,79,0.1600,0.0000,0.0000,61.0000,4.2500
1,5,0,5,10,31,291,17,13115,46218,23,79,0.1600,0.0000,0.0000,61.0000,4.2500
1,5,0,4,4,39,173,17,13115,46218,11,79,0.1600,0.0000,0.0000,61.0000,4.2500
1,5,0,3,3,27,173,17,13115,46218,5,79,0.1600,0.0000,0.0000,61.0000,4.2500
1,5,1,19,8,10,267,17,13115,46218,21,79,0.1600,0.0000,0.0000,61.0000,4.2500
1,5,0,9,2,34,291,17,13115,46218,24,79,0.1600,0.0000,0.0000,61.0000,4.2500
1,5,0,5,8,31,172,3,13115,75506,9,79,0.1600,0.0000,0.0000,61.0000,4.2500
1,5,0,2,11,28,187,3,13115,75506,18,79,0.1600,0.0000,0.0000,61.0000,4.2500
1,5,0,1,10,9,187,3,13115,75506,6,79,0.1600,0.0000,0.0000,61.0000,4.2500
1,5,1,4,11,39,102,3,13115,75506,5,79,0.1600,0.0000,0.0000,61.0000,4.2500
1,5,0,3,11,27,181,3,13115,75506,3,79,0.1600,0.0000,0.0000,61.0000,4.2500
1,5,0,4,6,39,181,3,13115,75506,3,79,0.1600,0.0000,0.0000,61.0000,4.2500
1,5,0,4,11,39,247,3,13115,75506,10,79,0.1600,0.0000,0.0000,61.0000,4.2500
1,5,0,5,3,31,187,3,13115,75506,6,79,0.1600,0.0000,0.0000,61.0000,4.2500
1,5,0,2,9,28,180,7,13115,73508,2,79,0.1600,0.0000,0.0000,61.0000,4.2500
1,5,0,4,9,39,180,7,13115,73508,3,79,0.1600,0.0000,0.0000,61.0000,4.2500
1,5,0,3,7,27,180,7,13115,73508,1,79,0.1600,0.0000,0.0000,61.0000,4.2500
1,5,0,2,11,28,102,3,13115,75506,6,79,0.1600,0.0000,0.0000,61.0000,4.2500
1,5,0,5,2,31,160,7,13115,73508,18,79,0.1600,0.0000,0.0000,61.0000,4.2500
1,5,0,7,2,35,142,17,13115,46218,19,79,0.1600,0.0000,0.0000,61.0000,4.2500
1,5,1,6,2,35,173,17,13115,46218,5,79,0.1600,0.0000,0.0000,61.0000,4.2500
1,5,0,6,3,35,142,17,13115,46218,21,79,0.1600,0.0000,0.0000,61.0000,4.2500
1,5,0,10,11,24,169,17,13115,46218,21,79,0.1600,0.0000,0.0000,61.0000,4.2500
1,5,0,9,10,34,179,17,13115,46218,1,79,0.1600,0.0000,0.0000,61.0000,4.2500
1,5,0,17,11,9,169,17,13115,46218,23,79,0.1600,0.0000,0.0000,61.0000,4.2500
1,5,1,6,2,35,120,17,13115,46218,22,79,0.1600,0.0000,0.0000,61.0000,4.2500
1,5,0,6,10,35,154,17,13115,46218,18,79,0.1600,0.0000,0.0000,61.0000,4.2500
1,5,1,7,8,35,120,17,13115,46218,12,79,0.1600,0.0000,0.0000,61.0000,4.2500
1,5,0,14,6,16,120,17,13115,46218,12,79,0.1600,0.0000,0.0000,61.0000,4.2500
1,5,0,12,10,29,154,17,13115,46218,20,79,0.1600,0.0000,0.0000,61.0000,4.2500
1,5,0,6,9,35,142,17,13115,46218,20,79,0.1600,0.0000,0.0000,61.0000,4.2500
1,5,1,7,11,35,170,17,13115,46218,27,79,0.1600,0.0000,0.0000,61.0000,4.2500
1,5,0,5,4,31,154,17,13115,46218,19,79,0.1600,0.0000,0.0000,61.0000,4.2500
1,5,0,5,11,31,142,17,13115,46218,17,79,0.1600,0.0000,0.0000,61.0000,4.2500
1,5,0,4,2,39,173,17,13115,46218,11,79,0.1600,0.0000,0.0000,61.0000,4.2500
1,5,1,7,11,35,170,17,13115,46218,26,79,0.1600,0.0000,0.0000,61.0000,4.2500
1,5,0,5,7,31,154,17,13115,46218,20,79,0.1600,0.0000,0.0000,61.0000,4.2500
1,5,1,9,8,34,216,17,13115,46218,17,79,0.1600,0.0000,0.0000,61.0000,4.2500
1,5,0,7,2,35,142,17,13115,46218,18,79,0.1600,0.0000,0.0000,61.0000,4.2500
1,5,0,6,3,35,154,17,13115,46218,17,79,0.1600,0.0000,0.0000,61.0000,4.2500
1,5,0,5,10,31,173,17,13115,46218,6,79,0.1600,0.0000,0.0000,61.0000,4.2500
1,5,0,9,7,34,173,17,13115,46218,7,79,0.1600,0.0000,0.0000,61.0000,4.2500
1,5,0,9,11,34,169,17,13115,46218,19,79,0.1600,0.0000,0.0000,61.0000,4.2500
1,5,0,9,11,34,173,17,13115,46218,5,79,0.1600,0.0000,0.0000,61.0000,4.2500
1,5,0,6,9,35,154,17,13115,46218,2,79,0.1600,0.0000,0.0000,61.0000,4.2500
1,5,0,4,10,39,120,17,13115,46218,19,79,0.1600,0.0000,0.0000,61.0000,4.2500
1,5,0,10,2,24,154,17,13115,46218,9,79,0.1600,0.0000,0.0000,61.0000,4.2500
1,5,0,18,2,23,291,17,13115,46218,24,79,0.1600,0.0000,0.0000,61.0000,4.2500
1,5,0,11,11,20,170,17,13115,46218,20,79,0.1600,0.0000,0.0000,61.0000,4.2500
1,5,1,8,3,24,142,17,13115,46218,18,79,0.1600,0.0000,0.0000,61.0000,4.2500
1,5,0,7,10,35,154,17,13115,46218,21,79,0.1600,0.0000,0.0000,61.0000,4.2500
1,5,1,10,4,24,154,17,13115,46218,19,79,0.1600,0.0000,0.0000,61.0000,4.2500
1,5,1,9,10,34,169,17,13115,46218,20,79,0.1600,0.0000,0.0000,61.0000,4.2500
1,5,1,9,2,34,154,17,13115,46218,3,79,0.1600,0.0000,0.0000,61.0000,4.2500
1,5,1,7,7,35,173,17,13115,46218,6,79,0.1600,0.0000,0.0000,61.0000,4.2500
1,5,0,4,2,39,142,17,13115,46218,25,79,0.1600,0.0000,0.0000,61.0000,4.2500
1,5,0,4,8,39,120,17,13115,46218,21,79,0.1600,0.0000,0.0000,61.0000,4.2500
1,5,0,5,3,31,154,17,13115,46218,14,79,0.1600,0.0000,0.0000,61.0000,4.2500
1,5,0,14,2,16,154,17,13115,46218,21,79,0.1600,0.0000,0.0000,61.0000,4.2500
1,5,0,9,8,34,291,17,13115,46218,19,79,0.1600,0.0000,0.0000,61.0000,4.2500
1,5,1,6,8,35,173,17,13115,46218,4,79,0.1600,0.0000,0.0000,61.0000,4.2500
1,5,1,6,2,35,154,17,13115,46218,11,79,0.1600,0.0000,0.0000,61.0000,4.2500
1,5,0,6,2,35,120,17,13115,46218,21,79,0.1600,0.0000,0.0000,61.0000,4.2500
1,5,1,7,10,35,179,17,13115,46218,1,79,0.1600,0.0000,0.0000,61.0000,4.2500
1,5,0,5,2,31,154,17,13115,46218,20,79,0.1600,0.0000,0.0000,61.0000,4.2500
1,5,1,12,10,29,291,17,13115,46218,24,79,0.1600,0.0000,0.0000,61.0000,4.2500
1,5,1,9,4,34,291,17,13115,46218,23,79,0.1600,0.0000,0.0000,61.0000,4.2500
1,5,0,9,11,34,120,17,13115,46218,18,79,0.1600,0.0000,0.0000,61.0000,4.2500
1,5,0,12,2,29,142,17,13115,46218,19,79,0.1600,0.0000,0.0000,61.0000,4.2500
1,5,0,7,3,35,154,17,13115,46218,21,79,0.1600,0.0000,0.0000,61.0000,4.2500
1,5,0,7,9,35,142,17,13115,46218,25,79,0.1600,0.0000,0.0000,61.0000,4.2500
1,5,0,5,2,31,173,17,13115,46218,7,79,0.1600,0.0000,0.0000,61.0000,4.2500
1,5,0,19,11,10,129,11,13115,23463,11,79,0.1600,0.0000,0.0000,61.0000,4.2500
1,5,0,11,11,20,129,11,13115,23463,11,79,0.1600,0.0000,0.0000,61.0000,4.2500
1,5,0,4,2,39,150,11,13115,23463,12,79,0.1600,0.0000,0.0000,61.0000,4.2500
1,5,1,7,11,35,159,11,13115,23463,5,79,0.1600,0.0000,0.0000,61.0000,4.2500
1,5,0,7,11,35,129,11,13115,23463,11,79,0.1600,0.0000,0.0000,61.0000,4.2500
1,5,0,9,11,34,159,11,13115,23463,5,79,0.1600,0.0000,0.0000,61.0000,4.2500
1,5,1,10,11,24,159,11,13115,23463,5,79,0.1600,0.0000,0.0000,61.0000,4.2500
1,5,0,5,2,31,175,15,13115,107363,4,79,0.1600,0.0000,0.0000,61.0000,4.2500
1,5,0,4,3,39,143,15,13115,107363,20,79,0.1600,0.0000,0.0000,61.0000,4.2500
1,5,0,4,2,39,143,15,13115,107363,17,79,0.1600,0.0000,0.0000,61.0000,4.2500
1,5,0,7,7,35,175,15,13115,107363,2,79,0.1600,0.0000,0.0000,61.0000,4.2500
1,5,1,8,3,24,181,1,13115,20315,3,79,0.1600,0.0000,0.0000,61.0000,4.2500
1,5,0,5,11,31,181,1,13115,20315,3,79,0.1600,0.0000,0.0000,61.0000,4.2500
1,5,0,5,10,31,149,1,13115,20315,11,79,0.1600,0.0000,0.0000,61.0000,4.2500
1,5,0,5,11,31,149,1,13115,20315,13,79,0.1600,0.0000,0.0000,61.0000,4.2500
1,5,0,11,10,20,146,1,13115,20315,7,79,0.1600,0.0000,0.0000,61.0000,4.2500
1,5,0,8,7,24,149,1,13115,20315,3,79,0.1600,0.0000,0.0000,61.0000,4.2500
1,5,0,8,8,24,149,1,13115,20315,11,79,0.1600,0.0000,0.0000,61.0000,4.2500
1,5,0,8,3,24,119,1,13115,20315,11,79,0.1600,0.0000,0.0000,61.0000,4.2500
1,5,0,9,3,34,146,1,13115,20315,8,79,0.1600,0.0000,0.0000,61.0000,4.2500
1,5,1,8,8,24,149,1,13115,20315,4,79,0.1600,0.0000,0.0000,61.0000,4.2500
1,5,1,9,2,34,181,1,13115,20315,2,79,0.1600,0.0000,0.0000,61.0000,4.2500
1,5,0,7,6,35,76,14,13115,62105,1,79,0.1600,0.0000,0.0000,61.0000,4.2500
1,5,0,7,6,35,76,14,13115,62105,3,79,0.1600,0.0000,0.0000,61.0000,4.2500
1,5,0,7,2,35,76,14,13115,62105,1,79,0.1600,0.0000,0.0000,61.0000,4.2500
1,5,1,3,1,27,50,14,13115,62105,16,79,0.1600,0.0000,0.0000,61.0000,4.2500
1,5,0,6,6,35,76,14,13115,62105,4,79,0.1600,0.0000,0.0000,61.0000,4.2500
1,5,1,16,2,18,50,14,13115,62105,17,79,0.1600,0.0000,0.0000,61.0000,4.2500
1,5,0,5,6,31,76,14,13115,62105,5,79,0.1600,0.0000,0.0000,61.0000,4.2500
1,5,0,4,2,39,50,14,13115,62105,16,79,0.1600,0.0000,0.0000,61.0000,4.2500
1,5,0,5,3,31,76,14,13115,62105,4,79,0.1600,0.0000,0.0000,61.0000,4.2500
1,5,0,4,1,39,50,14,13115,62105,15,79,0.1600,0.0000,0.0000,61.0000,4.2500
1,5,0,6,2,35,50,14,13115,62105,17,79,0.1600,0.0000,0.0000,61.0000,4.2500
1,5,0,6,3,35,76,14,13115,62105,4,79,0.1600,0.0000,0.0000,61.0000,4.2500
1,5,0,5,1,31,66,14,13115,62105,10,79,0.1600,0.0000,0.0000,61.0000,4.2500
1,5,0,5,3,31,76,14,13115,62105,3,79,0.1600,0.0000,0.0000,61.0000,4.2500
1,5,0,4,8,39,76,14,13115,62105,2,79,0.1600,0.0000,0.0000,61.0000,4.2500
1,5,0,6,7,35,76,14,13115,62105,4,79,0.1600,0.0000,0.0000,61.0000,4.2500
1,5,1,3,2,27,76,14,13115,62105,3,79,0.1600,0.0000,0.0000,61.0000,4.2500
1,5,1,3,2,27,50,14,13115,62105,18,79,0.1600,0.0000,0.0000,61.0000,4.2500
1,5,0,9,6,34,76,14,13115,62105,3,79,0.1600,0.0000,0.0000,61.0000,4.2500
1,5,0,12,2,29,66,14,13115,62105,10,79,0.1600,0.0000,0.0000,61.0000,4.2500
1,5,0,4,2,39,50,14,13115,62105,16,79,0.1600,0.0000,0.0000,61.0000,4.2500
1,5,1,5,2,31,76,14,13115,62105,5,79,0.1600,0.0000,0.0000,61.0000,4.2500
1,5,0,4,6,39,76,14,13115,62105,3,79,0.1600,0.0000,0.0000,61.0000,4.2500
1,5,0,12,1,29,50,14,13115,62105,17,79,0.1600,0.0000,0.0000,61.0000,4.2500
1,5,0,12,3,29,146,1,13115,20315,8,79,0.1600,0.0000,0.0000,61.0000,4.2500
1,5,0,6,2,35,149,1,13115,20315,4,79,0.1600,0.0000,0.0000,61.0000,4.2500
1,5,1,7,11,35,199,7,13115,73508,27,79,0.1600,0.0000,0.0000,61.0000,4.2500
1,5,1,7,7,35,180,7,13115,73508,2,79,0.1600,0.0000,0.0000,61.0000,4.2500
1,5,1,7,9,35,180,7,13115,73508,2,79,0.1600,0.0000,0.0000,61.0000,4.2500
1,5,1,7,9,35,234,7,13115,73508,16,79,0.1600,0.0000,0.0000,61.0000,4.2500
1,5,0,7,11,35,168,7,13115,73508,22,79,0.1600,0.0000,0.0000,61.0000,4.2500
1,5,0,18,11,23,168,7,13115,73508,22,79,0.1600,0.0000,0.0000,61.0000,4.2500
1,5,1,9,11,34,168,7,13115,73508,22,79,0.1600,0.0000,0.0000,61.0000,4.2500
1,5,1,10,11,24,246,7,13115,73508,19,79,0.1600,0.0000,0.0000,61.0000,4.2500
1,5,1,1,11,9,247,3,13115,75506,9,79,0.1600,0.0000,0.0000,61.0000,4.2500
1,5,0,19,11,10,102,3,13115,75506,5,79,0.1600,0.0000,0.0000,61.0000,4.2500
1,5,0,8,11,24,181,3,13115,75506,2,79,0.1600,0.0000,0.0000,61.0000,4.2500
1,5,0,11,11,20,102,3,13115,75506,5,79,0.1600,0.0000,0.0000,61.0000,4.2500
1,5,0,7,11,35,102,3,13115,75506,6,79,0.1600,0.0000,0.0000,61.0000,4.2500
1,5,0,11,8,20,160,3,13115,75506,6,79,0.1600,0.0000,0.0000,61.0000,4.2500
1,5,0,9,2,34,142,17,13115,46218,25,79,0.1600,0.0000,0.0000,61.0000,4.2500
1,5,0,9,10,34,154,17,13115,46218,21,79,0.1600,0.0000,0.0000,61.0000,4.2500
1,5,0,19,11,10,169,17,13115,46218,24,79,0.1600,0.0000,0.0000,61.0000,4.2500
1,5,0,11,4,20,216,17,13115,46218,17,79,0.1600,0.0000,0.0000,61.0000,4.2500
1,5,0,17,11,9,181,3,13115,75506,3,79,0.1600,0.0000,0.0000,61.0000,4.2500
1,5,0,8,2,24,160,3,13115,75506,5,79,0.1600,0.0000,0.0000,61.0000,4.2500
1,5,1,8,2,24,154,17,13115,46218,11,79,0.1600,0.0000,0.0000,61.0000,4.2500
1,5,1,9,10,34,154,17,13115,46218,20,79,0.1600,0.0000,0.0000,61.0000,4.2500
1,5,0,18,3,23,120,17,13115,46218,21,79,0.1600,0.0000,0.0000,61.0000,4.2500
1,5,1,10,8,24,216,17,13115,46218,17,79,0.1600,0.0000,0.0000,61.0000,4.2500
1,5,0,6,4,35,173,17,13115,46218,5,79,0.1600,0.0000,0.0000,61.0000,4.2500
1,5,0,12,7,29,179,17,13115,46218,1,79,0.1600,0.0000,0.0000,61.0000,4.2500
1,5,1,19,11,10,291,17,13115,46218,24,79,0.1600,0.0000,0.0000,61.0000,4.2500
1,5,0,13,8,20,173,17,13115,46218,5,79,0.1600,0.0000,0.0000,61.0000,4.2500
1,5,0,8,10,24,120,17,13115,46218,18,79,0.1600,0.0000,0.0000,61.0000,4.2500
1,5,1,15,3,22,142,17,13115,46218,25,79,0.1600,0.0000,0.0000,61.0000,4.2500
1,5,0,18,9,23,120,17,13115,46218,20,79,0.1600,0.0000,0.0000,61.0000,4.2500
1,5,0,8,3,24,120,17,13115,46218,13,79,0.1600,0.0000,0.0000,61.0000,4.2500
1,5,1,9,7,34,180,7,13115,73508,1,79,0.1600,0.0000,0.0000,61.0000,4.2500
1,5,1,9,3,34,132,7,13115,73508,16,79,0.1600,0.0000,0.0000,61.0000,4.2500
1,5,1,8,9,24,180,7,13115,73508,3,79,0.1600,0.0000,0.0000,61.0000,4.2500
1,5,1,10,9,24,180,7,13115,73508,5,79,0.1600,0.0000,0.0000,61.0000,4.2500
1,5,0,14,3,16,180,7,13115,73508,3,79,0.1600,0.0000,0.0000,61.0000,4.2500
1,5,1,9,3,34,110,7,13115,73508,18,79,0.1600,0.0000,0.0000,61.0000,4.2500
1,5,0,6,3,35,76,14,13115,62105,3,79,0.1600,0.0000,0.0000,61.0000,4.2500
1,5,1,7,7,35,76,14,13115,62105,2,79,0.1600,0.0000,0.0000,61.0000,4.2500
1,5,0,9,1,34,50,14,13115,62105,15,79,0.1600,0.0000,0.0000,61.0000,4.2500
1,5,0,17,2,9,146,1,13115,20315,7,79,0.1600,0.0000,0.0000,61.0000,4.2500
1,5,1,8,2,24,185,1,13115,20315,2,79,0.1600,0.0000,0.0000,61.0000,4.2500
1,5,0,10,2,24,149,1,13115,20315,12,79,0.1600,0.0000,0.0000,61.0000,4.2500
1,5,0,7,3,35,76,14,13115,62105,5,79,0.1600,0.0000,0.0000,61.0000,4.2500
1,5,0,9,2,34,50,14,13115,62105,17,79,0.1600,0.0000,0.0000,61.0000,4.2500
1,5,1,8,2,24,76,14,13115,62105,5,79,0.1600,0.0000,0.0000,61.0000,4.2500
1,5,1,10,3,24,50,14,13115,62105,17,79,0.1600,0.0000,0.0000,61.0000,4.2500
1,5,0,9,2,34,50,14,13115,62105,17,79,0.1600,0.0000,0.0000,61.0000,4.2500
1,5,1,14,7,16,76,14,13115,62105,3,79,0.1600,0.0000,0.0000,61.0000,4.2500
1,5,0,6,2,35,50,14,13115,62105,16,79,0.1600,0.0000,0.0000,61.0000,4.2500
1,5,1,9,2,34,50,14,13115,62105,16,79,0.1600,0.0000,0.0000,61.0000,4.2500
1,5,0,7,2,35,50,14,13115,62105,15,79,0.1600,0.0000,0.0000,61.0000,4.2500
1,5,1,8,3,24,50,14,13115,62105,19,79,0.1600,0.0000,0.0000,61.0000,4.2500
1,5,1,12,2,29,76,14,13115,62105,3,79,0.1600,0.0000,0.0000,61.0000,4.2500
1,5,1,13,4,20,66,14,13115,62105,10,79,0.1600,0.0000,0.0000,61.0000,4.2500
1,5,0,6,4,35,76,14,13115,62105,5,79,0.1600,0.0000,0.0000,61.0000,4.2500
1,5,0,10,1,24,76,14,13115,62105,2,79,0.1600,0.0000,0.0000,61.0000,4.2500
1,5,1,9,3,34,76,14,13115,62105,4,79,0.1600,0.0000,0.0000,61.0000,4.2500
1,5,0,8,2,24,50,14,13115,62105,16,79,0.1600,0.0000,0.0000,61.0000,4.2500
1,5,0,16,11,18,129,11,13115,23463,11,79,0.1600,0.0000,0.0000,61.0000,4.2500
1,5,0,16,11,18,129,11,13115,23463,11,79,0.1600,0.0000,0.0000,61.0000,4.2500
1,5,0,19,11,10,129,11,13115,23463,11,79,0.1600,0.0000,0.0000,61.0000,4.2500
1,5,1,12,11,29,129,11,13115,23463,11,79,0.1600,0.0000,0.0000,61.0000,4.2500
1,5,0,11,2,20,143,15,13115,107363,11,79,0.1600,0.0000,0.0000,61.0000,4.2500
1,5,1,8,2,24,175,15,13115,107363,1,79,0.1600,0.0000,0.0000,61.0000,4.2500
1,5,0,8,6,24,175,15,13115,107363,6,79,0.1600,0.0000,0.0000,61.0000,4.2500
1,5,0,7,4,35,143,15,13115,107363,18,79,0.1600,0.0000,0.0000,61.0000,4.2500
1,5,0,5,2,31,143,15,13115,107363,13,79,0.1600,0.0000,0.0000,61.0000,4.2500
1,5,0,6,2,35,143,15,13115,107363,10,79,0.1600,0.0000,0.0000,61.0000,4.2500
1,5,0,8,2,24,143,15,13115,107363,14,79,0.1600,0.0000,0.0000,61.0000,4.2500
1,5,0,6,3,35,143,15,13115,107363,15,79,0.1600,0.0000,0.0000,61.0000,4.2500
1,5,0,10,3,24,143,15,13115,107363,21,79,0.1600,0.0000,0.0000,61.0000,4.2500
1,5,1,7,2,35,143,15,13115,107363,15,79,0.1600,0.0000,0.0000,61.0000,4.2500
1,5,0,10,6,24,181,3,13115,75506,4,79,0.1600,0.0000,0.0000,61.0000,4.2500
1,5,0,11,6,20,181,3,13115,75506,4,79,0.1600,0.0000,0.0000,61.0000,4.2500
1,5,0,6,6,35,181,3,13115,75506,2,79,0.1600,0.0000,0.0000,61.0000,4.2500
1,5,0,11,3,20,187,3,13115,75506,4,79,0.1600,0.0000,0.0000,61.0000,4.2500
1,5,0,10,8,24,181,3,13115,75506,2,79,0.1600,0.0000,0.0000,61.0000,4.2500
1,5,0,8,2,24,110,7,13115,73508,19,79,0.1600,0.0000,0.0000,61.0000,4.2500
1,5,0,7,2,35,110,7,13115,73508,14,79,0.1600,0.0000,0.0000,61.0000,4.2500
1,5,0,15,2,22,160,7,13115,73508,18,79,0.1600,0.0000,0.0000,61.0000,4.2500
1,5,0,9,4,34,186,9,13115,9496,1,79,0.1600,0.0000,0.0000,61.0000,4.2500
1,5,0,6,9,35,180,9,13115,9496,11,79,0.1600,0.0000,0.0000,61.0000,4.2500
1,5,0,17,3,9,149,1,13115,20315,3,79,0.1600,0.0000,0.0000,61.0000,4.2500
1,5,0,16,2,18,129,1,13115,20315,11,79,0.1600,0.0000,0.0000,61.0000,4.2500
1,5,0,10,3,24,119,1,13115,20315,13,79,0.1600,0.0000,0.0000,61.0000,4.2500
1,5,0,18,2,23,149,1,13115,20315,12,79,0.1600,0.0000,0.0000,61.0000,4.2500
1,5,0,19,11,10,149,1,13115,20315,11,79,0.1600,0.0000,0.0000,61.0000,4.2500
1,5,1,10,2,24,172,1,13115,20315,18,79,0.1600,0.0000,0.0000,61.0000,4.2500
1,5,0,11,11,20,185,1,13115,20315,1,79,0.1600,0.0000,0.0000,61.0000,4.2500
1,5,0,9,11,34,146,1,13115,20315,7,79,0.1600,0.0000,0.0000,61.0000,4.2500
1,5,0,7,10,35,187,3,13115,75506,10,79,0.1600,0.0000,0.0000,61.0000,4.2500
1,5,0,10,3,24,181,1,13115,20315,4,79,0.1600,0.0000,0.0000,61.0000,4.2500
1,5,0,13,3,20,172,1,13115,20315,16,79,0.1600,0.0000,0.0000,61.0000,4.2500
1,5,0,18,11,23,181,1,13115,20315,2,79,0.1600,0.0000,0.0000,61.0000,4.2500
1,5,0,7,6,35,172,3,13115,75506,9,79,0.1600,0.0000,0.0000,61.0000,4.2500
1,5,0,8,3,24,187,3,13115,75506,4,79,0.1600,0.0000,0.0000,61.0000,4.2500
1,5,0,10,6,24,187,3,13115,75506,18,79,0.1600,0.0000,0.0000,61.0000,4.2500
1,5,0,16,2,18,120,17,13115,46218,19,79,0.1600,0.0000,0.0000,61.0000,4.2500
1,5,0,19,7,10,173,17,13115,46218,11,79,0.1600,0.0000,0.0000,61.0000,4.2500
1,5,1,10,2,24,173,17,13115,46218,7,79,0.1600,0.0000,0.0000,61.0000,4.2500
1,5,0,12,8,29,142,17,13115,46218,19,79,0.1600,0.0000,0.0000,61.0000,4.2500
1,5,0,11,2,20,154,17,13115,46218,14,79,0.1600,0.0000,0.0000,61.0000,4.2500
1,5,0,12,10,29,173,17,13115,46218,5,79,0.1600,0.0000,0.0000,61.0000,4.2500
1,5,1,12,10,29,154,17,13115,46218,11,79,0.1600,0.0000,0.0000,61.0000,4.2500
1,5,0,13,3,20,142,17,13115,46218,21,79,0.1600,0.0000,0.0000,61.0000,4.2500
1,5,0,14,3,16,154,17,13115,46218,17,79,0.1600,0.0000,0.0000,61.0000,4.2500
1,5,0,18,9,23,142,17,13115,46218,25,79,0.1600,0.0000,0.0000,61.0000,4.2500
1,5,1,15,1,22,154,17,13115,46218,8,79,0.1600,0.0000,0.0000,61.0000,4.2500
1,5,0,12,7,29,173,17,13115,46218,4,79,0.1600,0.0000,0.0000,61.0000,4.2500
1,5,1,18,3,23,173,17,13115,46218,10,79,0.1600,0.0000,0.0000,61.0000,4.2500
1,5,0,18,2,23,142,17,13115,46218,19,79,0.1600,0.0000,0.0000,61.0000,4.2500
1,5,0,17,10,9,154,17,13115,46218,19,79,0.1600,0.0000,0.0000,61.0000,4.2500
1,5,0,15,2,22,142,17,13115,46218,18,79,0.1600,0.0000,0.0000,61.0000,4.2500
1,5,0,13,7,20,154,17,13115,46218,8,79,0.1600,0.0000,0.0000,61.0000,4.2500
1,5,1,9,8,34,173,17,13115,46218,11,79,0.1600,0.0000,0.0000,61.0000,4.2500
1,5,1,16,2,18,154,17,13115,46218,9,79,0.1600,0.0000,0.0000,61.0000,4.2500
1,5,0,12,3,29,142,17,13115,46218,18,79,0.1600,0.0000,0.0000,61.0000,4.2500
1,5,0,18,9,23,180,7,13115,73508,1,79,0.1600,0.0000,0.0000,61.0000,4.2500
1,5,0,18,9,23,180,7,13115,73508,4,79,0.1600,0.0000,0.0000,61.0000,4.2500
1,5,0,15,2,22,154,17,13115,46218,9,79,0.1600,0.0000,0.0000,61.0000,4.2500
1,5,0,12,8,29,173,17,13115,46218,6,79,0.1600,0.0000,0.0000,61.0000,4.2500
1,5,1,16,2,18,173,17,13115,46218,7,79,0.1600,0.0000,0.0000,61.0000,4.2500
1,5,0,13,2,20,154,17,13115,46218,19,79,0.1600,0.0000,0.0000,61.0000,4.2500
1,5,0,19,10,10,173,17,13115,46218,7,79,0.1600,0.0000,0.0000,61.0000,4.2500
1,5,0,11,7,20,154,17,13115,46218,20,79,0.1600,0.0000,0.0000,61.0000,4.2500
1,5,1,16,2,18,186,9,13115,9496,3,79,0.1600,0.0000,0.0000,61.0000,4.2500
1,5,0,8,2,24,143,15,13115,107363,10,79,0.1600,0.0000,0.0000,61.0000,4.2500
1,5,1,10,8,24,143,15,13115,107363,12,79,0.1600,0.0000,0.0000,61.0000,4.2500
1,5,1,9,2,34,143,15,13115,107363,17,79,0.1600,0.0000,0.0000,61.0000,4.2500
1,5,0,12,2,29,146,1,13115,20315,8,79,0.1600,0.0000,0.0000,61.0000,4.2500
1,5,0,12,2,29,76,14,13115,62105,4,79,0.1600,0.0000,0.0000,61.0000,4.2500
1,5,1,8,2,24,50,14,13115,62105,16,79,0.1600,0.0000,0.0000,61.0000,4.2500
1,5,0,13,3,20,76,14,13115,62105,2,79,0.1600,0.0000,0.0000,61.0000,4.2500
1,5,1,7,3,35,50,14,13115,62105,18,79,0.1600,0.0000,0.0000,61.0000,4.2500
1,5,0,13,2,20,50,14,13115,62105,17,79,0.1600,0.0000,0.0000,61.0000,4.2500
1,5,0,10,1,24,50,14,13115,62105,17,79,0.1600,0.0000,0.0000,61.0000,4.2500
1,5,0,12,3,29,76,14,13115,62105,4,79,0.1600,0.0000,0.0000,61.0000,4.2500
1,5,1,9,1,34,50,14,13115,62105,16,79,0.1600,0.0000,0.0000,61.0000,4.2500
1,5,1,6,3,35,76,14,13115,62105,4,79,0.1600,0.0000,0.0000,61.0000,4.2500
1,5,1,12,2,29,50,14,13115,62105,15,79,0.1600,0.0000,0.0000,61.0000,4.2500
1,5,0,15,1,22,50,14,13115,62105,17,79,0.1600,0.0000,0.0000,61.0000,4.2500
1,5,0,16,3,18,76,14,13115,62105,4,79,0.1600,0.0000,0.0000,61.0000,4.2500
1,5,1,9,1,34,76,14,13115,62105,3,79,0.1600,0.0000,0.0000,61.0000,4.2500
1,5,0,12,2,29,66,14,13115,62105,10,79,0.1600,0.0000,0.0000,61.0000,4.2500
1,5,1,18,1,23,129,14,13115,62105,11,79,0.1600,0.0000,0.0000,61.0000,4.2500
1,5,0,13,3,20,76,14,13115,62105,4,79,0.1600,0.0000,0.0000,61.0000,4.2500
1,5,0,9,3,34,76,14,13115,62105,3,79,0.1600,0.0000,0.0000,61.0000,4.2500
1,5,0,12,2,29,162,11,13115,23463,13,79,0.1600,0.0000,0.0000,61.0000,4.2500
1,5,0,14,3,16,76,14,13115,62105,4,79,0.1600,0.0000,0.0000,61.0000,4.2500
1,5,0,12,6,29,76,14,13115,62105,1,79,0.1600,0.0000,0.0000,61.0000,4.2500
1,5,0,17,2,9,76,14,13115,62105,1,79,0.1600,0.0000,0.0000,61.0000,4.2500
1,5,0,14,2,16,181,1,13115,20315,3,79,0.1600,0.0000,0.0000,61.0000,4.2500
1,5,0,14,3,16,149,1,13115,20315,13,79,0.1600,0.0000,0.0000,61.0000,4.2500
1,5,0,13,7,20,146,1,13115,20315,8,79,0.1600,0.0000,0.0000,61.0000,4.2500
1,5,0,18,10,23,187,3,13115,75506,7,79,0.1600,0.0000,0.0000,61.0000,4.2500
1,5,0,12,7,29,180,7,13115,73508,6,79,0.1600,0.0000,0.0000,61.0000,4.2500
1,5,0,15,3,22,149,1,13115,20315,4,79,0.1600,0.0000,0.0000,61.0000,4.2500
1,5,0,17,3,9,149,1,13115,20315,4,79,0.1600,0.0000,0.0000,61.0000,4.2500
1,5,0,15,2,22,142,17,13115,46218,25,79,0.1600,0.0000,0.0000,61.0000,4.2500
1,5,0,15,3,22,173,17,13115,46218,7,79,0.1600,0.0000,0.0000,61.0000,4.2500
1,5,0,17,2,9,173,17,13115,46218,7,79,0.1600,0.0000,0.0000,61.0000,4.2500
1,5,0,18,2,23,154,17,13115,46218,11,79,0.1600,0.0000,0.0000,61.0000,4.2500
1,5,1,16,2,18,173,17,13115,46218,5,79,0.1600,0.0000,0.0000,61.0000,4.2500
1,5,0,14,4,16,173,17,13115,46218,5,79,0.1600,0.0000,0.0000,61.0000,4.2500
1,5,0,14,2,16,120,17,13115,46218,13,79,0.1600,0.0000,0.0000,61.0000,4.2500
1,5,0,15,3,22,132,7,13115,73508,16,79,0.1600,0.0000,0.0000,61.0000,4.2500
1,5,0,18,9,23,180,7,13115,73508,2,79,0.1600,0.0000,0.0000,61.0000,4.2500
1,5,0,16,2,18,120,17,13115,46218,13,79,0.1600,0.0000,0.0000,61.0000,4.2500
1,5,0,11,9,20,180,7,13115,73508,2,79,0.1600,0.0000,0.0000,61.0000,4.2500
1,5,1,12,2,29,50,14,13115,62105,16,79,0.1600,0.0000,0.0000,61.0000,4.2500
1,5,1,13,7,20,76,14,13115,62105,5,79,0.1600,0.0000,0.0000,61.0000,4.2500
1,5,0,12,2,29,50,14,13115,62105,15,79,0.1600,0.0000,0.0000,61.0000,4.2500
1,5,0,15,2,22,185,1,13115,20315,1,79,0.1600,0.0000,0.0000,61.0000,4.2500
1,5,0,13,2,20,185,1,13115,20315,2,79,0.1600,0.0000,0.0000,61.0000,4.2500
1,5,0,15,2,22,149,1,13115,20315,12,79,0.1600,0.0000,0.0000,61.0000,4.2500
1,5,0,11,2,20,76,14,13115,62105,4,79,0.1600,0.0000,0.0000,61.0000,4.2500
1,5,1,11,1,20,50,14,13115,62105,16,79,0.1600,0.0000,0.0000,61.0000,4.2500
1,5,0,14,2,16,50,14,13115,62105,19,79,0.1600,0.0000,0.0000,61.0000,4.2500
1,5,0,15,4,22,76,14,13115,62105,4,79,0.1600,0.0000,0.0000,61.0000,4.2500
1,5,0,14,4,16,76,14,13115,62105,5,79,0.1600,0.0000,0.0000,61.0000,4.2500
1,5,0,16,1,18,50,14,13115,62105,17,79,0.1600,0.0000,0.0000,61.0000,4.2500
1,5,1,15,1,22,50,14,13115,62105,17,79,0.1600,0.0000,0.0000,61.0000,4.2500
1,5,1,15,2,22,143,15,13115,107363,11,79,0.1600,0.0000,0.0000,61.0000,4.2500
1,5,0,15,4,22,175,15,13115,107363,7,79,0.1600,0.0000,0.0000,61.0000,4.2500
1,5,0,10,2,24,143,15,13115,107363,20,79,0.1600,0.0000,0.0000,61.0000,4.2500
1,5,0,10,2,24,143,15,13115,107363,13,79,0.1600,0.0000,0.0000,61.0000,4.2500
1,5,0,11,2,20,143,15,13115,107363,10,79,0.1600,0.0000,0.0000,61.0000,4.2500
1,5,0,13,2,20,143,15,13115,107363,14,79,0.1600,0.0000,0.0000,61.0000,4.2500
1,5,0,15,3,22,143,15,13115,107363,20,79,0.1600,0.0000,0.0000,61.0000,4.2500
1,5,1,11,2,20,143,15,13115,107363,15,79,0.1600,0.0000,0.0000,61.0000,4.2500
1,5,0,11,2,20,110,7,13115,73508,17,79,0.1600,0.0000,0.0000,61.0000,4.2500
1,5,0,13,2,20,110,7,13115,73508,14,79,0.1600,0.0000,0.0000,61.0000,4.2500
1,5,0,15,2,22,128,3,13115,75506,6,79,0.1600,0.0000,0.0000,61.0000,4.2500
1,5,0,18,11,23,187,3,13115,75506,8,79,0.1600,0.0000,0.0000,61.0000,4.2500
1,5,0,13,3,20,187,3,13115,75506,8,79,0.1600,0.0000,0.0000,61.0000,4.2500
1,5,1,15,3,22,172,1,13115,20315,18,79,0.1600,0.0000,0.0000,61.0000,4.2500
1,5,1,19,11,10,181,1,13115,20315,1,79,0.1600,0.0000,0.0000,61.0000,4.2500
1,5,0,18,11,23,181,3,13115,75506,2,79,0.1600,0.0000,0.0000,61.0000,4.2500
1,5,0,16,2,18,146,1,13115,20315,8,79,0.1600,0.0000,0.0000,61.0000,4.2500
1,5,0,12,2,29,50,14,13115,62105,16,79,0.1600,0.0000,0.0000,61.0000,4.2500
1,5,0,18,2,23,50,14,13115,62105,17,79,0.1600,0.0000,0.0000,61.0000,4.2500
1,5,0,12,1,29,50,14,13115,62105,16,79,0.1600,0.0000,0.0000,61.0000,4.2500
1,5,0,18,2,23,154,17,13115,46218,20,79,0.1600,0.0000,0.0000,61.0000,4.2500
1,5,0,13,6,20,76,14,13115,62105,3,79,0.1600,0.0000,0.0000,61.0000,4.2500
1,5,0,18,1,23,142,17,13115,46218,18,79,0.1600,0.0000,0.0000,61.0000,4.2500
1,5,0,18,2,23,50,14,13115,62105,15,79,0.1600,0.0000,0.0000,61.0000,4.2500
1,5,0,15,3,22,76,14,13115,62105,4,79,0.1600,0.0000,0.0000,61.0000,4.2500
1,5,0,16,2,18,66,14,13115,62105,10,79,0.1600,0.0000,0.0000,61.0000,4.2500
1,5,0,14,2,16,50,14,13115,62105,17,79,0.1600,0.0000,0.0000,61.0000,4.2500
1,5,0,16,1,18,50,14,13115,62105,17,79,0.1600,0.0000,0.0000,61.0000,4.2500
1,5,0,13,2,20,50,14,13115,62105,19,79,0.1600,0.0000,0.0000,61.0000,4.2500
1,5,0,13,2,20,143,15,13115,107363,15,79,0.1600,0.0000,0.0000,61.0000,4.2500
1,5,1,13,2,20,143,15,13115,107363,17,79,0.1600,0.0000,0.0000,61.0000,4.2500
1,5,0,14,2,16,50,14,13115,62105,16,79,0.1600,0.0000,0.0000,61.0000,4.2500
1,5,1,16,3,18,50,14,13115,62105,15,79,0.1600,0.0000,0.0000,61.0000,4.2500
1,5,1,17,1,9,50,14,13115,62105,16,79,0.1600,0.0000,0.0000,61.0000,4.2500
1,5,1,16,2,18,143,15,13115,107363,15,79,0.1600,0.0000,0.0000,61.0000,4.2500
1,5,1,16,2,18,143,15,13115,107363,20,79,0.1600,0.0000,0.0000,61.0000,4.2500
1,5,0,15,2,22,143,15,13115,107363,10,79,0.1600,0.0000,0.0000,61.0000,4.2500
1,5,0,18,1,23,50,14,13115,62105,17,79,0.1600,0.0000,0.0000,61.0000,4.2500
1,5,0,2,3,20,180,7,3932,73508,5,75,0.0000,0.0000,0.0000,56.0000,5.8200
1,5,0,2,9,20,180,7,3932,73508,3,75,0.0000,0.0000,0.0000,56.0000,5.8200
1,5,0,2,7,20,157,7,3932,73508,20,75,0.0000,0.0000,0.0000,56.0000,5.8200
1,5,0,2,2,20,143,15,3932,107363,13,75,0.0000,0.0000,0.0000,56.0000,5.8200
1,5,0,4,2,8,143,15,3932,107363,16,75,0.0000,0.0000,0.0000,56.0000,5.8200
1,5,0,2,3,20,175,15,3932,107363,6,75,0.0000,0.0000,0.0000,56.0000,5.8200
1,5,0,2,2,20,143,15,3932,107363,21,75,0.0000,0.0000,0.0000,56.0000,5.8200
1,5,0,4,2,8,175,15,3932,107363,3,75,0.0000,0.0000,0.0000,56.0000,5.8200
1,5,0,1,2,4,175,15,3932,107363,1,75,0.0000,0.0000,0.0000,56.0000,5.8200
1,5,0,3,3,7,143,15,3932,107363,17,75,0.0000,0.0000,0.0000,56.0000,5.8200
1,5,0,2,2,20,143,15,3932,107363,15,75,0.0000,0.0000,0.0000,56.0000,5.8200
1,5,0,3,2,7,143,15,3932,107363,14,75,0.0000,0.0000,0.0000,56.0000,5.8200
1,5,0,2,2,20,143,15,3932,107363,10,75,0.0000,0.0000,0.0000,56.0000,5.8200
1,5,0,4,2,8,143,15,3932,107363,19,75,0.0000,0.0000,0.0000,56.0000,5.8200
1,5,0,1,2,4,175,15,3932,107363,5,75,0.0000,0.0000,0.0000,56.0000,5.8200
1,5,0,3,2,7,143,15,3932,107363,9,75,0.0000,0.0000,0.0000,56.0000,5.8200
1,5,0,2,4,20,143,15,3932,107363,17,75,0.0000,0.0000,0.0000,56.0000,5.8200
1,5,0,2,6,20,143,15,3932,107363,14,75,0.0000,0.0000,0.0000,56.0000,5.8200
1,5,0,3,2,7,143,15,3932,107363,13,75,0.0000,0.0000,0.0000,56.0000,5.8200
1,5,1,2,2,20,143,15,3932,107363,15,75,0.0000,0.0000,0.0000,56.0000,5.8200
1,5,0,2,6,20,143,15,3932,107363,13,75,0.0000,0.0000,0.0000,56.0000,5.8200
1,5,0,2,2,20,129,14,3932,62105,11,75,0.0000,0.0000,0.0000,56.0000,5.8200
1,5,0,2,2,20,76,14,3932,62105,3,75,0.0000,0.0000,0.0000,56.0000,5.8200
1,5,0,3,10,7,294,10,3932,6791,5,75,0.0000,0.0000,0.0000,56.0000,5.8200
1,5,0,2,2,20,128,3,3932,75506,20,75,0.0000,0.0000,0.0000,56.0000,5.8200
1,5,0,2,6,20,172,3,3932,75506,10,75,0.0000,0.0000,0.0000,56.0000,5.8200
1,5,0,4,6,8,160,3,3932,75506,3,75,0.0000,0.0000,0.0000,56.0000,5.8200
1,5,0,2,3,20,157,1,3932,20315,11,75,0.0000,0.0000,0.0000,56.0000,5.8200
1,5,0,6,2,12,173,17,3932,46218,7,75,0.0000,0.0000,0.0000,56.0000,5.8200
1,5,0,2,1,20,142,17,3932,46218,25,75,0.0000,0.0000,0.0000,56.0000,5.8200
1,5,0,2,8,20,124,17,3932,46218,21,75,0.0000,0.0000,0.0000,56.0000,5.8200
1,5,0,1,4,4,173,17,3932,46218,3,75,0.0000,0.0000,0.0000,56.0000,5.8200
1,5,0,4,4,8,120,17,3932,46218,18,75,0.0000,0.0000,0.0000,56.0000,5.8200
1,5,0,1,7,4,142,17,3932,46218,25,75,0.0000,0.0000,0.0000,56.0000,5.8200
1,5,0,4,10,8,142,17,3932,46218,21,75,0.0000,0.0000,0.0000,56.0000,5.8200
1,5,0,2,3,20,187,3,3932,75506,5,75,0.0000,0.0000,0.0000,56.0000,5.8200
1,5,0,5,2,8,150,11,3932,23463,16,75,0.0000,0.0000,0.0000,56.0000,5.8200
1,5,0,15,3,10,150,3,3932,75506,19,75,0.0000,0.0000,0.0000,56.0000,5.8200
1,5,0,5,3,8,143,15,3932,107363,12,75,0.0000,0.0000,0.0000,56.0000,5.8200
1,5,0,5,7,8,175,15,3932,107363,2,75,0.0000,0.0000,0.0000,56.0000,5.8200
1,5,0,3,3,7,175,15,3932,107363,3,75,0.0000,0.0000,0.0000,56.0000,5.8200
1,5,0,5,2,8,175,15,3932,107363,2,75,0.0000,0.0000,0.0000,56.0000,5.8200
1,5,0,6,2,12,143,15,3932,107363,20,75,0.0000,0.0000,0.0000,56.0000,5.8200
1,5,0,5,4,8,143,15,3932,107363,19,75,0.0000,0.0000,0.0000,56.0000,5.8200
1,5,0,5,2,8,143,15,3932,107363,11,75,0.0000,0.0000,0.0000,56.0000,5.8200
1,5,0,5,2,8,143,15,3932,107363,18,75,0.0000,0.0000,0.0000,56.0000,5.8200
1,5,1,3,2,7,143,15,3932,107363,11,75,0.0000,0.0000,0.0000,56.0000,5.8200
1,5,0,4,2,8,143,15,3932,107363,15,75,0.0000,0.0000,0.0000,56.0000,5.8200
1,5,0,5,10,8,157,1,3932,20315,12,75,0.0000,0.0000,0.0000,56.0000,5.8200
1,5,0,4,2,8,76,14,3932,62105,2,75,0.0000,0.0000,0.0000,56.0000,5.8200
1,5,0,11,2,8,50,14,3932,62105,16,75,0.0000,0.0000,0.0000,56.0000,5.8200
1,5,0,6,3,12,128,3,3932,75506,20,75,0.0000,0.0000,0.0000,56.0000,5.8200
1,5,1,15,4,10,186,9,3932,9496,2,75,0.0000,0.0000,0.0000,56.0000,5.8200
1,5,0,9,7,6,120,17,3932,46218,17,75,0.0000,0.0000,0.0000,56.0000,5.8200
1,5,0,9,4,6,142,17,3932,46218,17,75,0.0000,0.0000,0.0000,56.0000,5.8200
1,5,0,10,8,7,120,17,3932,46218,22,75,0.0000,0.0000,0.0000,56.0000,5.8200
1,5,1,8,3,9,128,3,3932,75506,19,75,0.0000,0.0000,0.0000,56.0000,5.8200
1,5,0,9,3,6,160,7,3932,73508,20,75,0.0000,0.0000,0.0000,56.0000,5.8200
1,5,0,6,3,12,76,14,3932,62105,3,75,0.0000,0.0000,0.0000,56.0000,5.8200
1,5,0,6,4,12,76,14,3932,62105,4,75,0.0000,0.0000,0.0000,56.0000,5.8200
1,5,0,6,1,12,76,14,3932,62105,4,75,0.0000,0.0000,0.0000,56.0000,5.8200
1,5,0,6,2,12,50,14,3932,62105,15,75,0.0000,0.0000,0.0000,56.0000,5.8200
1,5,0,7,2,6,143,15,3932,107363,19,75,0.0000,0.0000,0.0000,56.0000,5.8200
1,5,0,6,2,12,143,15,3932,107363,14,75,0.0000,0.0000,0.0000,56.0000,5.8200
1,5,0,8,4,9,175,15,3932,107363,6,75,0.0000,0.0000,0.0000,56.0000,5.8200
1,5,0,6,2,12,143,15,3932,107363,16,75,0.0000,0.0000,0.0000,56.0000,5.8200
1,5,0,8,2,9,143,15,3932,107363,20,75,0.0000,0.0000,0.0000,56.0000,5.8200
1,5,0,7,2,6,175,15,3932,107363,5,75,0.0000,0.0000,0.0000,56.0000,5.8200
1,5,0,8,2,9,143,15,3932,107363,17,75,0.0000,0.0000,0.0000,56.0000,5.8200
1,5,0,8,10,9,175,15,3932,107363,4,75,0.0000,0.0000,0.0000,56.0000,5.8200
1,5,0,6,2,12,143,15,3932,107363,11,75,0.0000,0.0000,0.0000,56.0000,5.8200
1,5,0,6,2,12,143,15,3932,107363,19,75,0.0000,0.0000,0.0000,56.0000,5.8200
1,5,0,6,3,12,143,15,3932,107363,13,75,0.0000,0.0000,0.0000,56.0000,5.8200
1,5,0,7,2,6,143,15,3932,107363,9,75,0.0000,0.0000,0.0000,56.0000,5.8200
1,5,0,9,2,6,175,15,3932,107363,3,75,0.0000,0.0000,0.0000,56.0000,5.8200
1,5,0,8,2,9,143,15,3932,107363,19,75,0.0000,0.0000,0.0000,56.0000,5.8200
1,5,0,7,3,6,175,15,3932,107363,3,75,0.0000,0.0000,0.0000,56.0000,5.8200
1,5,0,18,9,2,180,7,3932,73508,6,75,0.0000,0.0000,0.0000,56.0000,5.8200
1,5,1,10,6,7,181,3,3932,75506,2,75,0.0000,0.0000,0.0000,56.0000,5.8200
1,5,0,7,6,6,172,3,3932,75506,10,75,0.0000,0.0000,0.0000,56.0000,5.8200
1,5,0,7,9,6,180,7,3932,73508,6,75,0.0000,0.0000,0.0000,56.0000,5.8200
1,5,0,16,3,9,157,1,3932,20315,11,75,0.0000,0.0000,0.0000,56.0000,5.8200
1,5,0,8,2,9,143,15,3932,107363,20,75,0.0000,0.0000,0.0000,56.0000,5.8200
1,5,0,11,4,8,175,15,3932,107363,5,75,0.0000,0.0000,0.0000,56.0000,5.8200
1,5,0,8,2,9,143,15,3932,107363,9,75,0.0000,0.0000,0.0000,56.0000,5.8200
1,5,0,11,2,8,143,15,3932,107363,15,75,0.0000,0.0000,0.0000,56.0000,5.8200
1,5,0,10,2,7,143,15,3932,107363,20,75,0.0000,0.0000,0.0000,56.0000,5.8200
1,5,0,8,2,9,143,15,3932,107363,8,75,0.0000,0.0000,0.0000,56.0000,5.8200
1,5,0,10,2,7,143,15,3932,107363,15,75,0.0000,0.0000,0.0000,56.0000,5.8200
1,5,0,11,2,8,143,15,3932,107363,15,75,0.0000,0.0000,0.0000,56.0000,5.8200
1,5,0,15,2,10,175,15,3932,107363,5,75,0.0000,0.0000,0.0000,56.0000,5.8200
1,5,0,9,8,6,143,15,3932,107363,12,75,0.0000,0.0000,0.0000,56.0000,5.8200
1,5,1,9,2,6,143,15,3932,107363,13,75,0.0000,0.0000,0.0000,56.0000,5.8200
1,5,1,14,3,6,76,14,3932,62105,3,75,0.0000,0.0000,0.0000,56.0000,5.8200
1,5,0,10,2,7,150,11,3932,23463,7,75,0.0000,0.0000,0.0000,56.0000,5.8200
1,5,0,19,11,1,200,11,3932,23463,4,75,0.0000,0.0000,0.0000,56.0000,5.8200
1,5,0,11,2,8,76,14,3932,62105,2,75,0.0000,0.0000,0.0000,56.0000,5.8200
1,5,0,12,3,8,76,14,3932,62105,3,75,0.0000,0.0000,0.0000,56.0000,5.8200
1,5,0,16,1,9,50,14,3932,62105,17,75,0.0000,0.0000,0.0000,56.0000,5.8200
1,5,0,16,2,9,50,14,3932,62105,15,75,0.0000,0.0000,0.0000,56.0000,5.8200
1,5,0,10,2,7,143,15,3932,107363,21,75,0.0000,0.0000,0.0000,56.0000,5.8200
1,5,0,12,2,8,143,15,3932,107363,14,75,0.0000,0.0000,0.0000,56.0000,5.8200
1,5,0,10,3,7,143,15,3932,107363,17,75,0.0000,0.0000,0.0000,56.0000,5.8200
1,5,0,13,2,4,143,15,3932,107363,18,75,0.0000,0.0000,0.0000,56.0000,5.8200
1,5,0,11,3,8,143,15,3932,107363,12,75,0.0000,0.0000,0.0000,56.0000,5.8200
1,5,0,12,2,8,143,15,3932,107363,12,75,0.0000,0.0000,0.0000,56.0000,5.8200
1,5,0,11,2,8,143,15,3932,107363,12,75,0.0000,0.0000,0.0000,56.0000,5.8200
1,5,0,13,2,4,143,15,3932,107363,12,75,0.0000,0.0000,0.0000,56.0000,5.8200
1,5,0,13,2,4,175,15,3932,107363,2,75,0.0000,0.0000,0.0000,56.0000,5.8200
1,5,0,12,2,8,143,15,3932,107363,14,75,0.0000,0.0000,0.0000,56.0000,5.8200
1,5,0,11,2,8,143,15,3932,107363,21,75,0.0000,0.0000,0.0000,56.0000,5.8200
1,5,0,14,2,6,143,15,3932,107363,15,75,0.0000,0.0000,0.0000,56.0000,5.8200
1,5,0,12,3,8,143,15,3932,107363,22,75,0.0000,0.0000,0.0000,56.0000,5.8200
1,5,0,12,3,8,150,3,3932,75506,14,75,0.0000,0.0000,0.0000,56.0000,5.8200
1,5,1,18,9,2,187,3,3932,75506,6,75,0.0000,0.0000,0.0000,56.0000,5.8200
1,5,1,12,1,8,50,14,3932,62105,16,75,0.0000,0.0000,0.0000,56.0000,5.8200
1,5,0,13,3,4,143,15,3932,107363,21,75,0.0000,0.0000,0.0000,56.0000,5.8200
1,5,0,14,2,6,143,15,3932,107363,17,75,0.0000,0.0000,0.0000,56.0000,5.8200
1,5,0,15,3,10,175,15,3932,107363,2,75,0.0000,0.0000,0.0000,56.0000,5.8200
1,5,0,16,2,9,143,15,3932,107363,20,75,0.0000,0.0000,0.0000,56.0000,5.8200
1,5,0,16,2,9,143,15,3932,107363,21,75,0.0000,0.0000,0.0000,56.0000,5.8200
1,5,0,14,2,6,143,15,3932,107363,13,75,0.0000,0.0000,0.0000,56.0000,5.8200
1,5,0,16,2,9,143,15,3932,107363,12,75,0.0000,0.0000,0.0000,56.0000,5.8200
1,5,0,16,2,9,143,15,3932,107363,15,75,0.0000,0.0000,0.0000,56.0000,5.8200
1,5,0,12,2,8,143,15,3932,107363,21,75,0.0000,0.0000,0.0000,56.0000,5.8200
1,5,0,15,2,10,76,14,3932,62105,2,75,0.0000,0.0000,0.0000,56.0000,5.8200
1,5,0,14,2,6,143,15,3932,107363,21,75,0.0000,0.0000,0.0000,56.0000,5.8200
1,5,0,16,2,9,143,15,3932,107363,12,75,0.0000,0.0000,0.0000,56.0000,5.8200
1,5,0,15,3,10,143,15,3932,107363,9,75,0.0000,0.0000,0.0000,56.0000,5.8200
1,5,0,15,2,10,143,15,3932,107363,21,75,0.0000,0.0000,0.0000,56.0000,5.8200
1,5,0,16,2,9,143,15,3932,107363,16,75,0.0000,0.0000,0.0000,56.0000,5.8200
1,5,0,17,2,2,175,15,3932,107363,2,75,0.0000,0.0000,0.0000,56.0000,5.8200
1,5,0,15,2,10,143,15,3932,107363,12,75,0.0000,0.0000,0.0000,56.0000,5.8200
1,5,0,15,2,10,143,15,3932,107363,9,75,0.0000,0.0000,0.0000,56.0000,5.8200
1,5,0,15,2,10,143,15,3932,107363,13,75,0.0000,0.0000,0.0000,56.0000,5.8200
1,5,0,14,2,6,143,15,3932,107363,13,75,0.0000,0.0000,0.0000,56.0000,5.8200
1,5,0,17,2,2,143,15,3932,107363,14,75,0.0000,0.0000,0.0000,56.0000,5.8200
1,5,0,1,1,20,110,7,10728,73508,19,41,0.0000,0.0000,0.0000,30.0000,18.1200
1,5,0,2,3,41,132,7,10728,73508,19,41,0.0000,0.0000,0.0000,30.0000,18.1200
1,5,0,1,3,20,132,7,10728,73508,16,41,0.0000,0.0000,0.0000,30.0000,18.1200
1,5,0,5,3,28,191,7,10728,73508,3,41,0.0000,0.0000,0.0000,30.0000,18.1200
1,5,1,5,5,28,160,7,10728,73508,19,41,0.0000,0.0000,0.0000,30.0000,18.1200
1,5,0,1,5,20,157,7,10728,73508,21,41,0.0000,0.0000,0.0000,30.0000,18.1200
1,5,0,4,5,24,180,7,10728,73508,3,41,0.0000,0.0000,0.0000,30.0000,18.1200
1,5,0,2,1,41,157,7,10728,73508,18,41,0.0000,0.0000,0.0000,30.0000,18.1200
1,5,0,3,11,32,160,7,10728,73508,19,41,0.0000,0.0000,0.0000,30.0000,18.1200
1,5,1,2,1,41,110,7,10728,73508,15,41,0.0000,0.0000,0.0000,30.0000,18.1200
1,5,0,1,4,20,199,7,10728,73508,21,41,0.0000,0.0000,0.0000,30.0000,18.1200
1,5,0,5,4,28,191,7,10728,73508,2,41,0.0000,0.0000,0.0000,30.0000,18.1200
1,5,0,2,3,41,110,7,10728,73508,20,41,0.0000,0.0000,0.0000,30.0000,18.1200
1,5,0,4,4,24,191,7,10728,73508,1,41,0.0000,0.0000,0.0000,30.0000,18.1200
1,5,0,3,5,32,132,7,10728,73508,16,41,0.0000,0.0000,0.0000,30.0000,18.1200
1,5,0,3,4,32,191,7,10728,73508,2,41,0.0000,0.0000,0.0000,30.0000,18.1200
1,5,0,4,1,24,76,13,10728,24623,11,41,0.0000,0.0000,0.0000,30.0000,18.1200
1,5,0,2,1,41,76,13,10728,24623,11,41,0.0000,0.0000,0.0000,30.0000,18.1200
1,5,0,3,4,32,70,14,10728,62105,1,41,0.0000,0.0000,0.0000,30.0000,18.1200
1,5,0,4,5,24,70,14,10728,62105,1,41,0.0000,0.0000,0.0000,30.0000,18.1200
1,5,0,1,4,20,160,3,10728,75506,5,41,0.0000,0.0000,0.0000,30.0000,18.1200
1,5,1,1,6,20,172,3,10728,75506,1,41,0.0000,0.0000,0.0000,30.0000,18.1200
1,5,0,3,7,32,160,3,10728,75506,2,41,0.0000,0.0000,0.0000,30.0000,18.1200
1,5,0,2,7,41,181,3,10728,75506,4,41,0.0000,0.0000,0.0000,30.0000,18.1200
1,5,0,5,3,28,150,3,10728,75506,18,41,0.0000,0.0000,0.0000,30.0000,18.1200
1,5,0,3,2,32,187,3,10728,75506,6,41,0.0000,0.0000,0.0000,30.0000,18.1200
1,5,0,2,2,41,100,11,10728,23463,6,41,0.0000,0.0000,0.0000,30.0000,18.1200
1,5,0,1,1,20,100,11,10728,23463,14,41,0.0000,0.0000,0.0000,30.0000,18.1200
1,5,0,2,5,41,150,11,10728,23463,15,41,0.0000,0.0000,0.0000,30.0000,18.1200
1,5,1,4,7,24,150,11,10728,23463,17,41,0.0000,0.0000,0.0000,30.0000,18.1200
1,5,0,1,10,20,159,11,10728,23463,4,41,0.0000,0.0000,0.0000,30.0000,18.1200
1,5,1,3,7,32,150,11,10728,23463,20,41,0.0000,0.0000,0.0000,30.0000,18.1200
1,5,0,3,7,32,150,11,10728,23463,11,41,0.0000,0.0000,0.0000,30.0000,18.1200
1,5,0,15,5,18,150,11,10728,23463,18,41,0.0000,0.0000,0.0000,30.0000,18.1200
1,5,1,2,5,41,100,11,10728,23463,14,41,0.0000,0.0000,0.0000,30.0000,18.1200
1,5,0,2,3,41,100,11,10728,23463,8,41,0.0000,0.0000,0.0000,30.0000,18.1200
1,5,0,5,5,28,162,11,10728,23463,15,41,0.0000,0.0000,0.0000,30.0000,18.1200
1,5,0,2,4,41,150,11,10728,23463,15,41,0.0000,0.0000,0.0000,30.0000,18.1200
1,5,0,8,4,17,100,11,10728,23463,13,41,0.0000,0.0000,0.0000,30.0000,18.1200
1,5,0,1,2,20,150,11,10728,23463,7,41,0.0000,0.0000,0.0000,30.0000,18.1200
1,5,0,2,2,41,100,11,10728,23463,12,41,0.0000,0.0000,0.0000,30.0000,18.1200
1,5,0,6,11,19,129,11,10728,23463,11,41,0.0000,0.0000,0.0000,30.0000,18.1200
1,5,0,2,11,41,159,11,10728,23463,2,41,0.0000,0.0000,0.0000,30.0000,18.1200
1,5,0,5,5,28,150,11,10728,23463,19,41,0.0000,0.0000,0.0000,30.0000,18.1200
1,5,0,4,5,24,129,11,10728,23463,11,41,0.0000,0.0000,0.0000,30.0000,18.1200
1,5,0,2,4,41,162,11,10728,23463,16,41,0.0000,0.0000,0.0000,30.0000,18.1200
1,5,0,2,4,41,100,11,10728,23463,13,41,0.0000,0.0000,0.0000,30.0000,18.1200
1,5,0,2,7,41,162,11,10728,23463,11,41,0.0000,0.0000,0.0000,30.0000,18.1200
1,5,0,2,2,41,100,11,10728,23463,14,41,0.0000,0.0000,0.0000,30.0000,18.1200
1,5,0,2,11,41,129,11,10728,23463,11,41,0.0000,0.0000,0.0000,30.0000,18.1200
1,5,0,3,2,32,100,11,10728,23463,13,41,0.0000,0.0000,0.0000,30.0000,18.1200
1,5,0,3,5,32,162,11,10728,23463,14,41,0.0000,0.0000,0.0000,30.0000,18.1200
1,5,0,14,11,26,129,11,10728,23463,11,41,0.0000,0.0000,0.0000,30.0000,18.1200
1,5,0,5,5,28,150,11,10728,23463,13,41,0.0000,0.0000,0.0000,30.0000,18.1200
1,5,0,2,5,41,150,11,10728,23463,14,41,0.0000,0.0000,0.0000,30.0000,18.1200
1,5,0,2,1,41,100,11,10728,23463,10,41,0.0000,0.0000,0.0000,30.0000,18.1200
1,5,0,2,8,41,150,11,10728,23463,7,41,0.0000,0.0000,0.0000,30.0000,18.1200
1,5,0,6,11,19,129,11,10728,23463,11,41,0.0000,0.0000,0.0000,30.0000,18.1200
1,5,0,1,5,20,129,11,10728,23463,11,41,0.0000,0.0000,0.0000,30.0000,18.1200
1,5,0,5,11,28,129,11,10728,23463,11,41,0.0000,0.0000,0.0000,30.0000,18.1200
1,5,0,3,10,32,129,11,10728,23463,11,41,0.0000,0.0000,0.0000,30.0000,18.1200
1,5,0,2,5,41,162,11,10728,23463,18,41,0.0000,0.0000,0.0000,30.0000,18.1200
1,5,0,1,5,20,162,11,10728,23463,15,41,0.0000,0.0000,0.0000,30.0000,18.1200
1,5,0,3,2,32,100,11,10728,23463,13,41,0.0000,0.0000,0.0000,30.0000,18.1200
1,5,1,1,5,20,200,11,10728,23463,4,41,0.0000,0.0000,0.0000,30.0000,18.1200
1,5,0,2,5,41,178,16,10728,15023,6,41,0.0000,0.0000,0.0000,30.0000,18.1200
1,5,0,3,2,32,145,16,10728,15023,13,41,0.0000,0.0000,0.0000,30.0000,18.1200
1,5,0,1,3,20,178,16,10728,15023,8,41,0.0000,0.0000,0.0000,30.0000,18.1200
1,5,1,3,6,32,172,3,10728,75506,1,41,0.0000,0.0000,0.0000,30.0000,18.1200
1,5,0,2,6,41,172,3,10728,75506,1,41,0.0000,0.0000,0.0000,30.0000,18.1200
1,5,0,2,2,41,172,3,10728,75506,9,41,0.0000,0.0000,0.0000,30.0000,18.1200
1,5,0,1,3,20,128,3,10728,75506,19,41,0.0000,0.0000,0.0000,30.0000,18.1200
1,5,0,3,3,32,187,3,10728,75506,7,41,0.0000,0.0000,0.0000,30.0000,18.1200
1,5,0,2,11,41,199,7,10728,73508,27,41,0.0000,0.0000,0.0000,30.0000,18.1200
1,5,0,2,10,41,160,7,10728,73508,19,41,0.0000,0.0000,0.0000,30.0000,18.1200
1,5,0,3,5,32,157,7,10728,73508,27,41,0.0000,0.0000,0.0000,30.0000,18.1200
1,5,0,2,9,41,160,7,10728,73508,18,41,0.0000,0.0000,0.0000,30.0000,18.1200
1,5,0,4,11,24,181,1,10728,20315,2,41,0.0000,0.0000,0.0000,30.0000,18.1200
1,5,0,3,10,32,181,1,10728,20315,3,41,0.0000,0.0000,0.0000,30.0000,18.1200
1,5,0,5,11,28,169,17,10728,46218,21,41,0.0000,0.0000,0.0000,30.0000,18.1200
1,5,0,4,1,24,124,17,10728,46218,20,41,0.0000,0.0000,0.0000,30.0000,18.1200
1,5,0,3,1,32,154,17,10728,46218,3,41,0.0000,0.0000,0.0000,30.0000,18.1200
1,5,0,5,2,28,142,17,10728,46218,17,41,0.0000,0.0000,0.0000,30.0000,18.1200
1,5,0,2,11,41,170,17,10728,46218,27,41,0.0000,0.0000,0.0000,30.0000,18.1200
1,5,0,3,4,32,173,17,10728,46218,4,41,0.0000,0.0000,0.0000,30.0000,18.1200
1,5,0,3,8,32,154,17,10728,46218,21,41,0.0000,0.0000,0.0000,30.0000,18.1200
1,5,0,4,11,24,169,17,10728,46218,19,41,0.0000,0.0000,0.0000,30.0000,18.1200
1,5,0,1,2,20,124,17,10728,46218,20,41,0.0000,0.0000,0.0000,30.0000,18.1200
1,5,0,3,4,32,76,8,10728,19857,11,41,0.0000,0.0000,0.0000,30.0000,18.1200
1,5,0,5,4,28,142,17,10728,46218,26,41,0.0000,0.0000,0.0000,30.0000,18.1200
1,5,0,3,7,32,173,17,10728,46218,18,41,0.0000,0.0000,0.0000,30.0000,18.1200
1,5,0,3,11,32,169,17,10728,46218,24,41,0.0000,0.0000,0.0000,30.0000,18.1200
1,5,0,4,4,24,154,17,10728,46218,13,41,0.0000,0.0000,0.0000,30.0000,18.1200
1,5,0,2,1,41,124,17,10728,46218,21,41,0.0000,0.0000,0.0000,30.0000,18.1200
1,5,0,1,10,20,160,3,10728,75506,19,41,0.0000,0.0000,0.0000,30.0000,18.1200
1,5,0,5,7,28,181,3,10728,75506,4,41,0.0000,0.0000,0.0000,30.0000,18.1200
1,5,0,3,1,32,99,3,10728,75506,12,41,0.0000,0.0000,0.0000,30.0000,18.1200
1,5,0,2,1,41,99,3,10728,75506,11,41,0.0000,0.0000,0.0000,30.0000,18.1200
1,5,0,3,2,32,128,3,10728,75506,21,41,0.0000,0.0000,0.0000,30.0000,18.1200
1,5,0,2,2,41,128,3,10728,75506,18,41,0.0000,0.0000,0.0000,30.0000,18.1200
1,5,0,2,1,41,99,3,10728,75506,11,41,0.0000,0.0000,0.0000,30.0000,18.1200
1,5,0,4,1,24,128,3,10728,75506,20,41,0.0000,0.0000,0.0000,30.0000,18.1200
1,5,0,2,3,41,190,3,10728,75506,18,41,0.0000,0.0000,0.0000,30.0000,18.1200
1,5,0,3,4,32,143,15,10728,107363,12,41,0.0000,0.0000,0.0000,30.0000,18.1200
1,5,0,2,6,41,175,15,10728,107363,2,41,0.0000,0.0000,0.0000,30.0000,18.1200
1,5,0,1,4,20,175,15,10728,107363,2,41,0.0000,0.0000,0.0000,30.0000,18.1200
1,5,0,2,5,41,175,15,10728,107363,3,41,0.0000,0.0000,0.0000,30.0000,18.1200
1,5,0,2,2,41,143,15,10728,107363,19,41,0.0000,0.0000,0.0000,30.0000,18.1200
1,5,0,3,2,32,175,15,10728,107363,5,41,0.0000,0.0000,0.0000,30.0000,18.1200
1,5,1,17,2,17,175,15,10728,107363,1,41,0.0000,0.0000,0.0000,30.0000,18.1200
1,5,0,3,7,32,175,15,10728,107363,2,41,0.0000,0.0000,0.0000,30.0000,18.1200
1,5,0,5,2,28,175,15,10728,107363,1,41,0.0000,0.0000,0.0000,30.0000,18.1200
1,5,0,10,11,27,160,3,10728,75506,19,41,0.0000,0.0000,0.0000,30.0000,18.1200
1,5,0,1,7,20,181,3,10728,75506,4,41,0.0000,0.0000,0.0000,30.0000,18.1200
1,5,0,1,4,20,143,15,10728,107363,21,41,0.0000,0.0000,0.0000,30.0000,18.1200
1,5,0,3,4,32,175,15,10728,107363,1,41,0.0000,0.0000,0.0000,30.0000,18.1200
1,5,0,2,2,41,76,8,10728,19857,5,41,0.0000,0.0000,0.0000,30.0000,18.1200
1,5,0,2,1,41,160,3,10728,75506,6,41,0.0000,0.0000,0.0000,30.0000,18.1200
1,5,0,3,11,32,181,3,10728,75506,5,41,0.0000,0.0000,0.0000,30.0000,18.1200
1,5,0,1,2,20,187,3,10728,75506,10,41,0.0000,0.0000,0.0000,30.0000,18.1200
1,5,0,2,2,41,76,8,10728,19857,5,41,0.0000,0.0000,0.0000,30.0000,18.1200
1,5,0,7,5,26,157,7,10728,73508,27,41,0.0000,0.0000,0.0000,30.0000,18.1200
1,5,0,5,3,28,50,5,10728,12231,18,41,0.0000,0.0000,0.0000,30.0000,18.1200
1,5,0,11,11,24,170,17,10728,46218,21,41,0.0000,0.0000,0.0000,30.0000,18.1200
1,5,0,9,7,18,173,17,10728,46218,7,41,0.0000,0.0000,0.0000,30.0000,18.1200
1,5,1,13,11,31,169,17,10728,46218,21,41,0.0000,0.0000,0.0000,30.0000,18.1200
1,5,0,5,1,28,124,17,10728,46218,20,41,0.0000,0.0000,0.0000,30.0000,18.1200
1,5,0,7,8,26,154,17,10728,46218,19,41,0.0000,0.0000,0.0000,30.0000,18.1200
1,5,0,6,1,19,142,17,10728,46218,19,41,0.0000,0.0000,0.0000,30.0000,18.1200
1,5,0,14,8,26,173,17,10728,46218,5,41,0.0000,0.0000,0.0000,30.0000,18.1200
1,5,1,14,11,26,170,17,10728,46218,22,41,0.0000,0.0000,0.0000,30.0000,18.1200
1,5,0,13,5,31,150,11,10728,23463,18,41,0.0000,0.0000,0.0000,30.0000,18.1200
1,5,1,10,5,27,162,11,10728,23463,11,41,0.0000,0.0000,0.0000,30.0000,18.1200
1,5,1,6,5,19,150,11,10728,23463,16,41,0.0000,0.0000,0.0000,30.0000,18.1200
1,5,0,5,4,28,162,11,10728,23463,16,41,0.0000,0.0000,0.0000,30.0000,18.1200
1,5,0,4,2,24,100,11,10728,23463,10,41,0.0000,0.0000,0.0000,30.0000,18.1200
1,5,0,2,1,41,100,11,10728,23463,13,41,0.0000,0.0000,0.0000,30.0000,18.1200
1,5,0,5,11,28,162,11,10728,23463,13,41,0.0000,0.0000,0.0000,30.0000,18.1200
1,5,0,12,11,20,159,11,10728,23463,5,41,0.0000,0.0000,0.0000,30.0000,18.1200
1,5,1,18,7,5,162,11,10728,23463,13,41,0.0000,0.0000,0.0000,30.0000,18.1200
1,5,1,6,5,19,162,11,10728,23463,16,41,0.0000,0.0000,0.0000,30.0000,18.1200
1,5,0,4,1,24,100,11,10728,23463,7,41,0.0000,0.0000,0.0000,30.0000,18.1200
1,5,0,11,11,24,129,11,10728,23463,11,41,0.0000,0.0000,0.0000,30.0000,18.1200
1,5,1,15,9,18,162,11,10728,23463,14,41,0.0000,0.0000,0.0000,30.0000,18.1200
1,5,0,13,11,31,129,11,10728,23463,11,41,0.0000,0.0000,0.0000,30.0000,18.1200
1,5,0,3,3,32,100,11,10728,23463,12,41,0.0000,0.0000,0.0000,30.0000,18.1200
1,5,0,4,3,24,100,11,10728,23463,6,41,0.0000,0.0000,0.0000,30.0000,18.1200
1,5,0,4,5,24,100,11,10728,23463,10,41,0.0000,0.0000,0.0000,30.0000,18.1200
1,5,0,6,2,19,100,11,10728,23463,9,41,0.0000,0.0000,0.0000,30.0000,18.1200
1,5,1,5,4,28,162,11,10728,23463,16,41,0.0000,0.0000,0.0000,30.0000,18.1200
1,5,0,5,2,28,100,11,10728,23463,14,41,0.0000,0.0000,0.0000,30.0000,18.1200
1,5,1,14,5,26,150,11,10728,23463,18,41,0.0000,0.0000,0.0000,30.0000,18.1200
1,5,0,7,6,26,150,11,10728,23463,14,41,0.0000,0.0000,0.0000,30.0000,18.1200
1,5,0,4,2,24,100,11,10728,23463,13,41,0.0000,0.0000,0.0000,30.0000,18.1200
1,5,0,4,4,24,100,11,10728,23463,11,41,0.0000,0.0000,0.0000,30.0000,18.1200
1,5,0,4,2,24,100,11,10728,23463,13,41,0.0000,0.0000,0.0000,30.0000,18.1200
1,5,0,3,3,32,100,11,10728,23463,10,41,0.0000,0.0000,0.0000,30.0000,18.1200
1,5,0,4,2,24,100,11,10728,23463,7,41,0.0000,0.0000,0.0000,30.0000,18.1200
1,5,0,6,2,19,187,3,10728,75506,7,41,0.0000,0.0000,0.0000,30.0000,18.1200
1,5,0,4,6,24,76,13,10728,24623,11,41,0.0000,0.0000,0.0000,30.0000,18.1200
1,5,0,5,2,28,69,13,10728,24623,14,41,0.0000,0.0000,0.0000,30.0000,18.1200
1,5,0,7,1,26,76,13,10728,24623,11,41,0.0000,0.0000,0.0000,30.0000,18.1200
1,5,0,5,3,28,69,13,10728,24623,15,41,0.0000,0.0000,0.0000,30.0000,18.1200
1,5,0,4,4,24,69,13,10728,24623,13,41,0.0000,0.0000,0.0000,30.0000,18.1200
1,5,0,5,2,28,76,8,10728,19857,11,41,0.0000,0.0000,0.0000,30.0000,18.1200
1,5,0,5,1,28,76,8,10728,19857,12,41,0.0000,0.0000,0.0000,30.0000,18.1200
1,5,0,4,5,24,145,16,10728,15023,14,41,0.0000,0.0000,0.0000,30.0000,18.1200
1,5,1,13,4,31,160,3,10728,75506,20,41,0.0000,0.0000,0.0000,30.0000,18.1200
1,5,0,12,11,20,181,3,10728,75506,5,41,0.0000,0.0000,0.0000,30.0000,18.1200
1,5,0,12,3,20,160,3,10728,75506,7,41,0.0000,0.0000,0.0000,30.0000,18.1200
1,5,0,14,10,26,181,1,10728,20315,6,41,0.0000,0.0000,0.0000,30.0000,18.1200
1,5,0,12,11,20,181,1,10728,20315,3,41,0.0000,0.0000,0.0000,30.0000,18.1200
1,5,0,13,11,31,149,1,10728,20315,3,41,0.0000,0.0000,0.0000,30.0000,18.1200
1,5,0,14,11,26,185,1,10728,20315,2,41,0.0000,0.0000,0.0000,30.0000,18.1200
1,5,0,13,11,31,157,1,10728,20315,13,41,0.0000,0.0000,0.0000,30.0000,18.1200
1,5,0,6,1,19,70,14,10728,62105,1,41,0.0000,0.0000,0.0000,30.0000,18.1200
1,5,0,7,2,26,70,14,10728,62105,1,41,0.0000,0.0000,0.0000,30.0000,18.1200
1,5,0,7,5,26,157,7,10728,73508,16,41,0.0000,0.0000,0.0000,30.0000,18.1200
1,5,0,5,1,28,110,7,10728,73508,18,41,0.0000,0.0000,0.0000,30.0000,18.1200
1,5,0,13,11,31,168,7,10728,73508,22,41,0.0000,0.0000,0.0000,30.0000,18.1200
1,5,0,7,4,26,191,7,10728,73508,1,41,0.0000,0.0000,0.0000,30.0000,18.1200
1,5,0,7,5,26,157,7,10728,73508,27,41,0.0000,0.0000,0.0000,30.0000,18.1200
1,5,0,13,1,31,132,7,10728,73508,16,41,0.0000,0.0000,0.0000,30.0000,18.1200
1,5,0,6,10,19,160,7,10728,73508,19,41,0.0000,0.0000,0.0000,30.0000,18.1200
1,5,0,6,2,19,128,3,10728,75506,19,41,0.0000,0.0000,0.0000,30.0000,18.1200
1,5,0,5,2,28,99,3,10728,75506,12,41,0.0000,0.0000,0.0000,30.0000,18.1200
1,5,0,4,2,24,128,3,10728,75506,20,41,0.0000,0.0000,0.0000,30.0000,18.1200
1,5,0,5,1,28,99,3,10728,75506,13,41,0.0000,0.0000,0.0000,30.0000,18.1200
1,5,0,6,1,19,44,4,10728,23760,17,41,0.0000,0.0000,0.0000,30.0000,18.1200
1,5,0,8,11,17,181,3,10728,75506,4,41,0.0000,0.0000,0.0000,30.0000,18.1200
1,5,0,7,1,26,102,3,10728,75506,6,41,0.0000,0.0000,0.0000,30.0000,18.1200
1,5,0,7,5,26,228,16,10728,15023,2,41,0.0000,0.0000,0.0000,30.0000,18.1200
1,5,0,7,5,26,228,16,10728,15023,3,41,0.0000,0.0000,0.0000,30.0000,18.1200
1,5,0,7,2,26,175,15,10728,107363,5,41,0.0000,0.0000,0.0000,30.0000,18.1200
1,5,0,5,5,28,143,15,10728,107363,13,41,0.0000,0.0000,0.0000,30.0000,18.1200
1,5,1,6,4,19,76,8,10728,19857,11,41,0.0000,0.0000,0.0000,30.0000,18.1200
1,5,0,4,4,24,76,8,10728,19857,4,41,0.0000,0.0000,0.0000,30.0000,18.1200
1,5,1,6,6,19,172,3,10728,75506,1,41,0.0000,0.0000,0.0000,30.0000,18.1200
1,5,0,5,4,28,160,3,10728,75506,7,41,0.0000,0.0000,0.0000,30.0000,18.1200
1,5,0,8,10,17,160,3,10728,75506,5,41,0.0000,0.0000,0.0000,30.0000,18.1200
1,5,0,13,7,31,173,17,10728,46218,10,41,0.0000,0.0000,0.0000,30.0000,18.1200
1,5,1,16,1,14,154,17,10728,46218,18,41,0.0000,0.0000,0.0000,30.0000,18.1200
1,5,0,7,1,26,120,17,10728,46218,17,41,0.0000,0.0000,0.0000,30.0000,18.1200
1,5,0,10,1,27,44,4,10728,23760,16,41,0.0000,0.0000,0.0000,30.0000,18.1200
1,5,0,10,2,27,142,17,10728,46218,21,41,0.0000,0.0000,0.0000,30.0000,18.1200
1,5,0,12,4,20,142,17,10728,46218,13,41,0.0000,0.0000,0.0000,30.0000,18.1200
1,5,0,14,4,26,154,17,10728,46218,20,41,0.0000,0.0000,0.0000,30.0000,18.1200
1,5,0,9,4,18,142,17,10728,46218,17,41,0.0000,0.0000,0.0000,30.0000,18.1200
1,5,1,9,1,18,142,17,10728,46218,20,41,0.0000,0.0000,0.0000,30.0000,18.1200
1,5,0,17,2,17,145,16,10728,15023,13,41,0.0000,0.0000,0.0000,30.0000,18.1200
1,5,0,8,3,17,132,7,10728,73508,17,41,0.0000,0.0000,0.0000,30.0000,18.1200
1,5,0,12,3,20,191,7,10728,73508,1,41,0.0000,0.0000,0.0000,30.0000,18.1200
1,5,0,10,5,27,157,7,10728,73508,18,41,0.0000,0.0000,0.0000,30.0000,18.1200
1,5,0,12,5,20,160,7,10728,73508,19,41,0.0000,0.0000,0.0000,30.0000,18.1200
1,5,0,14,5,26,180,7,10728,73508,4,41,0.0000,0.0000,0.0000,30.0000,18.1200
1,5,0,11,5,24,132,7,10728,73508,16,41,0.0000,0.0000,0.0000,30.0000,18.1200
1,5,0,9,4,18,191,7,10728,73508,2,41,0.0000,0.0000,0.0000,30.0000,18.1200
1,5,0,8,4,17,191,7,10728,73508,1,41,0.0000,0.0000,0.0000,30.0000,18.1200
1,5,0,13,9,31,180,7,10728,73508,3,41,0.0000,0.0000,0.0000,30.0000,18.1200
1,5,0,15,4,18,191,7,10728,73508,3,41,0.0000,0.0000,0.0000,30.0000,18.1200
1,5,0,16,5,14,160,7,10728,73508,18,41,0.0000,0.0000,0.0000,30.0000,18.1200
1,5,1,12,5,20,70,14,10728,62105,1,41,0.0000,0.0000,0.0000,30.0000,18.1200
1,5,0,17,11,17,159,11,10728,23463,2,41,0.0000,0.0000,0.0000,30.0000,18.1200
1,5,0,15,8,18,150,11,10728,23463,7,41,0.0000,0.0000,0.0000,30.0000,18.1200
1,5,1,10,7,27,150,11,10728,23463,14,41,0.0000,0.0000,0.0000,30.0000,18.1200
1,5,0,10,5,27,129,11,10728,23463,11,41,0.0000,0.0000,0.0000,30.0000,18.1200
1,5,0,9,4,18,150,11,10728,23463,15,41,0.0000,0.0000,0.0000,30.0000,18.1200
1,5,0,13,10,31,162,11,10728,23463,15,41,0.0000,0.0000,0.0000,30.0000,18.1200
1,5,0,9,1,18,100,11,10728,23463,13,41,0.0000,0.0000,0.0000,30.0000,18.1200
1,5,0,10,2,27,100,11,10728,23463,14,41,0.0000,0.0000,0.0000,30.0000,18.1200
1,5,0,6,5,19,150,11,10728,23463,13,41,0.0000,0.0000,0.0000,30.0000,18.1200
1,5,0,7,2,26,100,11,10728,23463,12,41,0.0000,0.0000,0.0000,30.0000,18.1200
1,5,0,7,1,26,100,11,10728,23463,10,41,0.0000,0.0000,0.0000,30.0000,18.1200
1,5,0,8,5,17,100,11,10728,23463,13,41,0.0000,0.0000,0.0000,30.0000,18.1200
1,5,0,7,1,26,100,11,10728,23463,14,41,0.0000,0.0000,0.0000,30.0000,18.1200
1,5,0,13,5,31,150,11,10728,23463,13,41,0.0000,0.0000,0.0000,30.0000,18.1200
1,5,0,11,11,24,162,11,10728,23463,18,41,0.0000,0.0000,0.0000,30.0000,18.1200
1,5,0,10,5,27,150,11,10728,23463,15,41,0.0000,0.0000,0.0000,30.0000,18.1200
1,5,1,13,4,31,150,11,10728,23463,7,41,0.0000,0.0000,0.0000,30.0000,18.1200
1,5,1,13,11,31,162,11,10728,23463,11,41,0.0000,0.0000,0.0000,30.0000,18.1200
1,5,0,17,11,17,129,11,10728,23463,11,41,0.0000,0.0000,0.0000,30.0000,18.1200
1,5,1,7,5,26,129,11,10728,23463,11,41,0.0000,0.0000,0.0000,30.0000,18.1200
1,5,0,6,2,19,100,11,10728,23463,13,41,0.0000,0.0000,0.0000,30.0000,18.1200
1,5,0,11,11,24,162,11,10728,23463,14,41,0.0000,0.0000,0.0000,30.0000,18.1200
1,5,0,7,2,26,100,11,10728,23463,8,41,0.0000,0.0000,0.0000,30.0000,18.1200
1,5,0,9,5,18,162,11,10728,23463,16,41,0.0000,0.0000,0.0000,30.0000,18.1200
1,5,0,7,4,26,100,11,10728,23463,6,41,0.0000,0.0000,0.0000,30.0000,18.1200
1,5,1,17,10,17,129,11,10728,23463,11,41,0.0000,0.0000,0.0000,30.0000,18.1200
1,5,0,15,10,18,159,11,10728,23463,4,41,0.0000,0.0000,0.0000,30.0000,18.1200
1,5,0,17,5,17,150,11,10728,23463,19,41,0.0000,0.0000,0.0000,30.0000,18.1200
1,5,1,10,5,27,129,11,10728,23463,11,41,0.0000,0.0000,0.0000,30.0000,18.1200
1,5,0,8,1,17,76,13,10728,24623,11,41,0.0000,0.0000,0.0000,30.0000,18.1200
1,5,0,10,1,27,76,13,10728,24623,11,41,0.0000,0.0000,0.0000,30.0000,18.1200
1,5,0,6,1,19,76,13,10728,24623,11,41,0.0000,0.0000,0.0000,30.0000,18.1200
1,5,1,14,6,26,76,13,10728,24623,11,41,0.0000,0.0000,0.0000,30.0000,18.1200
1,5,0,10,6,27,145,16,10728,15023,14,41,0.0000,0.0000,0.0000,30.0000,18.1200
1,5,0,11,5,24,178,16,10728,15023,6,41,0.0000,0.0000,0.0000,30.0000,18.1200
1,5,0,9,7,18,175,15,10728,107363,6,41,0.0000,0.0000,0.0000,30.0000,18.1200
1,5,0,8,3,17,175,15,10728,107363,5,41,0.0000,0.0000,0.0000,30.0000,18.1200
1,5,0,8,7,17,143,15,10728,107363,21,41,0.0000,0.0000,0.0000,30.0000,18.1200
1,5,0,10,4,27,175,15,10728,107363,1,41,0.0000,0.0000,0.0000,30.0000,18.1200
1,5,0,11,4,24,175,15,10728,107363,3,41,0.0000,0.0000,0.0000,30.0000,18.1200
1,5,0,10,2,27,175,15,10728,107363,7,41,0.0000,0.0000,0.0000,30.0000,18.1200
1,5,0,12,2,20,187,3,10728,75506,10,41,0.0000,0.0000,0.0000,30.0000,18.1200
1,5,0,8,2,17,99,3,10728,75506,12,41,0.0000,0.0000,0.0000,30.0000,18.1200
1,5,0,10,3,27,187,3,10728,75506,5,41,0.0000,0.0000,0.0000,30.0000,18.1200
1,5,0,7,2,26,128,3,10728,75506,18,41,0.0000,0.0000,0.0000,30.0000,18.1200
1,5,1,6,1,19,99,3,10728,75506,11,41,0.0000,0.0000,0.0000,30.0000,18.1200
1,5,0,8,2,17,128,3,10728,75506,21,41,0.0000,0.0000,0.0000,30.0000,18.1200
1,5,1,8,1,17,99,3,10728,75506,11,41,0.0000,0.0000,0.0000,30.0000,18.1200
1,5,0,7,1,26,99,3,10728,75506,12,41,0.0000,0.0000,0.0000,30.0000,18.1200
1,5,0,6,2,19,76,8,10728,19857,5,41,0.0000,0.0000,0.0000,30.0000,18.1200
1,5,0,7,3,26,76,8,10728,19857,5,41,0.0000,0.0000,0.0000,30.0000,18.1200
1,5,0,14,6,26,160,3,10728,75506,2,41,0.0000,0.0000,0.0000,30.0000,18.1200
1,5,0,8,4,17,160,3,10728,75506,8,41,0.0000,0.0000,0.0000,30.0000,18.1200
1,5,0,14,11,26,160,3,10728,75506,6,41,0.0000,0.0000,0.0000,30.0000,18.1200
1,5,0,7,4,26,172,3,10728,75506,9,41,0.0000,0.0000,0.0000,30.0000,18.1200
1,5,0,11,5,24,178,16,10728,15023,5,41,0.0000,0.0000,0.0000,30.0000,18.1200
1,5,0,10,4,27,191,7,10728,73508,2,41,0.0000,0.0000,0.0000,30.0000,18.1200
1,5,1,11,5,24,157,7,10728,73508,27,41,0.0000,0.0000,0.0000,30.0000,18.1200
1,5,0,7,2,26,99,3,10728,75506,12,41,0.0000,0.0000,0.0000,30.0000,18.1200
1,5,0,7,3,26,187,3,10728,75506,11,41,0.0000,0.0000,0.0000,30.0000,18.1200
1,5,0,9,3,18,187,3,10728,75506,18,41,0.0000,0.0000,0.0000,30.0000,18.1200
1,5,0,9,6,18,181,3,10728,75506,3,41,0.0000,0.0000,0.0000,30.0000,18.1200
1,5,0,9,7,18,181,3,10728,75506,2,41,0.0000,0.0000,0.0000,30.0000,18.1200
1,5,0,13,7,31,172,3,10728,75506,9,41,0.0000,0.0000,0.0000,30.0000,18.1200
1,5,0,12,10,20,145,16,10728,15023,14,41,0.0000,0.0000,0.0000,30.0000,18.1200
1,5,1,16,5,14,228,16,10728,15023,3,41,0.0000,0.0000,0.0000,30.0000,18.1200
1,5,0,15,4,18,187,3,10728,75506,10,41,0.0000,0.0000,0.0000,30.0000,18.1200
1,5,0,11,2,24,187,3,10728,75506,18,41,0.0000,0.0000,0.0000,30.0000,18.1200
1,5,0,12,4,20,191,7,10728,73508,3,41,0.0000,0.0000,0.0000,30.0000,18.1200
1,5,0,15,4,18,160,7,10728,73508,19,41,0.0000,0.0000,0.0000,30.0000,18.1200
1,5,1,9,1,18,99,3,10728,75506,13,41,0.0000,0.0000,0.0000,30.0000,18.1200
1,5,0,10,2,27,99,3,10728,75506,12,41,0.0000,0.0000,0.0000,30.0000,18.1200
1,5,0,11,2,24,128,3,10728,75506,19,41,0.0000,0.0000,0.0000,30.0000,18.1200
1,5,0,9,2,18,128,3,10728,75506,20,41,0.0000,0.0000,0.0000,30.0000,18.1200
1,5,0,13,8,31,175,15,10728,107363,2,41,0.0000,0.0000,0.0000,30.0000,18.1200
1,5,0,12,4,20,143,15,10728,107363,15,41,0.0000,0.0000,0.0000,30.0000,18.1200
1,5,0,13,5,31,143,15,10728,107363,18,41,0.0000,0.0000,0.0000,30.0000,18.1200
1,5,0,9,1,18,110,7,10728,73508,18,41,0.0000,0.0000,0.0000,30.0000,18.1200
1,5,0,10,3,27,69,13,10728,24623,14,41,0.0000,0.0000,0.0000,30.0000,18.1200
1,5,1,10,3,27,69,13,10728,24623,13,41,0.0000,0.0000,0.0000,30.0000,18.1200
1,5,1,11,1,24,76,13,10728,24623,11,41,0.0000,0.0000,0.0000,30.0000,18.1200
1,5,0,10,4,27,69,13,10728,24623,13,41,0.0000,0.0000,0.0000,30.0000,18.1200
1,5,0,16,5,14,228,16,10728,15023,2,41,0.0000,0.0000,0.0000,30.0000,18.1200
1,5,0,12,10,20,160,3,10728,75506,7,41,0.0000,0.0000,0.0000,30.0000,18.1200
1,5,0,10,2,27,100,11,10728,23463,9,41,0.0000,0.0000,0.0000,30.0000,18.1200
1,5,0,10,2,27,100,11,10728,23463,13,41,0.0000,0.0000,0.0000,30.0000,18.1200
1,5,0,7,2,26,100,11,10728,23463,11,41,0.0000,0.0000,0.0000,30.0000,18.1200
1,5,0,8,2,17,100,11,10728,23463,7,41,0.0000,0.0000,0.0000,30.0000,18.1200
1,5,0,8,3,17,100,11,10728,23463,10,41,0.0000,0.0000,0.0000,30.0000,18.1200
1,5,0,9,2,18,76,8,10728,19857,11,41,0.0000,0.0000,0.0000,30.0000,18.1200
1,5,0,13,4,31,70,14,10728,62105,1,41,0.0000,0.0000,0.0000,30.0000,18.1200
1,5,0,10,2,27,70,14,10728,62105,1,41,0.0000,0.0000,0.0000,30.0000,18.1200
1,5,0,11,4,24,76,8,10728,19857,4,41,0.0000,0.0000,0.0000,30.0000,18.1200
1,5,0,10,1,27,76,8,10728,19857,11,41,0.0000,0.0000,0.0000,30.0000,18.1200
1,5,0,9,1,18,76,8,10728,19857,5,41,0.0000,0.0000,0.0000,30.0000,18.1200
1,5,0,15,7,18,157,7,10728,73508,16,41,0.0000,0.0000,0.0000,30.0000,18.1200
1,5,0,12,5,20,162,11,10728,23463,16,41,0.0000,0.0000,0.0000,30.0000,18.1200
1,5,0,8,1,17,100,11,10728,23463,7,41,0.0000,0.0000,0.0000,30.0000,18.1200
1,5,0,11,5,24,100,11,10728,23463,10,41,0.0000,0.0000,0.0000,30.0000,18.1200
1,5,0,11,1,24,100,11,10728,23463,11,41,0.0000,0.0000,0.0000,30.0000,18.1200
1,5,0,9,2,18,100,11,10728,23463,10,41,0.0000,0.0000,0.0000,30.0000,18.1200
1,5,0,12,3,20,100,11,10728,23463,8,41,0.0000,0.0000,0.0000,30.0000,18.1200
1,5,0,9,2,18,100,11,10728,23463,12,41,0.0000,0.0000,0.0000,30.0000,18.1200
1,5,0,13,10,31,162,11,10728,23463,6,41,0.0000,0.0000,0.0000,30.0000,18.1200
1,5,0,10,2,27,100,11,10728,23463,9,41,0.0000,0.0000,0.0000,30.0000,18.1200
1,5,0,10,2,27,100,11,10728,23463,6,41,0.0000,0.0000,0.0000,30.0000,18.1200
1,5,0,11,4,24,162,11,10728,23463,16,41,0.0000,0.0000,0.0000,30.0000,18.1200
1,5,1,14,5,26,162,11,10728,23463,16,41,0.0000,0.0000,0.0000,30.0000,18.1200
1,5,0,8,2,17,100,11,10728,23463,13,41,0.0000,0.0000,0.0000,30.0000,18.1200
1,5,0,17,5,17,150,11,10728,23463,14,41,0.0000,0.0000,0.0000,30.0000,18.1200
1,5,0,6,3,19,100,11,10728,23463,13,41,0.0000,0.0000,0.0000,30.0000,18.1200
1,5,0,14,2,26,100,11,10728,23463,13,41,0.0000,0.0000,0.0000,30.0000,18.1200
1,5,0,11,1,24,100,11,10728,23463,14,41,0.0000,0.0000,0.0000,30.0000,18.1200
1,5,0,13,3,31,100,11,10728,23463,6,41,0.0000,0.0000,0.0000,30.0000,18.1200
1,5,0,16,3,14,100,11,10728,23463,13,41,0.0000,0.0000,0.0000,30.0000,18.1200
1,5,0,13,1,31,100,11,10728,23463,10,41,0.0000,0.0000,0.0000,30.0000,18.1200
1,5,1,11,1,24,100,11,10728,23463,14,41,0.0000,0.0000,0.0000,30.0000,18.1200
1,5,0,17,5,17,162,11,10728,23463,16,41,0.0000,0.0000,0.0000,30.0000,18.1200
1,5,1,16,5,14,129,11,10728,23463,11,41,0.0000,0.0000,0.0000,30.0000,18.1200
1,5,0,17,4,17,150,11,10728,23463,15,41,0.0000,0.0000,0.0000,30.0000,18.1200
1,5,0,11,3,24,100,11,10728,23463,12,41,0.0000,0.0000,0.0000,30.0000,18.1200
1,5,0,12,2,20,100,11,10728,23463,10,41,0.0000,0.0000,0.0000,30.0000,18.1200
1,5,1,14,1,26,132,7,10728,73508,16,41,0.0000,0.0000,0.0000,30.0000,18.1200
1,5,0,15,2,18,142,17,10728,46218,21,41,0.0000,0.0000,0.0000,30.0000,18.1200
1,5,1,14,1,26,142,17,10728,46218,20,41,0.0000,0.0000,0.0000,30.0000,18.1200
1,5,0,14,3,26,132,7,10728,73508,17,41,0.0000,0.0000,0.0000,30.0000,18.1200
1,5,0,11,8,24,173,17,10728,46218,10,41,0.0000,0.0000,0.0000,30.0000,18.1200
1,5,0,14,1,26,70,14,10728,62105,1,41,0.0000,0.0000,0.0000,30.0000,18.1200
1,5,0,12,4,20,76,8,10728,19857,12,41,0.0000,0.0000,0.0000,30.0000,18.1200
1,5,0,13,4,31,191,7,10728,73508,1,41,0.0000,0.0000,0.0000,30.0000,18.1200
1,5,0,12,1,20,76,13,10728,24623,11,41,0.0000,0.0000,0.0000,30.0000,18.1200
1,5,1,16,1,14,69,13,10728,24623,13,41,0.0000,0.0000,0.0000,30.0000,18.1200
1,5,0,16,4,14,160,3,10728,75506,20,41,0.0000,0.0000,0.0000,30.0000,18.1200
1,5,0,13,2,31,187,3,10728,75506,5,41,0.0000,0.0000,0.0000,30.0000,18.1200
1,5,0,13,6,31,160,3,10728,75506,4,41,0.0000,0.0000,0.0000,30.0000,18.1200
1,5,0,11,2,24,76,8,10728,19857,5,41,0.0000,0.0000,0.0000,30.0000,18.1200
1,5,1,11,1,24,99,3,10728,75506,12,41,0.0000,0.0000,0.0000,30.0000,18.1200
1,5,0,17,2,17,76,8,10728,19857,6,41,0.0000,0.0000,0.0000,30.0000,18.1200
1,5,0,12,2,20,128,3,10728,75506,18,41,0.0000,0.0000,0.0000,30.0000,18.1200
1,5,0,10,1,27,99,3,10728,75506,11,41,0.0000,0.0000,0.0000,30.0000,18.1200
1,5,0,15,1,18,99,3,10728,75506,12,41,0.0000,0.0000,0.0000,30.0000,18.1200
1,5,0,15,2,18,99,3,10728,75506,12,41,0.0000,0.0000,0.0000,30.0000,18.1200
1,5,0,14,2,26,128,3,10728,75506,19,41,0.0000,0.0000,0.0000,30.0000,18.1200
1,5,0,13,2,31,128,3,10728,75506,21,41,0.0000,0.0000,0.0000,30.0000,18.1200
1,5,1,12,1,20,99,3,10728,75506,11,41,0.0000,0.0000,0.0000,30.0000,18.1200
1,5,0,14,3,26,160,3,10728,75506,6,41,0.0000,0.0000,0.0000,30.0000,18.1200
1,5,0,14,2,26,76,8,10728,19857,11,41,0.0000,0.0000,0.0000,30.0000,18.1200
1,5,0,17,2,17,76,8,10728,19857,10,41,0.0000,0.0000,0.0000,30.0000,18.1200
1,5,0,14,2,26,99,3,10728,75506,12,41,0.0000,0.0000,0.0000,30.0000,18.1200
1,5,0,15,4,18,70,14,10728,62105,1,41,0.0000,0.0000,0.0000,30.0000,18.1200
1,5,0,14,3,26,50,5,10728,12231,18,41,0.0000,0.0000,0.0000,30.0000,18.1200
1,5,1,13,1,31,110,7,10728,73508,18,41,0.0000,0.0000,0.0000,30.0000,18.1200
1,5,0,15,2,18,143,15,10728,107363,18,41,0.0000,0.0000,0.0000,30.0000,18.1200
1,5,0,13,4,31,143,15,10728,107363,15,41,0.0000,0.0000,0.0000,30.0000,18.1200
1,5,1,13,1,31,99,3,10728,75506,13,41,0.0000,0.0000,0.0000,30.0000,18.1200
1,5,0,13,2,31,100,11,10728,23463,13,41,0.0000,0.0000,0.0000,30.0000,18.1200
1,5,1,15,1,18,100,11,10728,23463,6,41,0.0000,0.0000,0.0000,30.0000,18.1200
1,5,0,17,3,17,100,11,10728,23463,8,41,0.0000,0.0000,0.0000,30.0000,18.1200
1,5,0,13,4,31,100,11,10728,23463,7,41,0.0000,0.0000,0.0000,30.0000,18.1200
1,5,0,14,2,26,100,11,10728,23463,13,41,0.0000,0.0000,0.0000,30.0000,18.1200
1,5,0,13,2,31,100,11,10728,23463,10,41,0.0000,0.0000,0.0000,30.0000,18.1200
1,5,1,15,1,18,100,11,10728,23463,11,41,0.0000,0.0000,0.0000,30.0000,18.1200
1,5,0,11,3,24,100,11,10728,23463,13,41,0.0000,0.0000,0.0000,30.0000,18.1200
1,5,0,14,2,26,100,11,10728,23463,12,41,0.0000,0.0000,0.0000,30.0000,18.1200
1,5,1,11,3,24,100,11,10728,23463,11,41,0.0000,0.0000,0.0000,30.0000,18.1200
1,5,0,17,2,17,100,11,10728,23463,8,41,0.0000,0.0000,0.0000,30.0000,18.1200
1,5,0,16,2,14,128,3,10728,75506,19,41,0.0000,0.0000,0.0000,30.0000,18.1200
1,5,0,14,1,26,100,11,10728,23463,10,41,0.0000,0.0000,0.0000,30.0000,18.1200
1,5,0,16,4,14,100,11,10728,23463,9,41,0.0000,0.0000,0.0000,30.0000,18.1200
1,5,0,16,3,14,69,13,10728,24623,15,41,0.0000,0.0000,0.0000,30.0000,18.1200
1,5,1,15,1,18,76,13,10728,24623,11,41,0.0000,0.0000,0.0000,30.0000,18.1200
1,5,0,15,4,18,69,13,10728,24623,14,41,0.0000,0.0000,0.0000,30.0000,18.1200
1,5,0,16,2,14,69,13,10728,24623,13,41,0.0000,0.0000,0.0000,30.0000,18.1200
1,5,0,17,2,17,100,11,10728,23463,12,41,0.0000,0.0000,0.0000,30.0000,18.1200
1,5,0,18,1,5,100,11,10728,23463,10,41,0.0000,0.0000,0.0000,30.0000,18.1200
1,5,0,16,1,14,100,11,10728,23463,13,41,0.0000,0.0000,0.0000,30.0000,18.1200
1,5,1,14,1,26,99,3,10728,75506,11,41,0.0000,0.0000,0.0000,30.0000,18.1200
1,5,1,17,5,17,100,11,10728,23463,14,41,0.0000,0.0000,0.0000,30.0000,18.1200
1,5,0,15,2,18,99,3,10728,75506,12,41,0.0000,0.0000,0.0000,30.0000,18.1200
1,5,0,17,2,17,99,3,10728,75506,13,41,0.0000,0.0000,0.0000,30.0000,18.1200
1,5,0,18,2,5,100,11,10728,23463,13,41,0.0000,0.0000,0.0000,30.0000,18.1200
1,5,1,16,3,14,100,11,10728,23463,7,41,0.0000,0.0000,0.0000,30.0000,18.1200
1,5,0,18,2,5,100,11,10728,23463,10,41,0.0000,0.0000,0.0000,30.0000,18.1200
1,5,1,17,2,17,100,11,10728,23463,11,41,0.0000,0.0000,0.0000,30.0000,18.1200
1,5,0,18,2,5,100,11,10728,23463,13,41,0.0000,0.0000,0.0000,30.0000,18.1200
1,3,0,4,5,22,76,14,6023,62105,2,52,0.0000,0.0000,0.0000,64.0000,8.7200
1,3,1,4,2,22,76,14,6023,62105,5,52,0.0000,0.0000,0.0000,64.0000,8.7200
1,3,0,2,3,17,66,14,6023,62105,10,52,0.0000,0.0000,0.0000,64.0000,8.7200
1,3,0,1,1,9,129,7,6023,73508,11,52,0.0000,0.0000,0.0000,64.0000,8.7200
1,3,1,3,2,7,76,14,6023,62105,3,52,0.0000,0.0000,0.0000,64.0000,8.7200
1,3,0,1,5,9,150,9,6023,9496,15,52,0.0000,0.0000,0.0000,64.0000,8.7200
1,3,0,4,3,22,66,12,6023,17869,16,52,0.0000,0.0000,0.0000,64.0000,8.7200
1,3,0,3,3,7,172,3,6023,75506,9,52,0.0000,0.0000,0.0000,64.0000,8.7200
1,3,0,4,4,22,44,4,6023,23760,16,52,0.0000,0.0000,0.0000,64.0000,8.7200
1,3,0,3,3,7,120,17,6023,46218,20,52,0.0000,0.0000,0.0000,64.0000,8.7200
1,3,1,8,2,9,120,17,6023,46218,18,52,0.0000,0.0000,0.0000,64.0000,8.7200
1,3,0,4,8,22,120,17,6023,46218,13,52,0.0000,0.0000,0.0000,64.0000,8.7200
1,3,0,2,8,17,160,7,6023,73508,17,52,0.0000,0.0000,0.0000,64.0000,8.7200
1,3,0,4,1,22,129,7,6023,73508,11,52,0.0000,0.0000,0.0000,64.0000,8.7200
1,3,0,2,1,17,199,7,6023,73508,29,52,0.0000,0.0000,0.0000,64.0000,8.7200
1,3,0,2,8,17,132,7,6023,73508,18,52,0.0000,0.0000,0.0000,64.0000,8.7200
1,3,0,1,2,9,160,3,6023,75506,18,52,0.0000,0.0000,0.0000,64.0000,8.7200
1,3,0,3,2,7,128,3,6023,75506,20,52,0.0000,0.0000,0.0000,64.0000,8.7200
1,3,0,1,3,9,175,15,6023,107363,6,52,0.0000,0.0000,0.0000,64.0000,8.7200
1,3,0,2,4,17,143,15,6023,107363,17,52,0.0000,0.0000,0.0000,64.0000,8.7200
1,3,0,1,5,9,175,15,6023,107363,2,52,0.0000,0.0000,0.0000,64.0000,8.7200
1,3,0,1,3,9,143,15,6023,107363,8,52,0.0000,0.0000,0.0000,64.0000,8.7200
1,3,0,2,3,17,175,15,6023,107363,1,52,0.0000,0.0000,0.0000,64.0000,8.7200
1,3,0,1,1,9,143,15,6023,107363,9,52,0.0000,0.0000,0.0000,64.0000,8.7200
1,3,0,2,7,17,175,15,6023,107363,6,52,0.0000,0.0000,0.0000,64.0000,8.7200
1,3,0,2,8,17,143,15,6023,107363,18,52,0.0000,0.0000,0.0000,64.0000,8.7200
1,3,0,2,2,17,143,15,6023,107363,14,52,0.0000,0.0000,0.0000,64.0000,8.7200
1,3,0,4,6,22,143,15,6023,107363,15,52,0.0000,0.0000,0.0000,64.0000,8.7200
1,3,0,2,3,17,143,15,6023,107363,15,52,0.0000,0.0000,0.0000,64.0000,8.7200
1,3,0,2,2,17,143,15,6023,107363,12,52,0.0000,0.0000,0.0000,64.0000,8.7200
1,3,0,4,2,22,143,15,6023,107363,8,52,0.0000,0.0000,0.0000,64.0000,8.7200
1,3,0,2,4,17,143,15,6023,107363,14,52,0.0000,0.0000,0.0000,64.0000,8.7200
1,3,0,2,3,17,143,15,6023,107363,15,52,0.0000,0.0000,0.0000,64.0000,8.7200
1,3,0,7,4,11,76,8,6023,19857,11,52,0.0000,0.0000,0.0000,64.0000,8.7200
1,3,0,3,4,7,70,14,6023,62105,1,52,0.0000,0.0000,0.0000,64.0000,8.7200
1,3,0,2,4,17,70,14,6023,62105,1,52,0.0000,0.0000,0.0000,64.0000,8.7200
1,3,0,1,3,9,70,14,6023,62105,1,52,0.0000,0.0000,0.0000,64.0000,8.7200
1,3,0,2,3,17,128,3,6023,75506,20,52,0.0000,0.0000,0.0000,64.0000,8.7200
1,3,0,1,3,9,172,3,6023,75506,9,52,0.0000,0.0000,0.0000,64.0000,8.7200
1,3,0,2,3,17,76,13,6023,24623,12,52,0.0000,0.0000,0.0000,64.0000,8.7200
1,3,0,2,4,17,160,3,6023,75506,20,52,0.0000,0.0000,0.0000,64.0000,8.7200
1,3,0,3,4,7,44,4,6023,23760,17,52,0.0000,0.0000,0.0000,64.0000,8.7200
1,3,0,3,1,7,143,15,6023,107363,16,52,0.0000,0.0000,0.0000,64.0000,8.7200
1,3,0,4,4,22,143,15,6023,107363,8,52,0.0000,0.0000,0.0000,64.0000,8.7200
1,3,0,15,4,13,143,15,6023,107363,18,52,0.0000,0.0000,0.0000,64.0000,8.7200
1,3,0,6,4,19,175,15,6023,107363,7,52,0.0000,0.0000,0.0000,64.0000,8.7200
1,3,0,6,3,19,175,15,6023,107363,1,52,0.0000,0.0000,0.0000,64.0000,8.7200
1,3,0,4,3,22,143,15,6023,107363,13,52,0.0000,0.0000,0.0000,64.0000,8.7200
1,3,0,6,2,19,175,15,6023,107363,7,52,0.0000,0.0000,0.0000,64.0000,8.7200
1,3,0,4,3,22,175,15,6023,107363,5,52,0.0000,0.0000,0.0000,64.0000,8.7200
1,3,0,8,3,9,143,15,6023,107363,11,52,0.0000,0.0000,0.0000,64.0000,8.7200
1,3,0,4,3,22,143,15,6023,107363,20,52,0.0000,0.0000,0.0000,64.0000,8.7200
1,3,0,6,3,19,143,15,6023,107363,14,52,0.0000,0.0000,0.0000,64.0000,8.7200
1,3,0,9,3,10,175,15,6023,107363,2,52,0.0000,0.0000,0.0000,64.0000,8.7200
1,3,0,4,2,22,143,15,6023,107363,15,52,0.0000,0.0000,0.0000,64.0000,8.7200
1,3,0,4,3,22,143,15,6023,107363,12,52,0.0000,0.0000,0.0000,64.0000,8.7200
1,3,0,4,2,22,143,15,6023,107363,11,52,0.0000,0.0000,0.0000,64.0000,8.7200
1,3,0,5,7,8,143,15,6023,107363,17,52,0.0000,0.0000,0.0000,64.0000,8.7200
1,3,0,4,2,22,143,15,6023,107363,13,52,0.0000,0.0000,0.0000,64.0000,8.7200
1,3,0,5,3,8,143,15,6023,107363,20,52,0.0000,0.0000,0.0000,64.0000,8.7200
1,3,0,4,2,22,175,15,6023,107363,2,52,0.0000,0.0000,0.0000,64.0000,8.7200
1,3,0,4,4,22,143,15,6023,107363,14,52,0.0000,0.0000,0.0000,64.0000,8.7200
1,3,0,17,2,10,143,15,6023,107363,11,52,0.0000,0.0000,0.0000,64.0000,8.7200
1,3,1,6,2,19,175,15,6023,107363,1,52,0.0000,0.0000,0.0000,64.0000,8.7200
1,3,1,6,3,19,175,15,6023,107363,1,52,0.0000,0.0000,0.0000,64.0000,8.7200
1,3,1,7,6,11,143,15,6023,107363,19,52,0.0000,0.0000,0.0000,64.0000,8.7200
1,3,0,6,2,19,143,15,6023,107363,11,52,0.0000,0.0000,0.0000,64.0000,8.7200
1,3,1,4,2,22,143,15,6023,107363,21,52,0.0000,0.0000,0.0000,64.0000,8.7200
1,3,0,4,8,22,175,15,6023,107363,2,52,0.0000,0.0000,0.0000,64.0000,8.7200
1,3,0,5,4,8,76,13,6023,24623,4,52,0.0000,0.0000,0.0000,64.0000,8.7200
1,3,1,4,2,22,160,7,6023,73508,18,52,0.0000,0.0000,0.0000,64.0000,8.7200
1,3,1,9,2,10,110,7,6023,73508,18,52,0.0000,0.0000,0.0000,64.0000,8.7200
1,3,0,13,2,12,132,7,6023,73508,16,52,0.0000,0.0000,0.0000,64.0000,8.7200
1,3,0,9,3,10,76,12,6023,17869,4,52,0.0000,0.0000,0.0000,64.0000,8.7200
1,3,1,8,2,9,90,6,6023,22418,3,52,0.0000,0.0000,0.0000,64.0000,8.7200
1,3,0,10,2,13,76,13,6023,24623,12,52,0.0000,0.0000,0.0000,64.0000,8.7200
1,3,1,13,2,12,154,17,6023,46218,19,52,0.0000,0.0000,0.0000,64.0000,8.7200
1,3,0,6,2,19,150,3,6023,75506,10,52,0.0000,0.0000,0.0000,64.0000,8.7200
1,3,0,10,3,13,129,5,6023,12231,11,52,0.0000,0.0000,0.0000,64.0000,8.7200
1,3,1,9,4,10,70,14,6023,62105,1,52,0.0000,0.0000,0.0000,64.0000,8.7200
1,3,0,6,4,19,70,14,6023,62105,1,52,0.0000,0.0000,0.0000,64.0000,8.7200
1,3,1,5,2,8,66,14,6023,62105,14,52,0.0000,0.0000,0.0000,64.0000,8.7200
1,3,0,7,2,11,90,6,6023,22418,4,52,0.0000,0.0000,0.0000,64.0000,8.7200
1,3,1,6,2,19,66,14,6023,62105,10,52,0.0000,0.0000,0.0000,64.0000,8.7200
1,3,0,12,4,7,162,11,6023,23463,13,52,0.0000,0.0000,0.0000,64.0000,8.7200
1,3,0,15,8,13,146,1,6023,20315,8,52,0.0000,0.0000,0.0000,64.0000,8.7200
1,3,0,13,8,12,181,1,6023,20315,2,52,0.0000,0.0000,0.0000,64.0000,8.7200
1,3,1,10,2,13,65,4,6023,23760,8,52,0.0000,0.0000,0.0000,64.0000,8.7200
1,3,0,9,3,10,172,3,6023,75506,10,52,0.0000,0.0000,0.0000,64.0000,8.7200
1,3,1,5,4,8,162,11,6023,23463,12,52,0.0000,0.0000,0.0000,64.0000,8.7200
1,3,0,6,1,19,129,7,6023,73508,11,52,0.0000,0.0000,0.0000,64.0000,8.7200
1,3,0,12,5,7,76,14,6023,62105,3,52,0.0000,0.0000,0.0000,64.0000,8.7200
1,3,1,10,5,13,76,14,6023,62105,3,52,0.0000,0.0000,0.0000,64.0000,8.7200
1,3,1,7,4,11,76,13,6023,24623,5,52,0.0000,0.0000,0.0000,64.0000,8.7200
1,3,0,9,4,10,76,13,6023,24623,6,52,0.0000,0.0000,0.0000,64.0000,8.7200
1,3,0,6,3,19,76,13,6023,24623,12,52,0.0000,0.0000,0.0000,64.0000,8.7200
1,3,0,4,3,22,76,13,6023,24623,12,52,0.0000,0.0000,0.0000,64.0000,8.7200
1,3,1,8,3,9,129,5,6023,12231,11,52,0.0000,0.0000,0.0000,64.0000,8.7200
1,3,1,6,4,19,70,14,6023,62105,1,52,0.0000,0.0000,0.0000,64.0000,8.7200
1,3,0,14,8,20,160,3,6023,75506,4,52,0.0000,0.0000,0.0000,64.0000,8.7200
1,3,1,5,3,8,66,14,6023,62105,14,52,0.0000,0.0000,0.0000,64.0000,8.7200
1,3,0,7,3,11,124,17,6023,46218,21,52,0.0000,0.0000,0.0000,64.0000,8.7200
1,3,0,12,3,7,124,17,6023,46218,20,52,0.0000,0.0000,0.0000,64.0000,8.7200
1,3,0,14,8,20,142,17,6023,46218,25,52,0.0000,0.0000,0.0000,64.0000,8.7200
1,3,1,7,4,11,50,4,6023,23760,15,52,0.0000,0.0000,0.0000,64.0000,8.7200
1,3,1,7,2,11,50,5,6023,12231,17,52,0.0000,0.0000,0.0000,64.0000,8.7200
1,3,1,9,3,10,76,13,6023,24623,3,52,0.0000,0.0000,0.0000,64.0000,8.7200
1,3,0,5,1,8,129,7,6023,73508,11,52,0.0000,0.0000,0.0000,64.0000,8.7200
1,3,0,8,3,9,110,7,6023,73508,18,52,0.0000,0.0000,0.0000,64.0000,8.7200
1,3,1,15,2,13,199,7,6023,73508,27,52,0.0000,0.0000,0.0000,64.0000,8.7200
1,3,0,8,1,9,129,7,6023,73508,11,52,0.0000,0.0000,0.0000,64.0000,8.7200
1,3,0,7,3,11,140,3,6023,75506,22,52,0.0000,0.0000,0.0000,64.0000,8.7200
1,3,0,12,1,7,199,7,6023,73508,23,52,0.0000,0.0000,0.0000,64.0000,8.7200
1,3,0,12,6,7,160,7,6023,73508,17,52,0.0000,0.0000,0.0000,64.0000,8.7200
1,3,1,7,2,11,143,15,6023,107363,13,52,0.0000,0.0000,0.0000,64.0000,8.7200
1,3,0,6,2,19,143,15,6023,107363,14,52,0.0000,0.0000,0.0000,64.0000,8.7200
1,3,0,6,2,19,143,15,6023,107363,14,52,0.0000,0.0000,0.0000,64.0000,8.7200
1,3,0,11,7,11,175,15,6023,107363,3,52,0.0000,0.0000,0.0000,64.0000,8.7200
1,3,0,8,5,9,143,15,6023,107363,11,52,0.0000,0.0000,0.0000,64.0000,8.7200
1,3,0,11,3,11,175,15,6023,107363,2,52,0.0000,0.0000,0.0000,64.0000,8.7200
1,3,0,6,3,19,143,15,6023,107363,12,52,0.0000,0.0000,0.0000,64.0000,8.7200
1,3,0,10,2,13,143,15,6023,107363,10,52,0.0000,0.0000,0.0000,64.0000,8.7200
1,3,0,9,1,10,143,15,6023,107363,17,52,0.0000,0.0000,0.0000,64.0000,8.7200
1,3,0,5,8,8,143,15,6023,107363,16,52,0.0000,0.0000,0.0000,64.0000,8.7200
1,3,0,6,3,19,143,15,6023,107363,13,52,0.0000,0.0000,0.0000,64.0000,8.7200
1,3,0,7,2,11,143,15,6023,107363,12,52,0.0000,0.0000,0.0000,64.0000,8.7200
1,3,0,6,2,19,143,15,6023,107363,14,52,0.0000,0.0000,0.0000,64.0000,8.7200
1,3,0,10,8,13,175,15,6023,107363,5,52,0.0000,0.0000,0.0000,64.0000,8.7200
1,3,0,7,4,11,143,15,6023,107363,12,52,0.0000,0.0000,0.0000,64.0000,8.7200
1,3,1,10,6,13,175,15,6023,107363,3,52,0.0000,0.0000,0.0000,64.0000,8.7200
1,3,1,12,6,7,175,15,6023,107363,1,52,0.0000,0.0000,0.0000,64.0000,8.7200
1,3,1,14,2,20,143,15,6023,107363,13,52,0.0000,0.0000,0.0000,64.0000,8.7200
1,3,0,8,2,9,143,15,6023,107363,13,52,0.0000,0.0000,0.0000,64.0000,8.7200
1,3,0,6,7,19,186,9,6023,9496,1,52,0.0000,0.0000,0.0000,64.0000,8.7200
1,3,1,14,3,20,129,5,6023,12231,11,52,0.0000,0.0000,0.0000,64.0000,8.7200
1,3,1,11,4,11,70,14,6023,62105,1,52,0.0000,0.0000,0.0000,64.0000,8.7200
1,3,0,15,2,13,128,3,6023,75506,20,52,0.0000,0.0000,0.0000,64.0000,8.7200
1,3,1,9,4,10,44,4,6023,23760,16,52,0.0000,0.0000,0.0000,64.0000,8.7200
1,3,0,11,3,11,143,15,6023,107363,8,52,0.0000,0.0000,0.0000,64.0000,8.7200
1,3,1,13,1,12,143,15,6023,107363,19,52,0.0000,0.0000,0.0000,64.0000,8.7200
1,3,1,15,2,13,128,3,6023,75506,6,52,0.0000,0.0000,0.0000,64.0000,8.7200
1,3,1,12,4,7,143,15,6023,107363,14,52,0.0000,0.0000,0.0000,64.0000,8.7200
1,3,0,11,3,11,143,15,6023,107363,9,52,0.0000,0.0000,0.0000,64.0000,8.7200
1,3,1,14,3,20,175,15,6023,107363,7,52,0.0000,0.0000,0.0000,64.0000,8.7200
1,3,1,14,3,20,175,15,6023,107363,5,52,0.0000,0.0000,0.0000,64.0000,8.7200
1,3,1,8,4,9,143,15,6023,107363,18,52,0.0000,0.0000,0.0000,64.0000,8.7200
1,3,1,14,5,20,175,15,6023,107363,2,52,0.0000,0.0000,0.0000,64.0000,8.7200
1,3,0,11,2,11,143,15,6023,107363,15,52,0.0000,0.0000,0.0000,64.0000,8.7200
1,3,0,15,4,13,143,15,6023,107363,12,52,0.0000,0.0000,0.0000,64.0000,8.7200
1,3,0,17,2,10,143,15,6023,107363,15,52,0.0000,0.0000,0.0000,64.0000,8.7200
1,3,1,10,2,13,143,15,6023,107363,14,52,0.0000,0.0000,0.0000,64.0000,8.7200
1,3,0,11,3,11,143,15,6023,107363,20,52,0.0000,0.0000,0.0000,64.0000,8.7200
1,3,1,10,3,13,143,15,6023,107363,17,52,0.0000,0.0000,0.0000,64.0000,8.7200
1,3,1,14,8,20,175,15,6023,107363,3,52,0.0000,0.0000,0.0000,64.0000,8.7200
1,3,0,13,3,12,160,3,6023,75506,4,52,0.0000,0.0000,0.0000,64.0000,8.7200
1,3,0,13,2,12,128,3,6023,75506,21,52,0.0000,0.0000,0.0000,64.0000,8.7200
1,3,1,11,3,11,172,3,6023,75506,10,52,0.0000,0.0000,0.0000,64.0000,8.7200
1,3,0,13,4,12,172,3,6023,75506,10,52,0.0000,0.0000,0.0000,64.0000,8.7200
1,3,1,9,3,10,70,6,6023,22418,17,52,0.0000,0.0000,0.0000,64.0000,8.7200
1,3,1,15,4,13,150,11,6023,23463,13,52,0.0000,0.0000,0.0000,64.0000,8.7200
1,3,1,14,4,20,76,13,6023,24623,5,52,0.0000,0.0000,0.0000,64.0000,8.7200
1,3,0,11,3,11,76,13,6023,24623,12,52,0.0000,0.0000,0.0000,64.0000,8.7200
1,3,1,14,4,20,76,8,6023,19857,11,52,0.0000,0.0000,0.0000,64.0000,8.7200
1,3,0,14,3,20,66,12,6023,17869,16,52,0.0000,0.0000,0.0000,64.0000,8.7200
1,3,0,15,3,13,186,9,6023,9496,1,52,0.0000,0.0000,0.0000,64.0000,8.7200
1,3,1,13,2,12,50,4,6023,23760,14,52,0.0000,0.0000,0.0000,64.0000,8.7200
1,3,1,16,1,6,143,15,6023,107363,14,52,0.0000,0.0000,0.0000,64.0000,8.7200
1,3,0,10,3,13,150,3,6023,75506,19,52,0.0000,0.0000,0.0000,64.0000,8.7200
1,3,0,11,2,11,128,3,6023,75506,19,52,0.0000,0.0000,0.0000,64.0000,8.7200
1,3,0,15,3,13,140,3,6023,75506,20,52,0.0000,0.0000,0.0000,64.0000,8.7200
1,3,1,10,2,13,143,15,6023,107363,13,52,0.0000,0.0000,0.0000,64.0000,8.7200
1,3,0,13,3,12,143,15,6023,107363,13,52,0.0000,0.0000,0.0000,64.0000,8.7200
1,3,0,17,3,10,143,15,6023,107363,18,52,0.0000,0.0000,0.0000,64.0000,8.7200
1,3,0,10,5,13,143,15,6023,107363,12,52,0.0000,0.0000,0.0000,64.0000,8.7200
1,3,1,14,3,20,143,15,6023,107363,17,52,0.0000,0.0000,0.0000,64.0000,8.7200
1,3,0,17,2,10,143,15,6023,107363,20,52,0.0000,0.0000,0.0000,64.0000,8.7200
1,3,0,17,3,10,143,15,6023,107363,15,52,0.0000,0.0000,0.0000,64.0000,8.7200
1,3,1,14,2,20,143,15,6023,107363,11,52,0.0000,0.0000,0.0000,64.0000,8.7200
1,3,0,15,3,13,143,15,6023,107363,20,52,0.0000,0.0000,0.0000,64.0000,8.7200
1,3,0,11,3,11,143,15,6023,107363,20,52,0.0000,0.0000,0.0000,64.0000,8.7200
1,3,0,15,2,13,143,15,6023,107363,10,52,0.0000,0.0000,0.0000,64.0000,8.7200
1,3,1,14,2,20,143,15,6023,107363,13,52,0.0000,0.0000,0.0000,64.0000,8.7200
1,3,1,16,3,6,143,15,6023,107363,19,52,0.0000,0.0000,0.0000,64.0000,8.7200
1,3,0,13,2,12,143,15,6023,107363,15,52,0.0000,0.0000,0.0000,64.0000,8.7200
1,3,1,14,2,20,143,15,6023,107363,17,52,0.0000,0.0000,0.0000,64.0000,8.7200
1,3,0,15,2,13,143,15,6023,107363,18,52,0.0000,0.0000,0.0000,64.0000,8.7200
1,3,1,14,2,20,143,15,6023,107363,13,52,0.0000,0.0000,0.0000,64.0000,8.7200
1,3,0,17,2,10,143,15,6023,107363,12,52,0.0000,0.0000,0.0000,64.0000,8.7200
1,3,1,17,2,10,143,15,6023,107363,10,52,0.0000,0.0000,0.0000,64.0000,8.7200
1,3,0,17,4,10,143,15,6023,107363,12,52,0.0000,0.0000,0.0000,64.0000,8.7200
1,3,0,17,2,10,143,15,6023,107363,14,52,0.0000,0.0000,0.0000,64.0000,8.7200
1,3,1,16,2,6,143,15,6023,107363,18,52,0.0000,0.0000,0.0000,64.0000,8.7200
1,3,1,14,4,20,143,15,6023,107363,19,52,0.0000,0.0000,0.0000,64.0000,8.7200
1,3,0,10,1,13,149,7,6023,73508,29,52,0.0000,0.0000,0.0000,64.0000,8.7200
1,3,1,14,4,20,76,8,6023,19857,13,52,0.0000,0.0000,0.0000,64.0000,8.7200
1,3,1,13,4,12,76,8,6023,19857,10,52,0.0000,0.0000,0.0000,64.0000,8.7200
1,3,1,13,1,12,129,7,6023,73508,11,52,0.0000,0.0000,0.0000,64.0000,8.7200
1,3,0,17,2,10,143,15,6023,107363,21,52,0.0000,0.0000,0.0000,64.0000,8.7200
1,3,0,14,3,20,143,15,6023,107363,13,52,0.0000,0.0000,0.0000,64.0000,8.7200
1,3,1,16,3,6,143,15,6023,107363,15,52,0.0000,0.0000,0.0000,64.0000,8.7200
1,3,1,16,3,6,143,15,6023,107363,15,52,0.0000,0.0000,0.0000,64.0000,8.7200
1,3,0,14,3,20,76,13,6023,24623,5,52,0.0000,0.0000,0.0000,64.0000,8.7200
1,3,1,16,3,6,143,15,6023,107363,16,52,0.0000,0.0000,0.0000,64.0000,8.7200
1,3,0,15,1,13,149,7,6023,73508,27,52,0.0000,0.0000,0.0000,64.0000,8.7200
1,3,0,2,1,9,50,14,1282,62105,16,60,0.0000,0.0000,0.0000,70.0000,3.8000
1,3,0,2,2,9,76,14,1282,62105,4,60,0.0000,0.0000,0.0000,70.0000,3.8000
1,3,0,4,4,2,50,14,1282,62105,16,60,0.0000,0.0000,0.0000,70.0000,3.8000
1,3,0,4,2,2,50,14,1282,62105,16,60,0.0000,0.0000,0.0000,70.0000,3.8000
1,3,0,2,4,9,154,17,1282,46218,9,60,0.0000,0.0000,0.0000,70.0000,3.8000
1,3,0,2,5,9,160,3,1282,75506,19,60,0.0000,0.0000,0.0000,70.0000,3.8000
1,3,0,2,6,9,76,12,1282,17869,4,60,0.0000,0.0000,0.0000,70.0000,3.8000
1,3,0,2,2,9,119,1,1282,20315,11,60,0.0000,0.0000,0.0000,70.0000,3.8000
1,3,0,2,4,9,149,1,1282,20315,4,60,0.0000,0.0000,0.0000,70.0000,3.8000
1,3,0,2,3,9,66,14,1282,62105,8,60,0.0000,0.0000,0.0000,70.0000,3.8000
1,3,0,2,2,9,66,14,1282,62105,14,60,0.0000,0.0000,0.0000,70.0000,3.8000
1,3,0,7,4,5,132,7,1282,73508,20,60,0.0000,0.0000,0.0000,70.0000,3.8000
1,3,1,14,2,2,149,1,1282,20315,3,60,0.0000,0.0000,0.0000,70.0000,3.8000
1,3,0,5,2,2,149,1,1282,20315,11,60,0.0000,0.0000,0.0000,70.0000,3.8000
1,3,0,7,4,5,172,1,1282,20315,18,60,0.0000,0.0000,0.0000,70.0000,3.8000
1,3,0,7,4,5,181,1,1282,20315,2,60,0.0000,0.0000,0.0000,70.0000,3.8000
1,3,0,18,10,1,150,11,1282,23463,14,60,0.0000,0.0000,0.0000,70.0000,3.8000
1,3,1,7,7,5,76,14,1282,62105,4,60,0.0000,0.0000,0.0000,70.0000,3.8000
1,3,0,10,5,3,160,3,1282,75506,20,60,0.0000,0.0000,0.0000,70.0000,3.8000
1,3,0,11,4,4,172,1,1282,20315,18,60,0.0000,0.0000,0.0000,70.0000,3.8000
1,3,1,9,7,4,160,3,1282,75506,3,60,0.0000,0.0000,0.0000,70.0000,3.8000
1,3,0,6,4,4,50,14,1282,62105,18,60,0.0000,0.0000,0.0000,70.0000,3.8000
1,3,0,6,2,4,76,14,1282,62105,5,60,0.0000,0.0000,0.0000,70.0000,3.8000
1,3,0,9,3,4,50,14,1282,62105,16,60,0.0000,0.0000,0.0000,70.0000,3.8000
1,3,0,6,5,4,160,3,1282,75506,18,60,0.0000,0.0000,0.0000,70.0000,3.8000
1,3,1,10,7,3,124,17,1282,46218,20,60,0.0000,0.0000,0.0000,70.0000,3.8000
1,3,0,8,6,1,120,17,1282,46218,21,60,0.0000,0.0000,0.0000,70.0000,3.8000
1,3,0,9,4,4,154,17,1282,46218,15,60,0.0000,0.0000,0.0000,70.0000,3.8000
1,3,0,9,2,4,120,17,1282,46218,21,60,0.0000,0.0000,0.0000,70.0000,3.8000
1,3,0,10,6,3,157,7,1282,73508,28,60,0.0000,0.0000,0.0000,70.0000,3.8000
1,3,1,11,7,4,160,3,1282,75506,19,60,0.0000,0.0000,0.0000,70.0000,3.8000
1,3,0,11,6,4,76,12,1282,17869,5,60,0.0000,0.0000,0.0000,70.0000,3.8000
1,3,1,7,2,5,76,12,1282,17869,4,60,0.0000,0.0000,0.0000,70.0000,3.8000
1,3,0,6,2,4,79,12,1282,17869,16,60,0.0000,0.0000,0.0000,70.0000,3.8000
1,3,1,5,2,2,79,12,1282,17869,15,60,0.0000,0.0000,0.0000,70.0000,3.8000
1,3,0,15,4,2,149,1,1282,20315,4,60,0.0000,0.0000,0.0000,70.0000,3.8000
1,3,0,19,10,1,124,17,1282,46218,21,60,0.0000,0.0000,0.0000,70.0000,3.8000
1,3,0,15,4,2,149,1,1282,20315,13,60,0.0000,0.0000,0.0000,70.0000,3.8000
1,3,0,13,2,1,76,14,1282,62105,5,60,0.0000,0.0000,0.0000,70.0000,3.8000
1,3,0,12,3,1,50,14,1282,62105,15,60,0.0000,0.0000,0.0000,70.0000,3.8000
1,3,0,11,2,4,66,14,1282,62105,14,60,0.0000,0.0000,0.0000,70.0000,3.8000
1,3,0,14,2,2,66,14,1282,62105,14,60,0.0000,0.0000,0.0000,70.0000,3.8000
1,3,0,2,2,19,76,14,14576,62105,5,63,0.0000,0.0000,0.0000,62.0000,2.9100
1,3,0,4,7,28,191,7,14576,73508,1,63,0.0000,0.0000,0.0000,62.0000,2.9100
1,3,0,3,9,20,180,7,14576,73508,5,63,0.0000,0.0000,0.0000,62.0000,2.9100
1,3,0,3,9,20,186,9,14576,9496,1,63,0.0000,0.0000,0.0000,62.0000,2.9100
1,3,0,4,2,28,79,12,14576,17869,15,63,0.0000,0.0000,0.0000,62.0000,2.9100
1,3,0,3,4,20,79,12,14576,17869,14,63,0.0000,0.0000,0.0000,62.0000,2.9100
1,3,0,4,3,28,79,12,14576,17869,15,63,0.0000,0.0000,0.0000,62.0000,2.9100
1,3,0,5,6,40,79,12,14576,17869,14,63,0.0000,0.0000,0.0000,62.0000,2.9100
1,3,0,3,11,20,294,10,14576,6791,4,63,0.0000,0.0000,0.0000,62.0000,2.9100
1,3,0,1,8,8,187,3,14576,75506,8,63,0.0000,0.0000,0.0000,62.0000,2.9100
1,3,0,3,9,20,187,3,14576,75506,18,63,0.0000,0.0000,0.0000,62.0000,2.9100
1,3,0,2,8,19,187,3,14576,75506,18,63,0.0000,0.0000,0.0000,62.0000,2.9100
1,3,0,4,6,28,181,3,14576,75506,3,63,0.0000,0.0000,0.0000,62.0000,2.9100
1,3,0,2,6,19,173,17,14576,46218,5,63,0.0000,0.0000,0.0000,62.0000,2.9100
1,3,1,14,5,29,187,3,14576,75506,18,63,0.0000,0.0000,0.0000,62.0000,2.9100
1,3,1,6,8,33,128,3,14576,75506,19,63,0.0000,0.0000,0.0000,62.0000,2.9100
1,3,0,5,6,40,128,3,14576,75506,19,63,0.0000,0.0000,0.0000,62.0000,2.9100
1,3,0,1,5,8,120,17,14576,46218,21,63,0.0000,0.0000,0.0000,62.0000,2.9100
1,3,0,4,6,28,154,17,14576,46218,20,63,0.0000,0.0000,0.0000,62.0000,2.9100
1,3,0,5,8,40,120,17,14576,46218,13,63,0.0000,0.0000,0.0000,62.0000,2.9100
1,3,0,6,6,33,173,17,14576,46218,5,63,0.0000,0.0000,0.0000,62.0000,2.9100
1,3,0,3,8,20,187,3,14576,75506,5,63,0.0000,0.0000,0.0000,62.0000,2.9100
1,3,0,3,5,20,173,17,14576,46218,18,63,0.0000,0.0000,0.0000,62.0000,2.9100
1,3,0,5,3,40,128,3,14576,75506,18,63,0.0000,0.0000,0.0000,62.0000,2.9100
1,3,0,2,3,19,173,17,14576,46218,4,63,0.0000,0.0000,0.0000,62.0000,2.9100
1,3,0,2,3,19,173,17,14576,46218,11,63,0.0000,0.0000,0.0000,62.0000,2.9100
1,3,0,1,8,8,160,3,14576,75506,4,63,0.0000,0.0000,0.0000,62.0000,2.9100
1,3,0,5,10,40,160,3,14576,75506,19,63,0.0000,0.0000,0.0000,62.0000,2.9100
1,3,1,19,10,6,162,11,14576,23463,16,63,0.0000,0.0000,0.0000,62.0000,2.9100
1,3,0,1,4,8,228,16,14576,15023,1,63,0.0000,0.0000,0.0000,62.0000,2.9100
1,3,0,6,2,33,160,3,14576,75506,8,63,0.0000,0.0000,0.0000,62.0000,2.9100
1,3,0,2,4,19,181,3,14576,75506,2,63,0.0000,0.0000,0.0000,62.0000,2.9100
1,3,0,7,3,36,190,3,14576,75506,18,63,0.0000,0.0000,0.0000,62.0000,2.9100
1,3,0,3,7,20,191,7,14576,73508,2,63,0.0000,0.0000,0.0000,62.0000,2.9100
1,3,0,1,7,8,191,7,14576,73508,2,63,0.0000,0.0000,0.0000,62.0000,2.9100
1,3,0,4,5,28,110,7,14576,73508,19,63,0.0000,0.0000,0.0000,62.0000,2.9100
1,3,0,3,6,20,191,7,14576,73508,1,63,0.0000,0.0000,0.0000,62.0000,2.9100
1,3,0,4,3,28,175,15,14576,107363,2,63,0.0000,0.0000,0.0000,62.0000,2.9100
1,3,0,2,3,19,143,15,14576,107363,12,63,0.0000,0.0000,0.0000,62.0000,2.9100
1,3,0,2,3,19,143,15,14576,107363,11,63,0.0000,0.0000,0.0000,62.0000,2.9100
1,3,0,3,2,20,143,15,14576,107363,13,63,0.0000,0.0000,0.0000,62.0000,2.9100
1,3,0,9,3,38,143,15,14576,107363,11,63,0.0000,0.0000,0.0000,62.0000,2.9100
1,3,0,4,3,28,175,15,14576,107363,2,63,0.0000,0.0000,0.0000,62.0000,2.9100
1,3,1,6,9,33,175,15,14576,107363,4,63,0.0000,0.0000,0.0000,62.0000,2.9100
1,3,0,3,5,20,175,15,14576,107363,3,63,0.0000,0.0000,0.0000,62.0000,2.9100
1,3,0,2,2,19,175,15,14576,107363,7,63,0.0000,0.0000,0.0000,62.0000,2.9100
1,3,0,4,2,28,175,15,14576,107363,2,63,0.0000,0.0000,0.0000,62.0000,2.9100
1,3,0,2,3,19,175,15,14576,107363,2,63,0.0000,0.0000,0.0000,62.0000,2.9100
1,3,0,2,4,19,175,15,14576,107363,1,63,0.0000,0.0000,0.0000,62.0000,2.9100
1,3,0,3,2,20,143,15,14576,107363,16,63,0.0000,0.0000,0.0000,62.0000,2.9100
1,3,1,2,7,19,143,15,14576,107363,22,63,0.0000,0.0000,0.0000,62.0000,2.9100
1,3,0,3,2,20,143,15,14576,107363,15,63,0.0000,0.0000,0.0000,62.0000,2.9100
1,3,0,3,8,20,175,15,14576,107363,4,63,0.0000,0.0000,0.0000,62.0000,2.9100
1,3,0,3,4,20,175,15,14576,107363,5,63,0.0000,0.0000,0.0000,62.0000,2.9100
1,3,0,2,2,19,175,15,14576,107363,6,63,0.0000,0.0000,0.0000,62.0000,2.9100
1,3,0,3,2,20,143,15,14576,107363,11,63,0.0000,0.0000,0.0000,62.0000,2.9100
1,3,0,3,3,20,175,15,14576,107363,3,63,0.0000,0.0000,0.0000,62.0000,2.9100
1,3,0,2,3,19,143,15,14576,107363,13,63,0.0000,0.0000,0.0000,62.0000,2.9100
1,3,0,3,2,20,143,15,14576,107363,14,63,0.0000,0.0000,0.0000,62.0000,2.9100
1,3,0,2,2,19,143,15,14576,107363,11,63,0.0000,0.0000,0.0000,62.0000,2.9100
1,3,0,2,6,19,175,15,14576,107363,1,63,0.0000,0.0000,0.0000,62.0000,2.9100
1,3,0,1,3,8,180,9,14576,9496,9,63,0.0000,0.0000,0.0000,62.0000,2.9100
1,3,0,9,6,38,160,3,14576,75506,20,63,0.0000,0.0000,0.0000,62.0000,2.9100
1,3,0,5,8,40,150,3,14576,75506,19,63,0.0000,0.0000,0.0000,62.0000,2.9100
1,3,1,6,3,33,76,12,14576,17869,10,63,0.0000,0.0000,0.0000,62.0000,2.9100
1,3,1,15,1,33,79,12,14576,17869,15,63,0.0000,0.0000,0.0000,62.0000,2.9100
1,3,0,5,5,40,128,3,14576,75506,18,63,0.0000,0.0000,0.0000,62.0000,2.9100
1,3,0,3,5,20,172,1,14576,20315,16,63,0.0000,0.0000,0.0000,62.0000,2.9100
1,3,0,6,11,33,160,1,14576,20315,14,63,0.0000,0.0000,0.0000,62.0000,2.9100
1,3,0,6,5,33,172,1,14576,20315,18,63,0.0000,0.0000,0.0000,62.0000,2.9100
1,3,1,2,5,19,181,1,14576,20315,1,63,0.0000,0.0000,0.0000,62.0000,2.9100
1,3,0,4,5,28,172,1,14576,20315,16,63,0.0000,0.0000,0.0000,62.0000,2.9100
1,3,1,8,11,24,188,3,14576,75506,24,63,0.0000,0.0000,0.0000,62.0000,2.9100
1,3,0,2,2,19,66,14,14576,62105,14,63,0.0000,0.0000,0.0000,62.0000,2.9100
1,3,0,4,3,28,160,3,14576,75506,7,63,0.0000,0.0000,0.0000,62.0000,2.9100
1,3,1,2,6,19,160,3,14576,75506,7,63,0.0000,0.0000,0.0000,62.0000,2.9100
1,3,0,4,3,28,128,3,14576,75506,19,63,0.0000,0.0000,0.0000,62.0000,2.9100
1,3,0,5,7,40,128,3,14576,75506,18,63,0.0000,0.0000,0.0000,62.0000,2.9100
1,3,0,5,2,40,188,3,14576,75506,24,63,0.0000,0.0000,0.0000,62.0000,2.9100
1,3,0,5,8,40,291,3,14576,75506,18,63,0.0000,0.0000,0.0000,62.0000,2.9100
1,3,1,8,11,24,188,3,14576,75506,24,63,0.0000,0.0000,0.0000,62.0000,2.9100
1,3,0,5,4,40,128,3,14576,75506,19,63,0.0000,0.0000,0.0000,62.0000,2.9100
1,3,0,3,4,20,181,3,14576,75506,4,63,0.0000,0.0000,0.0000,62.0000,2.9100
1,3,0,9,8,38,188,3,14576,75506,18,63,0.0000,0.0000,0.0000,62.0000,2.9100
1,3,0,5,5,40,128,3,14576,75506,19,63,0.0000,0.0000,0.0000,62.0000,2.9100
1,3,0,5,6,40,128,3,14576,75506,19,63,0.0000,0.0000,0.0000,62.0000,2.9100
1,3,0,4,2,28,150,3,14576,75506,19,63,0.0000,0.0000,0.0000,62.0000,2.9100
1,3,1,4,2,28,150,3,14576,75506,19,63,0.0000,0.0000,0.0000,62.0000,2.9100
1,3,0,1,6,8,187,3,14576,75506,18,63,0.0000,0.0000,0.0000,62.0000,2.9100
1,3,0,5,8,40,188,3,14576,75506,24,63,0.0000,0.0000,0.0000,62.0000,2.9100
1,3,1,14,3,29,187,3,14576,75506,11,63,0.0000,0.0000,0.0000,62.0000,2.9100
1,3,0,8,11,24,188,3,14576,75506,19,63,0.0000,0.0000,0.0000,62.0000,2.9100
1,3,0,13,9,26,150,3,14576,75506,14,63,0.0000,0.0000,0.0000,62.0000,2.9100
1,3,1,8,11,24,291,3,14576,75506,19,63,0.0000,0.0000,0.0000,62.0000,2.9100
1,3,0,4,2,28,128,3,14576,75506,14,63,0.0000,0.0000,0.0000,62.0000,2.9100
1,3,0,1,8,8,160,3,14576,75506,7,63,0.0000,0.0000,0.0000,62.0000,2.9100
1,3,0,6,6,33,180,7,14576,73508,3,63,0.0000,0.0000,0.0000,62.0000,2.9100
1,3,0,8,6,24,191,7,14576,73508,1,63,0.0000,0.0000,0.0000,62.0000,2.9100
1,3,0,7,3,36,191,7,14576,73508,3,63,0.0000,0.0000,0.0000,62.0000,2.9100
1,3,0,8,5,24,110,7,14576,73508,18,63,0.0000,0.0000,0.0000,62.0000,2.9100
1,3,1,8,7,24,191,7,14576,73508,3,63,0.0000,0.0000,0.0000,62.0000,2.9100
1,3,0,6,7,33,157,7,14576,73508,28,63,0.0000,0.0000,0.0000,62.0000,2.9100
1,3,0,10,7,24,191,7,14576,73508,1,63,0.0000,0.0000,0.0000,62.0000,2.9100
1,3,0,9,9,38,160,3,14576,75506,6,63,0.0000,0.0000,0.0000,62.0000,2.9100
1,3,1,11,3,29,76,12,14576,17869,13,63,0.0000,0.0000,0.0000,62.0000,2.9100
1,3,0,7,3,36,76,12,14576,17869,13,63,0.0000,0.0000,0.0000,62.0000,2.9100
1,3,0,6,4,33,187,3,14576,75506,10,63,0.0000,0.0000,0.0000,62.0000,2.9100
1,3,0,7,3,36,150,3,14576,75506,22,63,0.0000,0.0000,0.0000,62.0000,2.9100
1,3,0,8,5,24,172,1,14576,20315,18,63,0.0000,0.0000,0.0000,62.0000,2.9100
1,3,0,8,5,24,157,1,14576,20315,13,63,0.0000,0.0000,0.0000,62.0000,2.9100
1,3,0,7,2,36,187,3,14576,75506,18,63,0.0000,0.0000,0.0000,62.0000,2.9100
1,3,0,7,5,36,150,3,14576,75506,21,63,0.0000,0.0000,0.0000,62.0000,2.9100
1,3,0,5,9,40,190,3,14576,75506,6,63,0.0000,0.0000,0.0000,62.0000,2.9100
1,3,0,7,6,36,128,3,14576,75506,19,63,0.0000,0.0000,0.0000,62.0000,2.9100
1,3,1,5,8,40,187,3,14576,75506,6,63,0.0000,0.0000,0.0000,62.0000,2.9100
1,3,0,14,4,29,128,3,14576,75506,19,63,0.0000,0.0000,0.0000,62.0000,2.9100
1,3,0,5,9,40,172,3,14576,75506,9,63,0.0000,0.0000,0.0000,62.0000,2.9100
1,3,0,8,5,24,128,3,14576,75506,20,63,0.0000,0.0000,0.0000,62.0000,2.9100
1,3,0,7,5,36,160,3,14576,75506,5,63,0.0000,0.0000,0.0000,62.0000,2.9100
1,3,0,11,5,29,173,17,14576,46218,18,63,0.0000,0.0000,0.0000,62.0000,2.9100
1,3,0,7,3,36,142,17,14576,46218,20,63,0.0000,0.0000,0.0000,62.0000,2.9100
1,3,1,9,9,38,169,17,14576,46218,19,63,0.0000,0.0000,0.0000,62.0000,2.9100
1,3,1,6,9,33,173,17,14576,46218,6,63,0.0000,0.0000,0.0000,62.0000,2.9100
1,3,0,7,5,36,142,17,14576,46218,22,63,0.0000,0.0000,0.0000,62.0000,2.9100
1,3,1,8,6,24,142,17,14576,46218,18,63,0.0000,0.0000,0.0000,62.0000,2.9100
1,3,0,9,3,38,173,17,14576,46218,11,63,0.0000,0.0000,0.0000,62.0000,2.9100
1,3,0,6,3,33,128,3,14576,75506,19,63,0.0000,0.0000,0.0000,62.0000,2.9100
1,3,0,5,5,40,150,3,14576,75506,21,63,0.0000,0.0000,0.0000,62.0000,2.9100
1,3,0,9,9,38,187,3,14576,75506,4,63,0.0000,0.0000,0.0000,62.0000,2.9100
1,3,0,17,2,32,187,3,14576,75506,11,63,0.0000,0.0000,0.0000,62.0000,2.9100
1,3,0,6,9,33,187,3,14576,75506,5,63,0.0000,0.0000,0.0000,62.0000,2.9100
1,3,1,7,1,36,128,3,14576,75506,19,63,0.0000,0.0000,0.0000,62.0000,2.9100
1,3,0,9,6,38,228,16,14576,15023,3,63,0.0000,0.0000,0.0000,62.0000,2.9100
1,3,0,7,6,36,128,3,14576,75506,18,63,0.0000,0.0000,0.0000,62.0000,2.9100
1,3,0,12,8,27,150,3,14576,75506,20,63,0.0000,0.0000,0.0000,62.0000,2.9100
1,3,0,18,1,12,79,12,14576,17869,15,63,0.0000,0.0000,0.0000,62.0000,2.9100
1,3,0,9,3,38,187,3,14576,75506,6,63,0.0000,0.0000,0.0000,62.0000,2.9100
1,3,0,5,7,40,128,3,14576,75506,18,63,0.0000,0.0000,0.0000,62.0000,2.9100
1,3,0,7,7,36,191,7,14576,73508,3,63,0.0000,0.0000,0.0000,62.0000,2.9100
1,3,0,8,9,24,168,7,14576,73508,22,63,0.0000,0.0000,0.0000,62.0000,2.9100
1,3,0,5,7,40,186,9,14576,9496,2,63,0.0000,0.0000,0.0000,62.0000,2.9100
1,3,0,16,6,14,230,9,14576,9496,3,63,0.0000,0.0000,0.0000,62.0000,2.9100
1,3,0,6,7,33,230,9,14576,9496,3,63,0.0000,0.0000,0.0000,62.0000,2.9100
1,3,0,7,3,36,160,3,14576,75506,18,63,0.0000,0.0000,0.0000,62.0000,2.9100
1,3,0,7,2,36,160,3,14576,75506,6,63,0.0000,0.0000,0.0000,62.0000,2.9100
1,3,1,7,2,36,76,12,14576,17869,4,63,0.0000,0.0000,0.0000,62.0000,2.9100
1,3,0,4,2,28,76,12,14576,17869,4,63,0.0000,0.0000,0.0000,62.0000,2.9100
1,3,1,9,6,38,187,3,14576,75506,6,63,0.0000,0.0000,0.0000,62.0000,2.9100
1,3,0,4,5,28,128,3,14576,75506,17,63,0.0000,0.0000,0.0000,62.0000,2.9100
1,3,1,7,8,36,187,3,14576,75506,8,63,0.0000,0.0000,0.0000,62.0000,2.9100
1,3,0,10,4,24,187,3,14576,75506,5,63,0.0000,0.0000,0.0000,62.0000,2.9100
1,3,0,7,2,36,150,3,14576,75506,21,63,0.0000,0.0000,0.0000,62.0000,2.9100
1,3,0,9,8,38,187,3,14576,75506,6,63,0.0000,0.0000,0.0000,62.0000,2.9100
1,3,0,6,8,33,150,3,14576,75506,20,63,0.0000,0.0000,0.0000,62.0000,2.9100
1,3,0,4,2,28,128,3,14576,75506,19,63,0.0000,0.0000,0.0000,62.0000,2.9100
1,3,0,14,2,29,150,3,14576,75506,15,63,0.0000,0.0000,0.0000,62.0000,2.9100
1,3,0,5,3,40,187,3,14576,75506,7,63,0.0000,0.0000,0.0000,62.0000,2.9100
1,3,0,6,4,33,128,3,14576,75506,19,63,0.0000,0.0000,0.0000,62.0000,2.9100
1,3,0,7,6,36,187,3,14576,75506,18,63,0.0000,0.0000,0.0000,62.0000,2.9100
1,3,0,5,7,40,150,3,14576,75506,18,63,0.0000,0.0000,0.0000,62.0000,2.9100
1,3,0,15,2,33,76,12,14576,17869,4,63,0.0000,0.0000,0.0000,62.0000,2.9100
1,3,1,11,2,29,150,3,14576,75506,20,63,0.0000,0.0000,0.0000,62.0000,2.9100
1,3,0,4,3,28,187,3,14576,75506,4,63,0.0000,0.0000,0.0000,62.0000,2.9100
1,3,0,11,8,29,172,3,14576,75506,10,63,0.0000,0.0000,0.0000,62.0000,2.9100
1,3,0,6,8,33,172,3,14576,75506,9,63,0.0000,0.0000,0.0000,62.0000,2.9100
1,3,0,7,2,36,66,14,14576,62105,14,63,0.0000,0.0000,0.0000,62.0000,2.9100
1,3,0,5,1,40,66,14,14576,62105,14,63,0.0000,0.0000,0.0000,62.0000,2.9100
1,3,0,5,1,40,66,14,14576,62105,14,63,0.0000,0.0000,0.0000,62.0000,2.9100
1,3,0,9,3,38,66,14,14576,62105,14,63,0.0000,0.0000,0.0000,62.0000,2.9100
1,3,1,11,4,29,66,14,14576,62105,14,63,0.0000,0.0000,0.0000,62.0000,2.9100
1,3,0,12,1,27,66,14,14576,62105,14,63,0.0000,0.0000,0.0000,62.0000,2.9100
1,3,0,6,2,33,50,14,14576,62105,17,63,0.0000,0.0000,0.0000,62.0000,2.9100
1,3,0,5,2,40,66,14,14576,62105,14,63,0.0000,0.0000,0.0000,62.0000,2.9100
1,3,0,12,2,27,66,14,14576,62105,14,63,0.0000,0.0000,0.0000,62.0000,2.9100
1,3,0,4,2,28,66,14,14576,62105,15,63,0.0000,0.0000,0.0000,62.0000,2.9100
1,3,0,5,5,40,150,3,14576,75506,20,63,0.0000,0.0000,0.0000,62.0000,2.9100
1,3,0,5,2,40,79,12,14576,17869,16,63,0.0000,0.0000,0.0000,62.0000,2.9100
1,3,1,4,2,28,79,12,14576,17869,15,63,0.0000,0.0000,0.0000,62.0000,2.9100
1,3,1,7,3,36,76,12,14576,17869,4,63,0.0000,0.0000,0.0000,62.0000,2.9100
1,3,0,6,2,33,79,12,14576,17869,16,63,0.0000,0.0000,0.0000,62.0000,2.9100
1,3,0,5,2,40,76,12,14576,17869,13,63,0.0000,0.0000,0.0000,62.0000,2.9100
1,3,0,5,1,40,79,12,14576,17869,15,63,0.0000,0.0000,0.0000,62.0000,2.9100
1,3,0,7,2,36,76,12,14576,17869,13,63,0.0000,0.0000,0.0000,62.0000,2.9100
1,3,0,15,2,33,79,12,14576,17869,14,63,0.0000,0.0000,0.0000,62.0000,2.9100
1,3,0,4,2,28,76,12,14576,17869,12,63,0.0000,0.0000,0.0000,62.0000,2.9100
1,3,0,5,2,40,79,12,14576,17869,14,63,0.0000,0.0000,0.0000,62.0000,2.9100
1,3,0,5,2,40,79,12,14576,17869,15,63,0.0000,0.0000,0.0000,62.0000,2.9100
1,3,0,11,3,29,160,3,14576,75506,3,63,0.0000,0.0000,0.0000,62.0000,2.9100
1,3,0,5,9,40,160,3,14576,75506,7,63,0.0000,0.0000,0.0000,62.0000,2.9100
1,3,0,5,6,40,160,3,14576,75506,4,63,0.0000,0.0000,0.0000,62.0000,2.9100
1,3,1,11,6,29,234,3,14576,75506,4,63,0.0000,0.0000,0.0000,62.0000,2.9100
1,3,0,6,2,33,143,15,14576,107363,20,63,0.0000,0.0000,0.0000,62.0000,2.9100
1,3,0,6,3,33,143,15,14576,107363,15,63,0.0000,0.0000,0.0000,62.0000,2.9100
1,3,0,5,6,40,175,15,14576,107363,2,63,0.0000,0.0000,0.0000,62.0000,2.9100
1,3,0,5,3,40,175,15,14576,107363,4,63,0.0000,0.0000,0.0000,62.0000,2.9100
1,3,0,4,3,28,143,15,14576,107363,19,63,0.0000,0.0000,0.0000,62.0000,2.9100
1,3,0,6,2,33,143,15,14576,107363,21,63,0.0000,0.0000,0.0000,62.0000,2.9100
1,3,0,4,6,28,175,15,14576,107363,3,63,0.0000,0.0000,0.0000,62.0000,2.9100
1,3,0,6,6,33,175,15,14576,107363,3,63,0.0000,0.0000,0.0000,62.0000,2.9100
1,3,0,6,7,33,143,15,14576,107363,20,63,0.0000,0.0000,0.0000,62.0000,2.9100
1,3,0,6,7,33,175,15,14576,107363,2,63,0.0000,0.0000,0.0000,62.0000,2.9100
1,3,0,6,4,33,143,15,14576,107363,8,63,0.0000,0.0000,0.0000,62.0000,2.9100
1,3,1,8,4,24,143,15,14576,107363,19,63,0.0000,0.0000,0.0000,62.0000,2.9100
1,3,0,4,2,28,143,15,14576,107363,15,63,0.0000,0.0000,0.0000,62.0000,2.9100
1,3,0,7,8,36,175,15,14576,107363,6,63,0.0000,0.0000,0.0000,62.0000,2.9100
1,3,0,4,2,28,143,15,14576,107363,19,63,0.0000,0.0000,0.0000,62.0000,2.9100
1,3,0,6,8,33,175,15,14576,107363,2,63,0.0000,0.0000,0.0000,62.0000,2.9100
1,3,0,6,5,33,143,15,14576,107363,10,63,0.0000,0.0000,0.0000,62.0000,2.9100
1,3,0,6,9,33,143,15,14576,107363,11,63,0.0000,0.0000,0.0000,62.0000,2.9100
1,3,0,6,2,33,143,15,14576,107363,19,63,0.0000,0.0000,0.0000,62.0000,2.9100
1,3,0,6,2,33,143,15,14576,107363,8,63,0.0000,0.0000,0.0000,62.0000,2.9100
1,3,0,5,2,40,143,15,14576,107363,19,63,0.0000,0.0000,0.0000,62.0000,2.9100
1,3,0,5,3,40,143,15,14576,107363,17,63,0.0000,0.0000,0.0000,62.0000,2.9100
1,3,0,5,2,40,143,15,14576,107363,16,63,0.0000,0.0000,0.0000,62.0000,2.9100
1,3,0,9,6,38,175,15,14576,107363,4,63,0.0000,0.0000,0.0000,62.0000,2.9100
1,3,0,4,6,28,175,15,14576,107363,1,63,0.0000,0.0000,0.0000,62.0000,2.9100
1,3,0,6,6,33,143,15,14576,107363,21,63,0.0000,0.0000,0.0000,62.0000,2.9100
1,3,0,5,6,40,175,15,14576,107363,5,63,0.0000,0.0000,0.0000,62.0000,2.9100
1,3,0,8,2,24,175,15,14576,107363,2,63,0.0000,0.0000,0.0000,62.0000,2.9100
1,3,0,7,4,36,143,15,14576,107363,20,63,0.0000,0.0000,0.0000,62.0000,2.9100
1,3,1,7,5,36,143,15,14576,107363,15,63,0.0000,0.0000,0.0000,62.0000,2.9100
1,3,0,5,2,40,143,15,14576,107363,21,63,0.0000,0.0000,0.0000,62.0000,2.9100
1,3,0,7,6,36,175,15,14576,107363,5,63,0.0000,0.0000,0.0000,62.0000,2.9100
1,3,0,7,4,36,175,15,14576,107363,7,63,0.0000,0.0000,0.0000,62.0000,2.9100
1,3,0,9,9,38,160,3,14576,75506,20,63,0.0000,0.0000,0.0000,62.0000,2.9100
1,3,1,9,4,38,181,3,14576,75506,4,63,0.0000,0.0000,0.0000,62.0000,2.9100
1,3,0,10,5,24,181,1,14576,20315,5,63,0.0000,0.0000,0.0000,62.0000,2.9100
1,3,0,14,5,29,172,1,14576,20315,18,63,0.0000,0.0000,0.0000,62.0000,2.9100
1,3,0,14,3,29,160,3,14576,75506,19,63,0.0000,0.0000,0.0000,62.0000,2.9100
1,3,0,11,8,29,187,3,14576,75506,18,63,0.0000,0.0000,0.0000,62.0000,2.9100
1,3,1,9,7,38,191,7,14576,73508,2,63,0.0000,0.0000,0.0000,62.0000,2.9100
1,3,0,15,5,33,128,3,14576,75506,19,63,0.0000,0.0000,0.0000,62.0000,2.9100
1,3,0,10,3,24,128,3,14576,75506,18,63,0.0000,0.0000,0.0000,62.0000,2.9100
1,3,0,9,7,38,150,3,14576,75506,19,63,0.0000,0.0000,0.0000,62.0000,2.9100
1,3,0,7,2,36,187,3,14576,75506,4,63,0.0000,0.0000,0.0000,62.0000,2.9100
1,3,0,15,6,33,150,3,14576,75506,19,63,0.0000,0.0000,0.0000,62.0000,2.9100
1,3,0,13,3,26,128,3,14576,75506,19,63,0.0000,0.0000,0.0000,62.0000,2.9100
1,3,1,10,10,24,160,3,14576,75506,7,63,0.0000,0.0000,0.0000,62.0000,2.9100
1,3,0,11,2,29,160,3,14576,75506,4,63,0.0000,0.0000,0.0000,62.0000,2.9100
1,3,0,13,4,26,187,3,14576,75506,18,63,0.0000,0.0000,0.0000,62.0000,2.9100
1,3,1,7,3,36,181,3,14576,75506,4,63,0.0000,0.0000,0.0000,62.0000,2.9100
1,3,0,9,4,38,128,3,14576,75506,19,63,0.0000,0.0000,0.0000,62.0000,2.9100
1,3,0,17,3,32,150,3,14576,75506,19,63,0.0000,0.0000,0.0000,62.0000,2.9100
1,3,0,10,3,24,173,17,14576,46218,5,63,0.0000,0.0000,0.0000,62.0000,2.9100
1,3,0,13,3,26,173,17,14576,46218,7,63,0.0000,0.0000,0.0000,62.0000,2.9100
1,3,0,12,3,27,120,17,14576,46218,13,63,0.0000,0.0000,0.0000,62.0000,2.9100
1,3,1,11,6,29,154,17,14576,46218,20,63,0.0000,0.0000,0.0000,62.0000,2.9100
1,3,0,10,2,24,154,17,14576,46218,20,63,0.0000,0.0000,0.0000,62.0000,2.9100
1,3,1,9,8,38,187,3,14576,75506,6,63,0.0000,0.0000,0.0000,62.0000,2.9100
1,3,0,12,6,27,187,3,14576,75506,4,63,0.0000,0.0000,0.0000,62.0000,2.9100
1,3,0,11,5,29,187,3,14576,75506,6,63,0.0000,0.0000,0.0000,62.0000,2.9100
1,3,0,13,7,26,128,3,14576,75506,19,63,0.0000,0.0000,0.0000,62.0000,2.9100
1,3,0,11,2,29,187,3,14576,75506,10,63,0.0000,0.0000,0.0000,62.0000,2.9100
1,3,0,16,3,14,187,3,14576,75506,18,63,0.0000,0.0000,0.0000,62.0000,2.9100
1,3,0,15,6,33,128,3,14576,75506,18,63,0.0000,0.0000,0.0000,62.0000,2.9100
1,3,0,9,2,38,79,12,14576,17869,15,63,0.0000,0.0000,0.0000,62.0000,2.9100
1,3,1,11,6,29,191,7,14576,73508,3,63,0.0000,0.0000,0.0000,62.0000,2.9100
1,3,0,10,3,24,191,7,14576,73508,1,63,0.0000,0.0000,0.0000,62.0000,2.9100
1,3,0,11,5,29,110,7,14576,73508,19,63,0.0000,0.0000,0.0000,62.0000,2.9100
1,3,1,8,4,24,187,3,14576,75506,18,63,0.0000,0.0000,0.0000,62.0000,2.9100
1,3,0,13,5,26,76,12,14576,17869,10,63,0.0000,0.0000,0.0000,62.0000,2.9100
1,3,0,17,3,32,79,12,14576,17869,15,63,0.0000,0.0000,0.0000,62.0000,2.9100
1,3,0,10,5,24,79,12,14576,17869,15,63,0.0000,0.0000,0.0000,62.0000,2.9100
1,3,0,9,5,38,143,15,14576,107363,13,63,0.0000,0.0000,0.0000,62.0000,2.9100
1,3,0,6,8,33,175,15,14576,107363,5,63,0.0000,0.0000,0.0000,62.0000,2.9100
1,3,0,10,2,24,175,15,14576,107363,7,63,0.0000,0.0000,0.0000,62.0000,2.9100
1,3,0,9,2,38,175,15,14576,107363,2,63,0.0000,0.0000,0.0000,62.0000,2.9100
1,3,0,9,5,38,175,15,14576,107363,3,63,0.0000,0.0000,0.0000,62.0000,2.9100
1,3,1,8,6,24,175,15,14576,107363,3,63,0.0000,0.0000,0.0000,62.0000,2.9100
1,3,0,8,3,24,143,15,14576,107363,19,63,0.0000,0.0000,0.0000,62.0000,2.9100
1,3,0,8,4,24,143,15,14576,107363,20,63,0.0000,0.0000,0.0000,62.0000,2.9100
1,3,0,7,5,36,143,15,14576,107363,9,63,0.0000,0.0000,0.0000,62.0000,2.9100
1,3,0,7,4,36,143,15,14576,107363,20,63,0.0000,0.0000,0.0000,62.0000,2.9100
1,3,0,4,5,28,143,15,14576,107363,14,63,0.0000,0.0000,0.0000,62.0000,2.9100
1,3,1,12,8,27,175,15,14576,107363,7,63,0.0000,0.0000,0.0000,62.0000,2.9100
1,3,0,7,2,36,143,15,14576,107363,10,63,0.0000,0.0000,0.0000,62.0000,2.9100
1,3,0,10,2,24,143,15,14576,107363,19,63,0.0000,0.0000,0.0000,62.0000,2.9100
1,3,0,10,3,24,175,15,14576,107363,4,63,0.0000,0.0000,0.0000,62.0000,2.9100
1,3,0,8,3,24,143,15,14576,107363,17,63,0.0000,0.0000,0.0000,62.0000,2.9100
1,3,0,9,2,38,143,15,14576,107363,17,63,0.0000,0.0000,0.0000,62.0000,2.9100
1,3,0,9,8,38,175,15,14576,107363,6,63,0.0000,0.0000,0.0000,62.0000,2.9100
1,3,0,7,4,36,143,15,14576,107363,20,63,0.0000,0.0000,0.0000,62.0000,2.9100
1,3,0,8,2,24,143,15,14576,107363,11,63,0.0000,0.0000,0.0000,62.0000,2.9100
1,3,0,15,4,33,143,15,14576,107363,10,63,0.0000,0.0000,0.0000,62.0000,2.9100
1,3,0,9,3,38,143,15,14576,107363,21,63,0.0000,0.0000,0.0000,62.0000,2.9100
1,3,0,13,1,26,79,12,14576,17869,14,63,0.0000,0.0000,0.0000,62.0000,2.9100
1,3,0,8,5,24,143,15,14576,107363,16,63,0.0000,0.0000,0.0000,62.0000,2.9100
1,3,0,9,2,38,143,15,14576,107363,8,63,0.0000,0.0000,0.0000,62.0000,2.9100
1,3,0,7,8,36,175,15,14576,107363,7,63,0.0000,0.0000,0.0000,62.0000,2.9100
1,3,0,7,6,36,150,9,14576,9496,14,63,0.0000,0.0000,0.0000,62.0000,2.9100
1,3,0,9,4,38,128,3,14576,75506,19,63,0.0000,0.0000,0.0000,62.0000,2.9100
1,3,0,12,8,27,128,3,14576,75506,19,63,0.0000,0.0000,0.0000,62.0000,2.9100
1,3,0,14,2,29,187,3,14576,75506,17,63,0.0000,0.0000,0.0000,62.0000,2.9100
1,3,0,10,3,24,128,3,14576,75506,19,63,0.0000,0.0000,0.0000,62.0000,2.9100
1,3,0,14,2,29,150,3,14576,75506,20,63,0.0000,0.0000,0.0000,62.0000,2.9100
1,3,0,9,2,38,79,12,14576,17869,16,63,0.0000,0.0000,0.0000,62.0000,2.9100
1,3,0,17,4,32,187,3,14576,75506,18,63,0.0000,0.0000,0.0000,62.0000,2.9100
1,3,0,10,3,24,150,3,14576,75506,18,63,0.0000,0.0000,0.0000,62.0000,2.9100
1,3,0,14,2,29,160,3,14576,75506,4,63,0.0000,0.0000,0.0000,62.0000,2.9100
1,3,0,11,2,29,79,12,14576,17869,16,63,0.0000,0.0000,0.0000,62.0000,2.9100
1,3,0,17,3,32,150,3,14576,75506,21,63,0.0000,0.0000,0.0000,62.0000,2.9100
1,3,0,13,4,26,150,3,14576,75506,22,63,0.0000,0.0000,0.0000,62.0000,2.9100
1,3,0,12,2,27,76,12,14576,17869,13,63,0.0000,0.0000,0.0000,62.0000,2.9100
1,3,0,10,4,24,66,14,14576,62105,15,63,0.0000,0.0000,0.0000,62.0000,2.9100
1,3,0,17,2,32,50,14,14576,62105,17,63,0.0000,0.0000,0.0000,62.0000,2.9100
1,3,0,12,2,27,66,14,14576,62105,14,63,0.0000,0.0000,0.0000,62.0000,2.9100
1,3,0,15,2,33,66,14,14576,62105,14,63,0.0000,0.0000,0.0000,62.0000,2.9100
1,3,0,17,2,32,66,14,14576,62105,14,63,0.0000,0.0000,0.0000,62.0000,2.9100
1,3,0,9,1,38,66,14,14576,62105,14,63,0.0000,0.0000,0.0000,62.0000,2.9100
1,3,0,10,2,24,66,14,14576,62105,14,63,0.0000,0.0000,0.0000,62.0000,2.9100
1,3,0,12,2,27,129,14,14576,62105,11,63,0.0000,0.0000,0.0000,62.0000,2.9100
1,3,0,9,2,38,66,14,14576,62105,14,63,0.0000,0.0000,0.0000,62.0000,2.9100
1,3,0,12,5,27,160,3,14576,75506,6,63,0.0000,0.0000,0.0000,62.0000,2.9100
1,3,0,14,1,29,66,14,14576,62105,14,63,0.0000,0.0000,0.0000,62.0000,2.9100
1,3,0,11,5,29,143,15,14576,107363,14,63,0.0000,0.0000,0.0000,62.0000,2.9100
1,3,0,17,3,32,175,15,14576,107363,2,63,0.0000,0.0000,0.0000,62.0000,2.9100
1,3,0,10,2,24,143,15,14576,107363,14,63,0.0000,0.0000,0.0000,62.0000,2.9100
1,3,0,15,3,33,175,15,14576,107363,2,63,0.0000,0.0000,0.0000,62.0000,2.9100
1,3,0,16,3,14,143,15,14576,107363,18,63,0.0000,0.0000,0.0000,62.0000,2.9100
1,3,0,12,4,27,143,15,14576,107363,20,63,0.0000,0.0000,0.0000,62.0000,2.9100
1,3,0,11,5,29,175,15,14576,107363,1,63,0.0000,0.0000,0.0000,62.0000,2.9100
1,3,0,9,5,38,175,15,14576,107363,2,63,0.0000,0.0000,0.0000,62.0000,2.9100
1,3,1,14,6,29,175,15,14576,107363,1,63,0.0000,0.0000,0.0000,62.0000,2.9100
1,3,0,11,3,29,175,15,14576,107363,7,63,0.0000,0.0000,0.0000,62.0000,2.9100
1,3,1,11,6,29,175,15,14576,107363,6,63,0.0000,0.0000,0.0000,62.0000,2.9100
1,3,1,10,2,24,175,15,14576,107363,7,63,0.0000,0.0000,0.0000,62.0000,2.9100
1,3,0,11,2,29,175,15,14576,107363,7,63,0.0000,0.0000,0.0000,62.0000,2.9100
1,3,0,14,3,29,143,15,14576,107363,14,63,0.0000,0.0000,0.0000,62.0000,2.9100
1,3,0,8,3,24,143,15,14576,107363,19,63,0.0000,0.0000,0.0000,62.0000,2.9100
1,3,0,9,3,38,143,15,14576,107363,19,63,0.0000,0.0000,0.0000,62.0000,2.9100
1,3,0,13,3,26,143,15,14576,107363,15,63,0.0000,0.0000,0.0000,62.0000,2.9100
1,3,0,17,3,32,143,15,14576,107363,15,63,0.0000,0.0000,0.0000,62.0000,2.9100
1,3,0,16,3,14,175,15,14576,107363,3,63,0.0000,0.0000,0.0000,62.0000,2.9100
1,3,0,12,3,27,143,15,14576,107363,19,63,0.0000,0.0000,0.0000,62.0000,2.9100
1,3,0,11,3,29,143,15,14576,107363,12,63,0.0000,0.0000,0.0000,62.0000,2.9100
1,3,1,11,6,29,175,15,14576,107363,1,63,0.0000,0.0000,0.0000,62.0000,2.9100
1,3,0,15,6,33,175,15,14576,107363,5,63,0.0000,0.0000,0.0000,62.0000,2.9100
1,3,0,10,3,24,143,15,14576,107363,15,63,0.0000,0.0000,0.0000,62.0000,2.9100
1,3,0,8,3,24,143,15,14576,107363,20,63,0.0000,0.0000,0.0000,62.0000,2.9100
1,3,0,12,7,27,175,15,14576,107363,1,63,0.0000,0.0000,0.0000,62.0000,2.9100
1,3,0,12,6,27,143,15,14576,107363,20,63,0.0000,0.0000,0.0000,62.0000,2.9100
1,3,0,16,3,14,175,15,14576,107363,2,63,0.0000,0.0000,0.0000,62.0000,2.9100
1,3,0,16,4,14,143,15,14576,107363,13,63,0.0000,0.0000,0.0000,62.0000,2.9100
1,3,0,10,4,24,143,15,14576,107363,17,63,0.0000,0.0000,0.0000,62.0000,2.9100
1,3,0,13,8,26,175,15,14576,107363,1,63,0.0000,0.0000,0.0000,62.0000,2.9100
1,3,0,9,2,38,143,15,14576,107363,12,63,0.0000,0.0000,0.0000,62.0000,2.9100
1,3,0,15,2,33,175,15,14576,107363,1,63,0.0000,0.0000,0.0000,62.0000,2.9100
1,3,0,8,3,24,143,15,14576,107363,14,63,0.0000,0.0000,0.0000,62.0000,2.9100
1,3,0,9,4,38,76,12,14576,17869,4,63,0.0000,0.0000,0.0000,62.0000,2.9100
1,3,0,11,2,29,76,12,14576,17869,13,63,0.0000,0.0000,0.0000,62.0000,2.9100
1,3,0,17,2,32,160,3,14576,75506,2,63,0.0000,0.0000,0.0000,62.0000,2.9100
1,3,0,14,6,29,191,7,14576,73508,1,63,0.0000,0.0000,0.0000,62.0000,2.9100
1,3,0,19,7,6,191,7,14576,73508,2,63,0.0000,0.0000,0.0000,62.0000,2.9100
1,3,0,17,3,32,187,3,14576,75506,7,63,0.0000,0.0000,0.0000,62.0000,2.9100
1,3,0,17,2,32,187,3,14576,75506,18,63,0.0000,0.0000,0.0000,62.0000,2.9100
1,3,0,17,3,32,150,3,14576,75506,20,63,0.0000,0.0000,0.0000,62.0000,2.9100
1,3,0,13,7,26,150,3,14576,75506,21,63,0.0000,0.0000,0.0000,62.0000,2.9100
1,3,0,12,6,27,160,3,14576,75506,18,63,0.0000,0.0000,0.0000,62.0000,2.9100
1,3,0,11,2,29,187,3,14576,75506,7,63,0.0000,0.0000,0.0000,62.0000,2.9100
1,3,0,13,2,26,76,12,14576,17869,4,63,0.0000,0.0000,0.0000,62.0000,2.9100
1,3,1,15,6,33,228,16,14576,15023,4,63,0.0000,0.0000,0.0000,62.0000,2.9100
1,3,0,14,5,29,160,3,14576,75506,2,63,0.0000,0.0000,0.0000,62.0000,2.9100
1,3,1,11,2,29,76,12,14576,17869,4,63,0.0000,0.0000,0.0000,62.0000,2.9100
1,3,0,10,2,24,79,12,14576,17869,15,63,0.0000,0.0000,0.0000,62.0000,2.9100
1,3,0,12,9,27,160,3,14576,75506,4,63,0.0000,0.0000,0.0000,62.0000,2.9100
1,3,1,17,1,32,76,12,14576,17869,13,63,0.0000,0.0000,0.0000,62.0000,2.9100
1,3,0,15,6,33,160,3,14576,75506,3,63,0.0000,0.0000,0.0000,62.0000,2.9100
1,3,0,7,2,36,79,12,14576,17869,15,63,0.0000,0.0000,0.0000,62.0000,2.9100
1,3,1,13,9,26,160,3,14576,75506,2,63,0.0000,0.0000,0.0000,62.0000,2.9100
1,3,0,15,6,33,187,3,14576,75506,4,63,0.0000,0.0000,0.0000,62.0000,2.9100
1,3,0,11,3,29,128,3,14576,75506,17,63,0.0000,0.0000,0.0000,62.0000,2.9100
1,3,0,18,10,12,160,3,14576,75506,3,63,0.0000,0.0000,0.0000,62.0000,2.9100
1,3,0,10,3,24,76,12,14576,17869,13,63,0.0000,0.0000,0.0000,62.0000,2.9100
1,3,1,17,3,32,79,12,14576,17869,15,63,0.0000,0.0000,0.0000,62.0000,2.9100
1,3,0,10,3,24,79,12,14576,17869,14,63,0.0000,0.0000,0.0000,62.0000,2.9100
1,3,0,19,9,6,187,3,14576,75506,7,63,0.0000,0.0000,0.0000,62.0000,2.9100
1,3,0,12,4,27,187,3,14576,75506,6,63,0.0000,0.0000,0.0000,62.0000,2.9100
1,3,0,9,5,38,76,12,14576,17869,12,63,0.0000,0.0000,0.0000,62.0000,2.9100
1,3,0,19,7,6,128,3,14576,75506,18,63,0.0000,0.0000,0.0000,62.0000,2.9100
1,3,0,18,9,12,162,11,14576,23463,11,63,0.0000,0.0000,0.0000,62.0000,2.9100
1,3,0,12,8,27,150,3,14576,75506,21,63,0.0000,0.0000,0.0000,62.0000,2.9100
1,3,0,9,1,38,79,12,14576,17869,15,63,0.0000,0.0000,0.0000,62.0000,2.9100
1,3,0,16,5,14,150,3,14576,75506,20,63,0.0000,0.0000,0.0000,62.0000,2.9100
1,3,0,17,5,32,172,3,14576,75506,9,63,0.0000,0.0000,0.0000,62.0000,2.9100
1,3,0,14,3,29,79,12,14576,17869,15,63,0.0000,0.0000,0.0000,62.0000,2.9100
1,3,0,16,3,14,76,14,14576,62105,5,63,0.0000,0.0000,0.0000,62.0000,2.9100
1,3,0,16,2,14,76,14,14576,62105,4,63,0.0000,0.0000,0.0000,62.0000,2.9100
1,3,0,17,3,32,79,12,14576,17869,14,63,0.0000,0.0000,0.0000,62.0000,2.9100
1,3,0,13,2,26,143,15,14576,107363,13,63,0.0000,0.0000,0.0000,62.0000,2.9100
1,3,0,10,4,24,143,15,14576,107363,16,63,0.0000,0.0000,0.0000,62.0000,2.9100
1,3,0,13,3,26,175,15,14576,107363,5,63,0.0000,0.0000,0.0000,62.0000,2.9100
1,3,0,17,3,32,175,15,14576,107363,5,63,0.0000,0.0000,0.0000,62.0000,2.9100
1,3,0,12,3,27,143,15,14576,107363,15,63,0.0000,0.0000,0.0000,62.0000,2.9100
1,3,0,14,3,29,143,15,14576,107363,21,63,0.0000,0.0000,0.0000,62.0000,2.9100
1,3,0,17,3,32,175,15,14576,107363,2,63,0.0000,0.0000,0.0000,62.0000,2.9100
1,3,0,11,3,29,143,15,14576,107363,19,63,0.0000,0.0000,0.0000,62.0000,2.9100
1,3,0,14,2,29,143,15,14576,107363,15,63,0.0000,0.0000,0.0000,62.0000,2.9100
1,3,0,13,3,26,143,15,14576,107363,17,63,0.0000,0.0000,0.0000,62.0000,2.9100
1,3,0,13,2,26,143,15,14576,107363,9,63,0.0000,0.0000,0.0000,62.0000,2.9100
1,3,0,15,6,33,175,15,14576,107363,2,63,0.0000,0.0000,0.0000,62.0000,2.9100
1,3,0,15,4,33,129,15,14576,107363,11,63,0.0000,0.0000,0.0000,62.0000,2.9100
1,3,0,12,4,27,143,15,14576,107363,13,63,0.0000,0.0000,0.0000,62.0000,2.9100
1,3,0,12,2,27,143,15,14576,107363,13,63,0.0000,0.0000,0.0000,62.0000,2.9100
1,3,0,13,5,26,143,15,14576,107363,12,63,0.0000,0.0000,0.0000,62.0000,2.9100
1,3,0,13,2,26,143,15,14576,107363,18,63,0.0000,0.0000,0.0000,62.0000,2.9100
1,3,0,11,2,29,143,15,14576,107363,21,63,0.0000,0.0000,0.0000,62.0000,2.9100
1,3,0,9,2,38,143,15,14576,107363,19,63,0.0000,0.0000,0.0000,62.0000,2.9100
1,3,0,14,6,29,175,15,14576,107363,4,63,0.0000,0.0000,0.0000,62.0000,2.9100
1,3,0,12,6,27,143,15,14576,107363,19,63,0.0000,0.0000,0.0000,62.0000,2.9100
1,3,0,12,2,27,143,15,14576,107363,13,63,0.0000,0.0000,0.0000,62.0000,2.9100
1,3,0,14,6,29,175,15,14576,107363,6,63,0.0000,0.0000,0.0000,62.0000,2.9100
1,3,0,18,3,12,175,15,14576,107363,2,63,0.0000,0.0000,0.0000,62.0000,2.9100
1,3,0,15,6,33,175,15,14576,107363,3,63,0.0000,0.0000,0.0000,62.0000,2.9100
1,3,0,16,3,14,150,9,14576,9496,14,63,0.0000,0.0000,0.0000,62.0000,2.9100
1,3,0,17,2,32,79,12,14576,17869,15,63,0.0000,0.0000,0.0000,62.0000,2.9100
1,3,0,15,5,33,128,3,14576,75506,18,63,0.0000,0.0000,0.0000,62.0000,2.9100
1,3,0,13,5,26,120,17,14576,46218,17,63,0.0000,0.0000,0.0000,62.0000,2.9100
1,3,0,12,8,27,187,3,14576,75506,11,63,0.0000,0.0000,0.0000,62.0000,2.9100
1,3,0,11,3,29,187,3,14576,75506,4,63,0.0000,0.0000,0.0000,62.0000,2.9100
1,3,0,19,4,6,187,3,14576,75506,6,63,0.0000,0.0000,0.0000,62.0000,2.9100
1,3,0,13,3,26,132,7,14576,73508,18,63,0.0000,0.0000,0.0000,62.0000,2.9100
1,3,0,15,5,33,110,7,14576,73508,13,63,0.0000,0.0000,0.0000,62.0000,2.9100
1,3,0,14,7,29,157,7,14576,73508,21,63,0.0000,0.0000,0.0000,62.0000,2.9100
1,3,0,16,5,14,160,3,14576,75506,7,63,0.0000,0.0000,0.0000,62.0000,2.9100
1,3,1,15,3,33,76,12,14576,17869,13,63,0.0000,0.0000,0.0000,62.0000,2.9100
1,3,0,17,2,32,187,3,14576,75506,7,63,0.0000,0.0000,0.0000,62.0000,2.9100
1,3,0,17,5,32,128,3,14576,75506,19,63,0.0000,0.0000,0.0000,62.0000,2.9100
1,3,0,12,5,27,143,15,14576,107363,15,63,0.0000,0.0000,0.0000,62.0000,2.9100
1,3,0,14,2,29,143,15,14576,107363,15,63,0.0000,0.0000,0.0000,62.0000,2.9100
1,3,0,17,5,32,143,15,14576,107363,16,63,0.0000,0.0000,0.0000,62.0000,2.9100
1,3,1,13,3,26,128,3,14576,75506,15,63,0.0000,0.0000,0.0000,62.0000,2.9100
1,3,0,14,2,29,143,15,14576,107363,14,63,0.0000,0.0000,0.0000,62.0000,2.9100
1,3,0,13,2,26,79,12,14576,17869,14,63,0.0000,0.0000,0.0000,62.0000,2.9100
1,3,0,13,2,26,143,15,14576,107363,13,63,0.0000,0.0000,0.0000,62.0000,2.9100
1,3,0,14,4,29,143,15,14576,107363,14,63,0.0000,0.0000,0.0000,62.0000,2.9100
1,3,0,13,2,26,143,15,14576,107363,12,63,0.0000,0.0000,0.0000,62.0000,2.9100
1,3,0,15,4,33,128,3,14576,75506,19,63,0.0000,0.0000,0.0000,62.0000,2.9100
1,3,0,14,2,29,143,15,14576,107363,9,63,0.0000,0.0000,0.0000,62.0000,2.9100
1,3,0,15,2,33,143,15,14576,107363,20,63,0.0000,0.0000,0.0000,62.0000,2.9100
1,3,0,14,2,29,143,15,14576,107363,10,63,0.0000,0.0000,0.0000,62.0000,2.9100
1,3,0,15,2,33,143,15,14576,107363,20,63,0.0000,0.0000,0.0000,62.0000,2.9100
1,3,0,15,5,33,143,15,14576,107363,15,63,0.0000,0.0000,0.0000,62.0000,2.9100
1,3,0,17,2,32,143,15,14576,107363,12,63,0.0000,0.0000,0.0000,62.0000,2.9100
1,3,0,15,5,33,143,15,14576,107363,13,63,0.0000,0.0000,0.0000,62.0000,2.9100
1,3,0,15,6,33,76,12,14576,17869,13,63,0.0000,0.0000,0.0000,62.0000,2.9100
1,3,0,15,3,33,79,12,14576,17869,15,63,0.0000,0.0000,0.0000,62.0000,2.9100
1,3,0,14,2,29,79,12,14576,17869,15,63,0.0000,0.0000,0.0000,62.0000,2.9100
1,3,1,16,2,14,76,12,14576,17869,4,63,0.0000,0.0000,0.0000,62.0000,2.9100
1,3,0,15,3,33,79,12,14576,17869,16,63,0.0000,0.0000,0.0000,62.0000,2.9100
1,3,0,14,3,29,128,3,14576,75506,21,63,0.0000,0.0000,0.0000,62.0000,2.9100
1,3,0,14,2,29,79,12,14576,17869,15,63,0.0000,0.0000,0.0000,62.0000,2.9100
1,3,0,18,3,12,160,3,14576,75506,5,63,0.0000,0.0000,0.0000,62.0000,2.9100
1,3,0,18,1,12,66,14,14576,62105,14,63,0.0000,0.0000,0.0000,62.0000,2.9100
1,3,0,12,1,27,66,14,14576,62105,14,63,0.0000,0.0000,0.0000,62.0000,2.9100
1,3,0,15,6,33,79,12,14576,17869,16,63,0.0000,0.0000,0.0000,62.0000,2.9100
1,3,0,14,2,29,66,14,14576,62105,14,63,0.0000,0.0000,0.0000,62.0000,2.9100
1,3,0,17,2,32,66,14,14576,62105,14,63,0.0000,0.0000,0.0000,62.0000,2.9100
1,3,0,13,2,26,66,14,14576,62105,14,63,0.0000,0.0000,0.0000,62.0000,2.9100
1,3,0,17,2,32,129,14,14576,62105,11,63,0.0000,0.0000,0.0000,62.0000,2.9100
1,3,0,17,2,32,143,15,14576,107363,18,63,0.0000,0.0000,0.0000,62.0000,2.9100
1,3,0,15,5,33,143,15,14576,107363,21,63,0.0000,0.0000,0.0000,62.0000,2.9100
1,3,0,17,2,32,143,15,14576,107363,12,63,0.0000,0.0000,0.0000,62.0000,2.9100
1,3,0,16,2,14,143,15,14576,107363,17,63,0.0000,0.0000,0.0000,62.0000,2.9100
1,3,0,15,4,33,143,15,14576,107363,14,63,0.0000,0.0000,0.0000,62.0000,2.9100
1,3,0,18,5,12,143,15,14576,107363,9,63,0.0000,0.0000,0.0000,62.0000,2.9100
1,3,0,15,3,33,143,15,14576,107363,13,63,0.0000,0.0000,0.0000,62.0000,2.9100
1,3,0,16,2,14,143,15,14576,107363,14,63,0.0000,0.0000,0.0000,62.0000,2.9100
1,3,0,19,8,6,187,3,14576,75506,10,63,0.0000,0.0000,0.0000,62.0000,2.9100
1,3,0,17,2,32,187,3,14576,75506,4,63,0.0000,0.0000,0.0000,62.0000,2.9100
1,3,0,15,2,33,143,15,14576,107363,12,63,0.0000,0.0000,0.0000,62.0000,2.9100
1,3,0,17,2,32,143,15,14576,107363,16,63,0.0000,0.0000,0.0000,62.0000,2.9100
1,3,0,18,2,12,66,14,14576,62105,14,63,0.0000,0.0000,0.0000,62.0000,2.9100
1,3,0,18,1,12,66,14,14576,62105,14,63,0.0000,0.0000,0.0000,62.0000,2.9100
1,3,0,18,2,12,143,15,14576,107363,14,63,0.0000,0.0000,0.0000,62.0000,2.9100
1,3,0,18,3,12,143,15,14576,107363,8,63,0.0000,0.0000,0.0000,62.0000,2.9100
1,3,0,17,4,32,66,14,14576,62105,14,63,0.0000,0.0000,0.0000,62.0000,2.9100
1,3,0,17,2,32,143,15,14576,107363,15,63,0.0000,0.0000,0.0000,62.0000,2.9100
1,3,0,18,2,12,79,12,14576,17869,14,63,0.0000,0.0000,0.0000,62.0000,2.9100
1,3,0,2,1,22,76,14,7380,62105,5,78,0.0000,0.0000,0.0000,67.0000,4.0300
1,3,0,3,10,19,160,7,7380,73508,20,78,0.0000,0.0000,0.0000,67.0000,4.0300
1,3,0,3,5,19,160,7,7380,73508,19,78,0.0000,0.0000,0.0000,67.0000,4.0300
1,3,0,2,2,22,145,16,7380,15023,13,78,0.0000,0.0000,0.0000,67.0000,4.0300
1,3,0,3,11,19,189,10,7380,6791,2,78,0.0000,0.0000,0.0000,67.0000,4.0300
1,3,0,6,11,15,294,10,7380,6791,6,78,0.0000,0.0000,0.0000,67.0000,4.0300
1,3,0,2,5,22,181,3,7380,75506,4,78,0.0000,0.0000,0.0000,67.0000,4.0300
1,3,0,2,2,22,187,3,7380,75506,10,78,0.0000,0.0000,0.0000,67.0000,4.0300
1,3,0,3,2,19,154,17,7380,46218,20,78,0.0000,0.0000,0.0000,67.0000,4.0300
1,3,0,4,10,19,173,17,7380,46218,5,78,0.0000,0.0000,0.0000,67.0000,4.0300
1,3,0,4,4,19,173,17,7380,46218,11,78,0.0000,0.0000,0.0000,67.0000,4.0300
1,3,0,2,10,22,169,17,7380,46218,25,78,0.0000,0.0000,0.0000,67.0000,4.0300
1,3,0,2,7,22,154,17,7380,46218,19,78,0.0000,0.0000,0.0000,67.0000,4.0300
1,3,0,4,5,19,181,3,7380,75506,3,78,0.0000,0.0000,0.0000,67.0000,4.0300
1,3,0,2,2,22,142,17,7380,46218,17,78,0.0000,0.0000,0.0000,67.0000,4.0300
1,3,0,4,6,19,173,17,7380,46218,18,78,0.0000,0.0000,0.0000,67.0000,4.0300
1,3,0,4,7,19,142,17,7380,46218,22,78,0.0000,0.0000,0.0000,67.0000,4.0300
1,3,0,2,9,22,187,3,7380,75506,8,78,0.0000,0.0000,0.0000,67.0000,4.0300
1,3,0,3,6,19,145,16,7380,15023,13,78,0.0000,0.0000,0.0000,67.0000,4.0300
1,3,0,3,7,19,160,3,7380,75506,19,78,0.0000,0.0000,0.0000,67.0000,4.0300
1,3,0,3,5,19,181,3,7380,75506,3,78,0.0000,0.0000,0.0000,67.0000,4.0300
1,3,1,3,8,19,180,7,7380,73508,6,78,0.0000,0.0000,0.0000,67.0000,4.0300
1,3,0,2,7,22,180,7,7380,73508,2,78,0.0000,0.0000,0.0000,67.0000,4.0300
1,3,0,2,3,22,180,7,7380,73508,5,78,0.0000,0.0000,0.0000,67.0000,4.0300
1,3,0,2,1,22,110,7,7380,73508,17,78,0.0000,0.0000,0.0000,67.0000,4.0300
1,3,0,2,4,22,143,15,7380,107363,14,78,0.0000,0.0000,0.0000,67.0000,4.0300
1,3,0,3,2,19,143,15,7380,107363,16,78,0.0000,0.0000,0.0000,67.0000,4.0300
1,3,0,4,6,19,143,15,7380,107363,14,78,0.0000,0.0000,0.0000,67.0000,4.0300
1,3,0,2,7,22,175,15,7380,107363,5,78,0.0000,0.0000,0.0000,67.0000,4.0300
1,3,0,3,2,19,143,15,7380,107363,20,78,0.0000,0.0000,0.0000,67.0000,4.0300
1,3,0,2,5,22,143,15,7380,107363,11,78,0.0000,0.0000,0.0000,67.0000,4.0300
1,3,0,2,10,22,175,15,7380,107363,5,78,0.0000,0.0000,0.0000,67.0000,4.0300
1,3,0,2,2,22,143,15,7380,107363,19,78,0.0000,0.0000,0.0000,67.0000,4.0300
1,3,0,12,2,12,143,15,7380,107363,10,78,0.0000,0.0000,0.0000,67.0000,4.0300
1,3,0,4,2,19,143,15,7380,107363,13,78,0.0000,0.0000,0.0000,67.0000,4.0300
1,3,0,2,2,22,175,15,7380,107363,7,78,0.0000,0.0000,0.0000,67.0000,4.0300
1,3,0,3,2,19,143,15,7380,107363,21,78,0.0000,0.0000,0.0000,67.0000,4.0300
1,3,0,3,5,19,143,15,7380,107363,18,78,0.0000,0.0000,0.0000,67.0000,4.0300
1,3,0,2,2,22,143,15,7380,107363,9,78,0.0000,0.0000,0.0000,67.0000,4.0300
1,3,0,3,10,19,160,3,7380,75506,6,78,0.0000,0.0000,0.0000,67.0000,4.0300
1,3,0,5,2,17,119,1,7380,20315,12,78,0.0000,0.0000,0.0000,67.0000,4.0300
1,3,1,5,11,17,157,1,7380,20315,13,78,0.0000,0.0000,0.0000,67.0000,4.0300
1,3,0,2,11,22,157,1,7380,20315,12,78,0.0000,0.0000,0.0000,67.0000,4.0300
1,3,0,18,10,5,181,1,7380,20315,7,78,0.0000,0.0000,0.0000,67.0000,4.0300
1,3,0,5,3,17,76,14,7380,62105,3,78,0.0000,0.0000,0.0000,67.0000,4.0300
1,3,0,3,2,19,70,14,7380,62105,1,78,0.0000,0.0000,0.0000,67.0000,4.0300
1,3,0,3,2,19,76,14,7380,62105,2,78,0.0000,0.0000,0.0000,67.0000,4.0300
1,3,0,3,11,19,181,1,7380,20315,3,78,0.0000,0.0000,0.0000,67.0000,4.0300
1,3,0,2,10,22,181,1,7380,20315,4,78,0.0000,0.0000,0.0000,67.0000,4.0300
1,3,0,3,11,19,157,1,7380,20315,13,78,0.0000,0.0000,0.0000,67.0000,4.0300
1,3,0,3,4,19,157,1,7380,20315,11,78,0.0000,0.0000,0.0000,67.0000,4.0300
1,3,0,4,5,19,157,1,7380,20315,13,78,0.0000,0.0000,0.0000,67.0000,4.0300
1,3,0,2,5,22,181,1,7380,20315,6,78,0.0000,0.0000,0.0000,67.0000,4.0300
1,3,0,4,2,19,76,14,7380,62105,3,78,0.0000,0.0000,0.0000,67.0000,4.0300
1,3,0,4,7,19,76,14,7380,62105,3,78,0.0000,0.0000,0.0000,67.0000,4.0300
1,3,0,5,7,17,160,3,7380,75506,20,78,0.0000,0.0000,0.0000,67.0000,4.0300
1,3,0,7,8,18,234,7,7380,73508,17,78,0.0000,0.0000,0.0000,67.0000,4.0300
1,3,0,7,5,18,160,7,7380,73508,21,78,0.0000,0.0000,0.0000,67.0000,4.0300
1,3,0,2,8,22,191,7,7380,73508,3,78,0.0000,0.0000,0.0000,67.0000,4.0300
1,3,0,4,8,19,191,7,7380,73508,3,78,0.0000,0.0000,0.0000,67.0000,4.0300
1,3,0,7,8,18,180,7,7380,73508,1,78,0.0000,0.0000,0.0000,67.0000,4.0300
1,3,1,7,7,18,180,7,7380,73508,5,78,0.0000,0.0000,0.0000,67.0000,4.0300
1,3,1,14,4,12,129,1,7380,20315,11,78,0.0000,0.0000,0.0000,67.0000,4.0300
1,3,0,7,2,18,119,1,7380,20315,11,78,0.0000,0.0000,0.0000,67.0000,4.0300
1,3,0,7,5,18,157,1,7380,20315,11,78,0.0000,0.0000,0.0000,67.0000,4.0300
1,3,0,8,10,15,129,11,7380,23463,11,78,0.0000,0.0000,0.0000,67.0000,4.0300
1,3,0,16,10,9,129,11,7380,23463,11,78,0.0000,0.0000,0.0000,67.0000,4.0300
1,3,0,10,11,16,159,11,7380,23463,5,78,0.0000,0.0000,0.0000,67.0000,4.0300
1,3,0,7,6,18,173,17,7380,46218,17,78,0.0000,0.0000,0.0000,67.0000,4.0300
1,3,0,6,4,15,154,17,7380,46218,13,78,0.0000,0.0000,0.0000,67.0000,4.0300
1,3,0,7,7,18,154,17,7380,46218,19,78,0.0000,0.0000,0.0000,67.0000,4.0300
1,3,0,12,2,12,142,17,7380,46218,22,78,0.0000,0.0000,0.0000,67.0000,4.0300
1,3,0,5,2,17,120,17,7380,46218,20,78,0.0000,0.0000,0.0000,67.0000,4.0300
1,3,0,10,7,16,154,17,7380,46218,9,78,0.0000,0.0000,0.0000,67.0000,4.0300
1,3,1,8,10,15,169,17,7380,46218,20,78,0.0000,0.0000,0.0000,67.0000,4.0300
1,3,0,8,10,15,169,17,7380,46218,19,78,0.0000,0.0000,0.0000,67.0000,4.0300
1,3,0,6,9,15,187,3,7380,75506,17,78,0.0000,0.0000,0.0000,67.0000,4.0300
1,3,0,8,10,15,168,7,7380,73508,20,78,0.0000,0.0000,0.0000,67.0000,4.0300
1,3,0,6,9,15,230,9,7380,9496,3,78,0.0000,0.0000,0.0000,67.0000,4.0300
1,3,1,9,9,16,230,9,7380,9496,4,78,0.0000,0.0000,0.0000,67.0000,4.0300
1,3,0,5,2,17,150,3,7380,75506,19,78,0.0000,0.0000,0.0000,67.0000,4.0300
1,3,0,5,5,17,70,14,7380,62105,1,78,0.0000,0.0000,0.0000,67.0000,4.0300
1,3,0,4,6,19,76,14,7380,62105,1,78,0.0000,0.0000,0.0000,67.0000,4.0300
1,3,1,6,4,15,76,14,7380,62105,4,78,0.0000,0.0000,0.0000,67.0000,4.0300
1,3,1,7,7,18,76,14,7380,62105,2,78,0.0000,0.0000,0.0000,67.0000,4.0300
1,3,0,8,2,15,76,14,7380,62105,4,78,0.0000,0.0000,0.0000,67.0000,4.0300
1,3,0,3,1,19,50,14,7380,62105,16,78,0.0000,0.0000,0.0000,67.0000,4.0300
1,3,0,6,5,15,181,3,7380,75506,4,78,0.0000,0.0000,0.0000,67.0000,4.0300
1,3,0,5,2,17,143,15,7380,107363,18,78,0.0000,0.0000,0.0000,67.0000,4.0300
1,3,0,6,2,15,143,15,7380,107363,13,78,0.0000,0.0000,0.0000,67.0000,4.0300
1,3,0,4,2,19,143,15,7380,107363,18,78,0.0000,0.0000,0.0000,67.0000,4.0300
1,3,0,4,2,19,143,15,7380,107363,13,78,0.0000,0.0000,0.0000,67.0000,4.0300
1,3,0,5,7,17,175,15,7380,107363,3,78,0.0000,0.0000,0.0000,67.0000,4.0300
1,3,0,6,2,15,175,15,7380,107363,5,78,0.0000,0.0000,0.0000,67.0000,4.0300
1,3,0,4,3,19,143,15,7380,107363,11,78,0.0000,0.0000,0.0000,67.0000,4.0300
1,3,0,5,2,17,175,15,7380,107363,1,78,0.0000,0.0000,0.0000,67.0000,4.0300
1,3,0,4,6,19,175,15,7380,107363,3,78,0.0000,0.0000,0.0000,67.0000,4.0300
1,3,0,4,10,19,175,15,7380,107363,6,78,0.0000,0.0000,0.0000,67.0000,4.0300
1,3,0,5,9,17,175,15,7380,107363,7,78,0.0000,0.0000,0.0000,67.0000,4.0300
1,3,0,5,2,17,143,15,7380,107363,20,78,0.0000,0.0000,0.0000,67.0000,4.0300
1,3,0,4,2,19,143,15,7380,107363,19,78,0.0000,0.0000,0.0000,67.0000,4.0300
1,3,0,6,2,15,143,15,7380,107363,10,78,0.0000,0.0000,0.0000,67.0000,4.0300
1,3,0,7,2,18,175,15,7380,107363,7,78,0.0000,0.0000,0.0000,67.0000,4.0300
1,3,0,4,5,19,175,15,7380,107363,5,78,0.0000,0.0000,0.0000,67.0000,4.0300
1,3,0,5,4,17,175,15,7380,107363,2,78,0.0000,0.0000,0.0000,67.0000,4.0300
1,3,0,17,11,10,129,11,7380,23463,11,78,0.0000,0.0000,0.0000,67.0000,4.0300
1,3,0,17,2,10,119,1,7380,20315,11,78,0.0000,0.0000,0.0000,67.0000,4.0300
1,3,0,10,2,16,119,1,7380,20315,12,78,0.0000,0.0000,0.0000,67.0000,4.0300
1,3,1,9,5,16,149,1,7380,20315,13,78,0.0000,0.0000,0.0000,67.0000,4.0300
1,3,0,11,5,12,181,1,7380,20315,4,78,0.0000,0.0000,0.0000,67.0000,4.0300
1,3,0,13,5,13,181,1,7380,20315,1,78,0.0000,0.0000,0.0000,67.0000,4.0300
1,3,0,11,4,12,181,1,7380,20315,3,78,0.0000,0.0000,0.0000,67.0000,4.0300
1,3,1,9,1,16,50,14,7380,62105,16,78,0.0000,0.0000,0.0000,67.0000,4.0300
1,3,0,5,1,17,76,14,7380,62105,5,78,0.0000,0.0000,0.0000,67.0000,4.0300
1,3,0,5,1,17,66,14,7380,62105,14,78,0.0000,0.0000,0.0000,67.0000,4.0300
1,3,0,7,5,18,181,3,7380,75506,2,78,0.0000,0.0000,0.0000,67.0000,4.0300
1,3,0,7,2,18,76,14,7380,62105,2,78,0.0000,0.0000,0.0000,67.0000,4.0300
1,3,0,11,2,12,76,14,7380,62105,3,78,0.0000,0.0000,0.0000,67.0000,4.0300
1,3,1,14,3,12,76,14,7380,62105,3,78,0.0000,0.0000,0.0000,67.0000,4.0300
1,3,0,8,2,15,160,3,7380,75506,6,78,0.0000,0.0000,0.0000,67.0000,4.0300
1,3,1,10,7,16,160,3,7380,75506,3,78,0.0000,0.0000,0.0000,67.0000,4.0300
1,3,0,6,6,15,120,17,7380,46218,18,78,0.0000,0.0000,0.0000,67.0000,4.0300
1,3,0,9,2,16,142,17,7380,46218,21,78,0.0000,0.0000,0.0000,67.0000,4.0300
1,3,0,8,2,15,173,17,7380,46218,3,78,0.0000,0.0000,0.0000,67.0000,4.0300
1,3,1,9,6,16,173,17,7380,46218,3,78,0.0000,0.0000,0.0000,67.0000,4.0300
1,3,0,17,10,10,169,17,7380,46218,23,78,0.0000,0.0000,0.0000,67.0000,4.0300
1,3,0,9,4,16,173,17,7380,46218,4,78,0.0000,0.0000,0.0000,67.0000,4.0300
1,3,0,15,2,12,150,3,7380,75506,15,78,0.0000,0.0000,0.0000,67.0000,4.0300
1,3,0,8,5,15,187,3,7380,75506,5,78,0.0000,0.0000,0.0000,67.0000,4.0300
1,3,0,9,3,16,160,7,7380,73508,18,78,0.0000,0.0000,0.0000,67.0000,4.0300
1,3,0,6,3,15,160,7,7380,73508,20,78,0.0000,0.0000,0.0000,67.0000,4.0300
1,3,0,10,7,16,180,7,7380,73508,3,78,0.0000,0.0000,0.0000,67.0000,4.0300
1,3,0,11,5,12,160,7,7380,73508,18,78,0.0000,0.0000,0.0000,67.0000,4.0300
1,3,0,10,8,16,191,7,7380,73508,1,78,0.0000,0.0000,0.0000,67.0000,4.0300
1,3,0,10,5,16,181,3,7380,75506,3,78,0.0000,0.0000,0.0000,67.0000,4.0300
1,3,0,6,2,15,143,15,7380,107363,19,78,0.0000,0.0000,0.0000,67.0000,4.0300
1,3,0,8,2,15,175,15,7380,107363,6,78,0.0000,0.0000,0.0000,67.0000,4.0300
1,3,0,5,2,17,143,15,7380,107363,9,78,0.0000,0.0000,0.0000,67.0000,4.0300
1,3,0,11,7,12,175,15,7380,107363,1,78,0.0000,0.0000,0.0000,67.0000,4.0300
1,3,0,8,2,15,175,15,7380,107363,1,78,0.0000,0.0000,0.0000,67.0000,4.0300
1,3,0,7,2,18,143,15,7380,107363,20,78,0.0000,0.0000,0.0000,67.0000,4.0300
1,3,0,6,4,15,143,15,7380,107363,12,78,0.0000,0.0000,0.0000,67.0000,4.0300
1,3,0,7,2,18,175,15,7380,107363,7,78,0.0000,0.0000,0.0000,67.0000,4.0300
1,3,0,13,2,13,143,15,7380,107363,13,78,0.0000,0.0000,0.0000,67.0000,4.0300
1,3,0,7,2,18,143,15,7380,107363,9,78,0.0000,0.0000,0.0000,67.0000,4.0300
1,3,0,7,2,18,143,15,7380,107363,16,78,0.0000,0.0000,0.0000,67.0000,4.0300
1,3,0,5,5,17,143,15,7380,107363,15,78,0.0000,0.0000,0.0000,67.0000,4.0300
1,3,1,6,2,15,143,15,7380,107363,15,78,0.0000,0.0000,0.0000,67.0000,4.0300
1,3,1,9,6,16,175,15,7380,107363,1,78,0.0000,0.0000,0.0000,67.0000,4.0300
1,3,0,7,2,18,175,15,7380,107363,4,78,0.0000,0.0000,0.0000,67.0000,4.0300
1,3,0,7,7,18,175,15,7380,107363,2,78,0.0000,0.0000,0.0000,67.0000,4.0300
1,3,0,6,3,15,143,15,7380,107363,19,78,0.0000,0.0000,0.0000,67.0000,4.0300
1,3,0,8,5,15,175,15,7380,107363,1,78,0.0000,0.0000,0.0000,67.0000,4.0300
1,3,0,8,5,15,175,15,7380,107363,7,78,0.0000,0.0000,0.0000,67.0000,4.0300
1,3,0,10,4,16,230,9,7380,9496,3,78,0.0000,0.0000,0.0000,67.0000,4.0300
1,3,0,12,5,12,187,3,7380,75506,10,78,0.0000,0.0000,0.0000,67.0000,4.0300
1,3,0,16,2,9,76,14,7380,62105,1,78,0.0000,0.0000,0.0000,67.0000,4.0300
1,3,0,8,2,15,76,14,7380,62105,2,78,0.0000,0.0000,0.0000,67.0000,4.0300
1,3,1,13,2,13,76,14,7380,62105,4,78,0.0000,0.0000,0.0000,67.0000,4.0300
1,3,0,13,3,13,70,14,7380,62105,1,78,0.0000,0.0000,0.0000,67.0000,4.0300
1,3,0,9,7,16,143,15,7380,107363,21,78,0.0000,0.0000,0.0000,67.0000,4.0300
1,3,0,10,7,16,175,15,7380,107363,2,78,0.0000,0.0000,0.0000,67.0000,4.0300
1,3,0,12,2,12,175,15,7380,107363,3,78,0.0000,0.0000,0.0000,67.0000,4.0300
1,3,0,9,2,16,143,15,7380,107363,19,78,0.0000,0.0000,0.0000,67.0000,4.0300
1,3,1,17,2,10,143,15,7380,107363,11,78,0.0000,0.0000,0.0000,67.0000,4.0300
1,3,0,8,2,15,143,15,7380,107363,13,78,0.0000,0.0000,0.0000,67.0000,4.0300
1,3,0,9,2,16,143,15,7380,107363,12,78,0.0000,0.0000,0.0000,67.0000,4.0300
1,3,0,13,2,13,175,15,7380,107363,4,78,0.0000,0.0000,0.0000,67.0000,4.0300
1,3,0,16,2,9,175,15,7380,107363,7,78,0.0000,0.0000,0.0000,67.0000,4.0300
1,3,0,9,2,16,143,15,7380,107363,12,78,0.0000,0.0000,0.0000,67.0000,4.0300
1,3,0,8,4,15,143,15,7380,107363,8,78,0.0000,0.0000,0.0000,67.0000,4.0300
1,3,0,9,10,16,143,15,7380,107363,11,78,0.0000,0.0000,0.0000,67.0000,4.0300
1,3,0,10,8,16,143,15,7380,107363,18,78,0.0000,0.0000,0.0000,67.0000,4.0300
1,3,0,14,5,12,175,15,7380,107363,1,78,0.0000,0.0000,0.0000,67.0000,4.0300
1,3,0,11,5,12,143,15,7380,107363,19,78,0.0000,0.0000,0.0000,67.0000,4.0300
1,3,0,10,2,16,143,15,7380,107363,12,78,0.0000,0.0000,0.0000,67.0000,4.0300
1,3,0,11,2,12,175,15,7380,107363,5,78,0.0000,0.0000,0.0000,67.0000,4.0300
1,3,0,14,2,12,175,15,7380,107363,7,78,0.0000,0.0000,0.0000,67.0000,4.0300
1,3,0,9,2,16,175,15,7380,107363,4,78,0.0000,0.0000,0.0000,67.0000,4.0300
1,3,0,9,2,16,143,15,7380,107363,18,78,0.0000,0.0000,0.0000,67.0000,4.0300
1,3,0,10,2,16,143,15,7380,107363,11,78,0.0000,0.0000,0.0000,67.0000,4.0300
1,3,0,9,2,16,143,15,7380,107363,12,78,0.0000,0.0000,0.0000,67.0000,4.0300
1,3,0,13,2,13,119,1,7380,20315,11,78,0.0000,0.0000,0.0000,67.0000,4.0300
1,3,0,14,5,12,160,7,7380,73508,20,78,0.0000,0.0000,0.0000,67.0000,4.0300
1,3,0,12,3,12,180,7,7380,73508,6,78,0.0000,0.0000,0.0000,67.0000,4.0300
1,3,0,18,8,5,191,7,7380,73508,1,78,0.0000,0.0000,0.0000,67.0000,4.0300
1,3,0,10,2,16,145,16,7380,15023,13,78,0.0000,0.0000,0.0000,67.0000,4.0300
1,3,1,12,2,12,160,3,7380,75506,7,78,0.0000,0.0000,0.0000,67.0000,4.0300
1,3,0,12,4,12,142,17,7380,46218,18,78,0.0000,0.0000,0.0000,67.0000,4.0300
1,3,0,18,9,5,187,3,7380,75506,5,78,0.0000,0.0000,0.0000,67.0000,4.0300
1,3,0,13,2,13,173,17,7380,46218,7,78,0.0000,0.0000,0.0000,67.0000,4.0300
1,3,0,17,10,10,160,3,7380,75506,19,78,0.0000,0.0000,0.0000,67.0000,4.0300
1,3,0,15,5,12,172,1,7380,20315,15,78,0.0000,0.0000,0.0000,67.0000,4.0300
1,3,0,10,6,16,143,15,7380,107363,18,78,0.0000,0.0000,0.0000,67.0000,4.0300
1,3,0,11,2,12,143,15,7380,107363,16,78,0.0000,0.0000,0.0000,67.0000,4.0300
1,3,0,15,4,12,175,15,7380,107363,2,78,0.0000,0.0000,0.0000,67.0000,4.0300
1,3,0,15,2,12,143,15,7380,107363,12,78,0.0000,0.0000,0.0000,67.0000,4.0300
1,3,0,14,5,12,175,15,7380,107363,3,78,0.0000,0.0000,0.0000,67.0000,4.0300
1,3,0,10,8,16,143,15,7380,107363,9,78,0.0000,0.0000,0.0000,67.0000,4.0300
1,3,0,12,5,12,143,15,7380,107363,19,78,0.0000,0.0000,0.0000,67.0000,4.0300
1,3,0,11,4,12,143,15,7380,107363,20,78,0.0000,0.0000,0.0000,67.0000,4.0300
1,3,0,16,2,9,175,15,7380,107363,2,78,0.0000,0.0000,0.0000,67.0000,4.0300
1,3,0,12,2,12,143,15,7380,107363,15,78,0.0000,0.0000,0.0000,67.0000,4.0300
1,3,0,11,2,12,143,15,7380,107363,9,78,0.0000,0.0000,0.0000,67.0000,4.0300
1,3,0,11,2,12,143,15,7380,107363,9,78,0.0000,0.0000,0.0000,67.0000,4.0300
1,3,0,11,2,12,143,15,7380,107363,8,78,0.0000,0.0000,0.0000,67.0000,4.0300
1,3,0,15,2,12,142,17,7380,46218,21,78,0.0000,0.0000,0.0000,67.0000,4.0300
1,3,0,13,6,13,70,14,7380,62105,1,78,0.0000,0.0000,0.0000,67.0000,4.0300
1,3,0,13,5,13,76,14,7380,62105,3,78,0.0000,0.0000,0.0000,67.0000,4.0300
1,3,0,14,3,12,160,7,7380,73508,20,78,0.0000,0.0000,0.0000,67.0000,4.0300
1,3,0,15,2,12,175,15,7380,107363,5,78,0.0000,0.0000,0.0000,67.0000,4.0300
1,3,0,17,2,10,175,15,7380,107363,7,78,0.0000,0.0000,0.0000,67.0000,4.0300
1,3,0,12,2,12,175,15,7380,107363,3,78,0.0000,0.0000,0.0000,67.0000,4.0300
1,3,0,13,2,13,143,15,7380,107363,18,78,0.0000,0.0000,0.0000,67.0000,4.0300
1,3,0,15,2,12,175,15,7380,107363,2,78,0.0000,0.0000,0.0000,67.0000,4.0300
1,3,0,14,3,12,175,15,7380,107363,7,78,0.0000,0.0000,0.0000,67.0000,4.0300
1,3,0,14,2,12,143,15,7380,107363,12,78,0.0000,0.0000,0.0000,67.0000,4.0300
1,3,0,15,3,12,143,15,7380,107363,20,78,0.0000,0.0000,0.0000,67.0000,4.0300
1,3,0,12,4,12,143,15,7380,107363,12,78,0.0000,0.0000,0.0000,67.0000,4.0300
1,3,0,14,2,12,143,15,7380,107363,13,78,0.0000,0.0000,0.0000,67.0000,4.0300
1,3,0,12,2,12,143,15,7380,107363,21,78,0.0000,0.0000,0.0000,67.0000,4.0300
1,3,0,13,2,13,175,15,7380,107363,4,78,0.0000,0.0000,0.0000,67.0000,4.0300
1,3,0,14,2,12,143,15,7380,107363,18,78,0.0000,0.0000,0.0000,67.0000,4.0300
1,3,0,14,4,12,143,15,7380,107363,12,78,0.0000,0.0000,0.0000,67.0000,4.0300
1,3,0,10,2,16,143,15,7380,107363,19,78,0.0000,0.0000,0.0000,67.0000,4.0300
1,3,0,13,2,13,143,15,7380,107363,16,78,0.0000,0.0000,0.0000,67.0000,4.0300
1,3,0,17,2,10,76,14,7380,62105,3,78,0.0000,0.0000,0.0000,67.0000,4.0300
1,3,0,13,5,13,76,14,7380,62105,2,78,0.0000,0.0000,0.0000,67.0000,4.0300
1,3,0,15,1,12,66,14,7380,62105,14,78,0.0000,0.0000,0.0000,67.0000,4.0300
1,3,0,16,1,9,50,14,7380,62105,16,78,0.0000,0.0000,0.0000,67.0000,4.0300
1,3,0,15,3,12,143,15,7380,107363,22,78,0.0000,0.0000,0.0000,67.0000,4.0300
1,3,0,15,2,12,175,15,7380,107363,7,78,0.0000,0.0000,0.0000,67.0000,4.0300
1,3,0,18,2,5,143,15,7380,107363,13,78,0.0000,0.0000,0.0000,67.0000,4.0300
1,3,0,16,2,9,143,15,7380,107363,12,78,0.0000,0.0000,0.0000,67.0000,4.0300
1,3,0,16,2,9,143,15,7380,107363,15,78,0.0000,0.0000,0.0000,67.0000,4.0300
1,3,0,15,2,12,143,15,7380,107363,14,78,0.0000,0.0000,0.0000,67.0000,4.0300
1,3,0,16,2,9,143,15,7380,107363,15,78,0.0000,0.0000,0.0000,67.0000,4.0300
1,3,0,16,2,9,143,15,7380,107363,9,78,0.0000,0.0000,0.0000,67.0000,4.0300
1,3,0,18,10,5,187,3,7380,75506,4,78,0.0000,0.0000,0.0000,67.0000,4.0300
1,3,0,17,2,10,143,15,7380,107363,17,78,0.0000,0.0000,0.0000,67.0000,4.0300
1,3,0,17,2,10,143,15,7380,107363,13,78,0.0000,0.0000,0.0000,67.0000,4.0300
1,3,0,17,2,10,143,15,7380,107363,16,78,0.0000,0.0000,0.0000,67.0000,4.0300
1,3,0,3,5,12,76,14,4887,62105,3,6,0.0000,0.0000,0.0000,57.0000,12.3000
1,3,0,6,7,8,76,14,4887,62105,4,6,0.0000,0.0000,0.0000,57.0000,12.3000
1,3,0,4,5,12,110,7,4887,73508,19,6,0.0000,0.0000,0.0000,57.0000,12.3000
1,3,0,2,5,14,132,7,4887,73508,19,6,0.0000,0.0000,0.0000,57.0000,12.3000
1,3,0,3,6,12,150,9,4887,9496,13,6,0.0000,0.0000,0.0000,57.0000,12.3000
1,3,0,1,4,9,150,9,4887,9496,14,6,0.0000,0.0000,0.0000,57.0000,12.3000
1,3,0,4,5,12,160,3,4887,75506,7,6,0.0000,0.0000,0.0000,57.0000,12.3000
1,3,1,4,1,12,172,3,4887,75506,10,6,0.0000,0.0000,0.0000,57.0000,12.3000
1,3,0,3,1,12,172,3,4887,75506,9,6,0.0000,0.0000,0.0000,57.0000,12.3000
1,3,0,2,5,14,128,3,4887,75506,4,6,0.0000,0.0000,0.0000,57.0000,12.3000
1,3,1,9,4,8,160,3,4887,75506,6,6,0.0000,0.0000,0.0000,57.0000,12.3000
1,3,0,1,1,9,181,3,4887,75506,2,6,0.0000,0.0000,0.0000,57.0000,12.3000
1,3,0,2,1,14,160,3,4887,75506,18,6,0.0000,0.0000,0.0000,57.0000,12.3000
1,3,0,6,4,8,173,17,4887,46218,5,6,0.0000,0.0000,0.0000,57.0000,12.3000
1,3,1,3,4,12,173,17,4887,46218,10,6,0.0000,0.0000,0.0000,57.0000,12.3000
1,3,0,2,7,14,173,17,4887,46218,7,6,0.0000,0.0000,0.0000,57.0000,12.3000
1,3,0,3,1,12,173,17,4887,46218,6,6,0.0000,0.0000,0.0000,57.0000,12.3000
1,3,0,1,1,9,154,17,4887,46218,20,6,0.0000,0.0000,0.0000,57.0000,12.3000
1,3,0,3,4,12,173,17,4887,46218,6,6,0.0000,0.0000,0.0000,57.0000,12.3000
1,3,0,3,7,12,173,17,4887,46218,7,6,0.0000,0.0000,0.0000,57.0000,12.3000
1,3,0,1,7,9,150,11,4887,23463,7,6,0.0000,0.0000,0.0000,57.0000,12.3000
1,3,0,1,5,9,150,3,4887,75506,9,6,0.0000,0.0000,0.0000,57.0000,12.3000
1,3,0,5,1,5,181,3,4887,75506,4,6,0.0000,0.0000,0.0000,57.0000,12.3000
1,3,0,4,4,12,191,7,4887,73508,1,6,0.0000,0.0000,0.0000,57.0000,12.3000
1,3,0,1,4,9,191,7,4887,73508,1,6,0.0000,0.0000,0.0000,57.0000,12.3000
1,3,0,3,4,12,191,7,4887,73508,1,6,0.0000,0.0000,0.0000,57.0000,12.3000
1,3,0,2,7,14,157,7,4887,73508,27,6,0.0000,0.0000,0.0000,57.0000,12.3000
1,3,0,2,5,14,132,7,4887,73508,16,6,0.0000,0.0000,0.0000,57.0000,12.3000
1,3,0,2,8,14,160,7,4887,73508,17,6,0.0000,0.0000,0.0000,57.0000,12.3000
1,3,0,4,7,12,157,7,4887,73508,21,6,0.0000,0.0000,0.0000,57.0000,12.3000
1,3,0,3,6,12,99,3,4887,75506,11,6,0.0000,0.0000,0.0000,57.0000,12.3000
1,3,0,4,1,12,76,12,4887,17869,3,6,0.0000,0.0000,0.0000,57.0000,12.3000
1,3,0,4,4,12,175,15,4887,107363,1,6,0.0000,0.0000,0.0000,57.0000,12.3000
1,3,0,4,1,12,143,15,4887,107363,16,6,0.0000,0.0000,0.0000,57.0000,12.3000
1,3,0,2,1,14,143,15,4887,107363,11,6,0.0000,0.0000,0.0000,57.0000,12.3000
1,3,0,1,6,9,175,15,4887,107363,5,6,0.0000,0.0000,0.0000,57.0000,12.3000
1,3,0,3,4,12,175,15,4887,107363,1,6,0.0000,0.0000,0.0000,57.0000,12.3000
1,3,0,2,4,14,143,15,4887,107363,15,6,0.0000,0.0000,0.0000,57.0000,12.3000
1,3,0,2,4,14,143,15,4887,107363,13,6,0.0000,0.0000,0.0000,57.0000,12.3000
1,3,0,2,1,14,143,15,4887,107363,13,6,0.0000,0.0000,0.0000,57.0000,12.3000
1,3,0,1,4,9,143,15,4887,107363,14,6,0.0000,0.0000,0.0000,57.0000,12.3000
1,3,0,1,3,9,143,15,4887,107363,15,6,0.0000,0.0000,0.0000,57.0000,12.3000
1,3,0,2,6,14,175,15,4887,107363,3,6,0.0000,0.0000,0.0000,57.0000,12.3000
1,3,0,2,4,14,143,15,4887,107363,17,6,0.0000,0.0000,0.0000,57.0000,12.3000
1,3,0,10,2,12,143,15,4887,107363,15,6,0.0000,0.0000,0.0000,57.0000,12.3000
1,3,0,4,6,12,76,14,4887,62105,3,6,0.0000,0.0000,0.0000,57.0000,12.3000
1,3,1,4,4,12,160,3,4887,75506,2,6,0.0000,0.0000,0.0000,57.0000,12.3000
1,3,0,3,6,12,76,12,4887,17869,3,6,0.0000,0.0000,0.0000,57.0000,12.3000
1,3,0,4,4,12,150,3,4887,75506,21,6,0.0000,0.0000,0.0000,57.0000,12.3000
1,3,0,2,4,14,128,3,4887,75506,19,6,0.0000,0.0000,0.0000,57.0000,12.3000
1,3,0,8,4,15,143,15,4887,107363,19,6,0.0000,0.0000,0.0000,57.0000,12.3000
1,3,0,6,6,8,175,15,4887,107363,6,6,0.0000,0.0000,0.0000,57.0000,12.3000
1,3,0,7,6,8,143,15,4887,107363,11,6,0.0000,0.0000,0.0000,57.0000,12.3000
1,3,0,10,4,12,175,15,4887,107363,5,6,0.0000,0.0000,0.0000,57.0000,12.3000
1,3,0,8,3,15,143,15,4887,107363,20,6,0.0000,0.0000,0.0000,57.0000,12.3000
1,3,0,6,7,8,143,15,4887,107363,18,6,0.0000,0.0000,0.0000,57.0000,12.3000
1,3,0,8,5,15,143,15,4887,107363,15,6,0.0000,0.0000,0.0000,57.0000,12.3000
1,3,0,4,1,12,143,15,4887,107363,10,6,0.0000,0.0000,0.0000,57.0000,12.3000
1,3,0,6,5,8,175,15,4887,107363,1,6,0.0000,0.0000,0.0000,57.0000,12.3000
1,3,0,5,5,5,175,15,4887,107363,2,6,0.0000,0.0000,0.0000,57.0000,12.3000
1,3,0,9,3,8,143,15,4887,107363,18,6,0.0000,0.0000,0.0000,57.0000,12.3000
1,3,0,5,2,5,143,15,4887,107363,12,6,0.0000,0.0000,0.0000,57.0000,12.3000
1,3,0,3,5,12,143,15,4887,107363,13,6,0.0000,0.0000,0.0000,57.0000,12.3000
1,3,1,8,6,15,143,15,4887,107363,14,6,0.0000,0.0000,0.0000,57.0000,12.3000
1,3,1,8,5,15,132,7,4887,73508,19,6,0.0000,0.0000,0.0000,57.0000,12.3000
1,3,1,9,5,8,110,7,4887,73508,17,6,0.0000,0.0000,0.0000,57.0000,12.3000
1,3,1,9,7,8,157,7,4887,73508,21,6,0.0000,0.0000,0.0000,57.0000,12.3000
1,3,0,6,4,8,191,7,4887,73508,1,6,0.0000,0.0000,0.0000,57.0000,12.3000
1,3,0,11,7,7,149,1,4887,20315,3,6,0.0000,0.0000,0.0000,57.0000,12.3000
1,3,1,7,5,8,150,11,4887,23463,18,6,0.0000,0.0000,0.0000,57.0000,12.3000
1,3,0,5,7,5,160,3,4887,75506,20,6,0.0000,0.0000,0.0000,57.0000,12.3000
1,3,0,12,1,11,173,17,4887,46218,4,6,0.0000,0.0000,0.0000,57.0000,12.3000
1,3,1,7,7,8,173,17,4887,46218,4,6,0.0000,0.0000,0.0000,57.0000,12.3000
1,3,1,13,4,13,173,17,4887,46218,10,6,0.0000,0.0000,0.0000,57.0000,12.3000
1,3,0,8,7,15,160,3,4887,75506,7,6,0.0000,0.0000,0.0000,57.0000,12.3000
1,3,0,8,6,15,76,12,4887,17869,5,6,0.0000,0.0000,0.0000,57.0000,12.3000
1,3,0,7,1,8,160,3,4887,75506,20,6,0.0000,0.0000,0.0000,57.0000,12.3000
1,3,0,9,5,8,128,3,4887,75506,19,6,0.0000,0.0000,0.0000,57.0000,12.3000
1,3,0,13,5,13,172,3,4887,75506,9,6,0.0000,0.0000,0.0000,57.0000,12.3000
1,3,0,12,1,11,172,3,4887,75506,10,6,0.0000,0.0000,0.0000,57.0000,12.3000
1,3,0,15,7,8,149,1,4887,20315,12,6,0.0000,0.0000,0.0000,57.0000,12.3000
1,3,0,15,8,8,146,1,4887,20315,7,6,0.0000,0.0000,0.0000,57.0000,12.3000
1,3,0,8,4,15,150,11,4887,23463,19,6,0.0000,0.0000,0.0000,57.0000,12.3000
1,3,1,9,7,8,162,11,4887,23463,16,6,0.0000,0.0000,0.0000,57.0000,12.3000
1,3,0,10,5,12,132,7,4887,73508,19,6,0.0000,0.0000,0.0000,57.0000,12.3000
1,3,0,10,7,12,76,14,4887,62105,4,6,0.0000,0.0000,0.0000,57.0000,12.3000
1,3,0,10,6,12,99,3,4887,75506,13,6,0.0000,0.0000,0.0000,57.0000,12.3000
1,3,0,10,5,12,187,3,4887,75506,8,6,0.0000,0.0000,0.0000,57.0000,12.3000
1,3,0,11,6,7,70,14,4887,62105,1,6,0.0000,0.0000,0.0000,57.0000,12.3000
1,3,0,10,5,12,70,14,4887,62105,1,6,0.0000,0.0000,0.0000,57.0000,12.3000
1,3,0,10,1,12,173,17,4887,46218,3,6,0.0000,0.0000,0.0000,57.0000,12.3000
1,3,0,12,6,11,76,12,4887,17869,5,6,0.0000,0.0000,0.0000,57.0000,12.3000
1,3,0,14,5,11,181,3,4887,75506,4,6,0.0000,0.0000,0.0000,57.0000,12.3000
1,3,0,8,1,15,172,3,4887,75506,9,6,0.0000,0.0000,0.0000,57.0000,12.3000
1,3,1,15,1,8,173,17,4887,46218,5,6,0.0000,0.0000,0.0000,57.0000,12.3000
1,3,1,12,7,11,173,17,4887,46218,7,6,0.0000,0.0000,0.0000,57.0000,12.3000
1,3,0,12,4,11,173,17,4887,46218,5,6,0.0000,0.0000,0.0000,57.0000,12.3000
1,3,0,5,1,5,179,17,4887,46218,1,6,0.0000,0.0000,0.0000,57.0000,12.3000
1,3,1,7,4,8,76,13,4887,24623,4,6,0.0000,0.0000,0.0000,57.0000,12.3000
1,3,0,8,1,15,76,13,4887,24623,2,6,0.0000,0.0000,0.0000,57.0000,12.3000
1,3,0,13,5,13,110,7,4887,73508,17,6,0.0000,0.0000,0.0000,57.0000,12.3000
1,3,0,10,1,12,172,3,4887,75506,10,6,0.0000,0.0000,0.0000,57.0000,12.3000
1,3,0,8,4,15,191,7,4887,73508,1,6,0.0000,0.0000,0.0000,57.0000,12.3000
1,3,0,14,4,11,143,15,4887,107363,15,6,0.0000,0.0000,0.0000,57.0000,12.3000
1,3,0,10,1,12,143,15,4887,107363,20,6,0.0000,0.0000,0.0000,57.0000,12.3000
1,3,0,8,1,15,175,15,4887,107363,6,6,0.0000,0.0000,0.0000,57.0000,12.3000
1,3,0,11,2,7,143,15,4887,107363,12,6,0.0000,0.0000,0.0000,57.0000,12.3000
1,3,0,6,4,8,143,15,4887,107363,10,6,0.0000,0.0000,0.0000,57.0000,12.3000
1,3,0,7,4,8,143,15,4887,107363,8,6,0.0000,0.0000,0.0000,57.0000,12.3000
1,3,0,10,1,12,143,15,4887,107363,8,6,0.0000,0.0000,0.0000,57.0000,12.3000
1,3,0,7,1,8,143,15,4887,107363,12,6,0.0000,0.0000,0.0000,57.0000,12.3000
1,3,0,9,1,8,175,15,4887,107363,5,6,0.0000,0.0000,0.0000,57.0000,12.3000
1,3,0,8,5,15,143,15,4887,107363,12,6,0.0000,0.0000,0.0000,57.0000,12.3000
1,3,0,13,7,13,143,15,4887,107363,19,6,0.0000,0.0000,0.0000,57.0000,12.3000
1,3,1,8,4,15,175,15,4887,107363,1,6,0.0000,0.0000,0.0000,57.0000,12.3000
1,3,1,14,4,11,175,15,4887,107363,1,6,0.0000,0.0000,0.0000,57.0000,12.3000
1,3,0,6,4,8,143,15,4887,107363,20,6,0.0000,0.0000,0.0000,57.0000,12.3000
1,3,0,10,4,12,143,15,4887,107363,15,6,0.0000,0.0000,0.0000,57.0000,12.3000
1,3,1,11,5,7,150,9,4887,9496,13,6,0.0000,0.0000,0.0000,57.0000,12.3000
1,3,1,7,6,8,186,9,4887,9496,1,6,0.0000,0.0000,0.0000,57.0000,12.3000
1,3,0,8,4,15,180,9,4887,9496,8,6,0.0000,0.0000,0.0000,57.0000,12.3000
1,3,1,13,1,13,143,15,4887,107363,13,6,0.0000,0.0000,0.0000,57.0000,12.3000
1,3,0,16,1,4,175,15,4887,107363,6,6,0.0000,0.0000,0.0000,57.0000,12.3000
1,3,0,12,6,11,175,15,4887,107363,3,6,0.0000,0.0000,0.0000,57.0000,12.3000
1,3,1,13,7,13,175,15,4887,107363,1,6,0.0000,0.0000,0.0000,57.0000,12.3000
1,3,0,12,6,11,143,15,4887,107363,11,6,0.0000,0.0000,0.0000,57.0000,12.3000
1,3,1,13,4,13,175,15,4887,107363,7,6,0.0000,0.0000,0.0000,57.0000,12.3000
1,3,0,12,4,11,143,15,4887,107363,14,6,0.0000,0.0000,0.0000,57.0000,12.3000
1,3,1,9,5,8,143,15,4887,107363,14,6,0.0000,0.0000,0.0000,57.0000,12.3000
1,3,0,12,5,11,175,15,4887,107363,3,6,0.0000,0.0000,0.0000,57.0000,12.3000
1,3,0,11,3,7,143,15,4887,107363,17,6,0.0000,0.0000,0.0000,57.0000,12.3000
1,3,0,13,6,13,143,15,4887,107363,8,6,0.0000,0.0000,0.0000,57.0000,12.3000
1,3,0,16,5,4,143,15,4887,107363,11,6,0.0000,0.0000,0.0000,57.0000,12.3000
1,3,1,13,7,13,157,7,4887,73508,28,6,0.0000,0.0000,0.0000,57.0000,12.3000
1,3,0,15,5,8,160,7,4887,73508,19,6,0.0000,0.0000,0.0000,57.0000,12.3000
1,3,0,14,5,11,132,7,4887,73508,17,6,0.0000,0.0000,0.0000,57.0000,12.3000
1,3,1,14,4,11,191,7,4887,73508,3,6,0.0000,0.0000,0.0000,57.0000,12.3000
1,3,1,11,4,7,191,7,4887,73508,3,6,0.0000,0.0000,0.0000,57.0000,12.3000
1,3,0,14,1,11,181,3,4887,75506,4,6,0.0000,0.0000,0.0000,57.0000,12.3000
1,3,1,14,7,11,150,11,4887,23463,18,6,0.0000,0.0000,0.0000,57.0000,12.3000
1,3,0,12,5,11,162,11,4887,23463,11,6,0.0000,0.0000,0.0000,57.0000,12.3000
1,3,0,14,7,11,173,17,4887,46218,6,6,0.0000,0.0000,0.0000,57.0000,12.3000
1,3,0,13,1,13,173,17,4887,46218,4,6,0.0000,0.0000,0.0000,57.0000,12.3000
1,3,0,14,5,11,76,14,4887,62105,5,6,0.0000,0.0000,0.0000,57.0000,12.3000
1,3,0,16,5,4,186,9,4887,9496,2,6,0.0000,0.0000,0.0000,57.0000,12.3000
1,3,0,12,1,11,143,15,4887,107363,12,6,0.0000,0.0000,0.0000,57.0000,12.3000
1,3,0,15,1,8,143,15,4887,107363,12,6,0.0000,0.0000,0.0000,57.0000,12.3000
1,3,1,17,5,3,143,15,4887,107363,18,6,0.0000,0.0000,0.0000,57.0000,12.3000
1,3,1,13,4,13,143,15,4887,107363,13,6,0.0000,0.0000,0.0000,57.0000,12.3000
1,3,1,14,4,11,172,3,4887,75506,9,6,0.0000,0.0000,0.0000,57.0000,12.3000
1,3,0,13,5,13,128,3,4887,75506,19,6,0.0000,0.0000,0.0000,57.0000,12.3000
1,3,0,15,1,8,160,3,4887,75506,8,6,0.0000,0.0000,0.0000,57.0000,12.3000
1,3,0,15,5,8,76,14,4887,62105,2,6,0.0000,0.0000,0.0000,57.0000,12.3000
1,3,0,11,4,7,128,3,4887,75506,21,6,0.0000,0.0000,0.0000,57.0000,12.3000
1,3,0,17,3,3,143,15,4887,107363,13,6,0.0000,0.0000,0.0000,57.0000,12.3000
1,3,0,13,1,13,143,15,4887,107363,18,6,0.0000,0.0000,0.0000,57.0000,12.3000
1,3,1,15,4,8,143,15,4887,107363,18,6,0.0000,0.0000,0.0000,57.0000,12.3000
1,3,0,17,1,3,143,15,4887,107363,16,6,0.0000,0.0000,0.0000,57.0000,12.3000
1,3,0,16,5,4,143,15,4887,107363,13,6,0.0000,0.0000,0.0000,57.0000,12.3000
1,3,0,14,2,11,143,15,4887,107363,16,6,0.0000,0.0000,0.0000,57.0000,12.3000
1,5,0,13,4,40,110,7,11956,73508,20,50,0.0000,0.0000,0.0000,66.0000,9.1700
1,5,0,10,7,25,160,7,11956,73508,19,50,0.0000,0.0000,0.0000,66.0000,9.1700
1,5,0,2,7,29,160,7,11956,73508,18,50,0.0000,0.0000,0.0000,66.0000,9.1700
1,5,0,13,4,40,180,7,11956,73508,6,50,0.0000,0.0000,0.0000,66.0000,9.1700
1,5,0,4,6,31,191,7,11956,73508,3,50,0.0000,0.0000,0.0000,66.0000,9.1700
1,5,0,2,6,29,180,7,11956,73508,4,50,0.0000,0.0000,0.0000,66.0000,9.1700
1,5,0,5,6,23,199,7,11956,73508,27,50,0.0000,0.0000,0.0000,66.0000,9.1700
1,5,0,2,5,29,157,7,11956,73508,27,50,0.0000,0.0000,0.0000,66.0000,9.1700
1,5,0,2,4,29,157,7,11956,73508,22,50,0.0000,0.0000,0.0000,66.0000,9.1700
1,5,1,2,2,29,158,7,11956,73508,21,50,0.0000,0.0000,0.0000,66.0000,9.1700
1,5,0,2,2,29,157,7,11956,73508,28,50,0.0000,0.0000,0.0000,66.0000,9.1700
1,5,0,9,2,27,132,7,11956,73508,16,50,0.0000,0.0000,0.0000,66.0000,9.1700
1,5,0,5,6,23,199,7,11956,73508,19,50,0.0000,0.0000,0.0000,66.0000,9.1700
1,5,0,4,4,31,132,7,11956,73508,18,50,0.0000,0.0000,0.0000,66.0000,9.1700
1,5,0,13,7,40,157,7,11956,73508,29,50,0.0000,0.0000,0.0000,66.0000,9.1700
1,5,0,4,6,31,234,7,11956,73508,17,50,0.0000,0.0000,0.0000,66.0000,9.1700
1,5,0,2,6,29,234,7,11956,73508,17,50,0.0000,0.0000,0.0000,66.0000,9.1700
1,5,0,4,3,31,180,7,11956,73508,2,50,0.0000,0.0000,0.0000,66.0000,9.1700
1,5,0,6,4,23,132,7,11956,73508,18,50,0.0000,0.0000,0.0000,66.0000,9.1700
1,5,0,8,2,24,158,7,11956,73508,24,50,0.0000,0.0000,0.0000,66.0000,9.1700
1,5,0,3,6,16,180,7,11956,73508,5,50,0.0000,0.0000,0.0000,66.0000,9.1700
1,5,0,4,4,31,143,15,11956,107363,15,50,0.0000,0.0000,0.0000,66.0000,9.1700
1,5,0,2,4,29,143,15,11956,107363,21,50,0.0000,0.0000,0.0000,66.0000,9.1700
1,5,0,2,4,29,175,15,11956,107363,1,50,0.0000,0.0000,0.0000,66.0000,9.1700
1,5,0,2,3,29,143,15,11956,107363,15,50,0.0000,0.0000,0.0000,66.0000,9.1700
1,5,0,4,3,31,143,15,11956,107363,15,50,0.0000,0.0000,0.0000,66.0000,9.1700
1,5,0,3,2,16,143,15,11956,107363,12,50,0.0000,0.0000,0.0000,66.0000,9.1700
1,5,0,4,6,31,175,15,11956,107363,2,50,0.0000,0.0000,0.0000,66.0000,9.1700
1,5,0,2,2,29,143,15,11956,107363,15,50,0.0000,0.0000,0.0000,66.0000,9.1700
1,5,0,1,3,8,180,9,11956,9496,11,50,0.0000,0.0000,0.0000,66.0000,9.1700
1,5,0,7,2,38,50,14,11956,62105,18,50,0.0000,0.0000,0.0000,66.0000,9.1700
1,5,0,11,1,34,50,14,11956,62105,18,50,0.0000,0.0000,0.0000,66.0000,9.1700
1,5,1,7,5,38,76,14,11956,62105,13,50,0.0000,0.0000,0.0000,66.0000,9.1700
1,5,0,7,2,38,76,14,11956,62105,12,50,0.0000,0.0000,0.0000,66.0000,9.1700
1,5,0,2,4,29,160,3,11956,75506,6,50,0.0000,0.0000,0.0000,66.0000,9.1700
1,5,0,1,2,8,160,3,11956,75506,6,50,0.0000,0.0000,0.0000,66.0000,9.1700
1,5,0,1,5,8,162,11,11956,23463,16,50,0.0000,0.0000,0.0000,66.0000,9.1700
1,5,0,3,6,16,178,16,11956,15023,7,50,0.0000,0.0000,0.0000,66.0000,9.1700
1,5,0,2,6,29,178,16,11956,15023,5,50,0.0000,0.0000,0.0000,66.0000,9.1700
1,5,0,3,2,16,160,3,11956,75506,18,50,0.0000,0.0000,0.0000,66.0000,9.1700
1,5,0,6,5,23,76,12,11956,17869,2,50,0.0000,0.0000,0.0000,66.0000,9.1700
1,5,1,15,6,27,180,7,11956,73508,3,50,0.0000,0.0000,0.0000,66.0000,9.1700
1,5,0,2,5,29,158,7,11956,73508,23,50,0.0000,0.0000,0.0000,66.0000,9.1700
1,5,0,4,6,31,180,7,11956,73508,1,50,0.0000,0.0000,0.0000,66.0000,9.1700
1,5,0,6,4,23,158,7,11956,73508,24,50,0.0000,0.0000,0.0000,66.0000,9.1700
1,5,0,7,6,38,180,7,11956,73508,1,50,0.0000,0.0000,0.0000,66.0000,9.1700
1,5,0,3,3,16,158,7,11956,73508,20,50,0.0000,0.0000,0.0000,66.0000,9.1700
1,5,0,16,6,46,180,7,11956,73508,3,50,0.0000,0.0000,0.0000,66.0000,9.1700
1,5,0,8,4,24,110,7,11956,73508,17,50,0.0000,0.0000,0.0000,66.0000,9.1700
1,5,0,2,6,29,160,7,11956,73508,18,50,0.0000,0.0000,0.0000,66.0000,9.1700
1,5,0,3,4,16,193,7,11956,73508,15,50,0.0000,0.0000,0.0000,66.0000,9.1700
1,5,0,2,4,29,191,7,11956,73508,2,50,0.0000,0.0000,0.0000,66.0000,9.1700
1,5,0,4,4,31,191,7,11956,73508,3,50,0.0000,0.0000,0.0000,66.0000,9.1700
1,5,0,1,4,8,191,7,11956,73508,2,50,0.0000,0.0000,0.0000,66.0000,9.1700
1,5,0,2,6,29,181,1,11956,20315,1,50,0.0000,0.0000,0.0000,66.0000,9.1700
1,5,0,1,5,8,76,12,11956,17869,2,50,0.0000,0.0000,0.0000,66.0000,9.1700
1,5,0,1,3,8,173,17,11956,46218,5,50,0.0000,0.0000,0.0000,66.0000,9.1700
1,5,0,11,3,34,76,8,11956,19857,5,50,0.0000,0.0000,0.0000,66.0000,9.1700
1,5,0,5,3,23,154,17,11956,46218,21,50,0.0000,0.0000,0.0000,66.0000,9.1700
1,5,0,3,2,16,154,17,11956,46218,2,50,0.0000,0.0000,0.0000,66.0000,9.1700
1,5,0,2,2,29,173,17,11956,46218,7,50,0.0000,0.0000,0.0000,66.0000,9.1700
1,5,0,1,6,8,178,16,11956,15023,5,50,0.0000,0.0000,0.0000,66.0000,9.1700
1,5,0,4,4,31,160,3,11956,75506,2,50,0.0000,0.0000,0.0000,66.0000,9.1700
1,5,0,3,5,16,76,12,11956,17869,4,50,0.0000,0.0000,0.0000,66.0000,9.1700
1,5,0,3,3,16,76,8,11956,19857,5,50,0.0000,0.0000,0.0000,66.0000,9.1700
1,5,0,2,5,29,70,13,11956,24623,14,50,0.0000,0.0000,0.0000,66.0000,9.1700
1,5,0,2,4,29,99,3,11956,75506,11,50,0.0000,0.0000,0.0000,66.0000,9.1700
1,5,0,3,1,16,76,8,11956,19857,6,50,0.0000,0.0000,0.0000,66.0000,9.1700
1,5,0,2,4,29,76,13,11956,24623,11,50,0.0000,0.0000,0.0000,66.0000,9.1700
1,5,0,2,5,29,76,8,11956,19857,10,50,0.0000,0.0000,0.0000,66.0000,9.1700
1,5,0,2,4,29,187,3,11956,75506,10,50,0.0000,0.0000,0.0000,66.0000,9.1700
1,5,0,3,5,16,76,13,11956,24623,5,50,0.0000,0.0000,0.0000,66.0000,9.1700
1,5,1,18,1,15,76,8,11956,19857,12,50,0.0000,0.0000,0.0000,66.0000,9.1700
1,5,0,1,7,8,160,3,11956,75506,18,50,0.0000,0.0000,0.0000,66.0000,9.1700
1,5,0,5,5,23,132,7,11956,73508,19,50,0.0000,0.0000,0.0000,66.0000,9.1700
1,5,1,16,2,46,158,7,11956,73508,23,50,0.0000,0.0000,0.0000,66.0000,9.1700
1,5,0,7,11,38,293,7,11956,73508,4,50,0.0000,0.0000,0.0000,66.0000,9.1700
1,5,0,2,6,29,160,7,11956,73508,19,50,0.0000,0.0000,0.0000,66.0000,9.1700
1,5,0,16,4,46,158,7,11956,73508,24,50,0.0000,0.0000,0.0000,66.0000,9.1700
1,5,0,4,4,31,110,7,11956,73508,14,50,0.0000,0.0000,0.0000,66.0000,9.1700
1,5,0,8,4,24,110,7,11956,73508,19,50,0.0000,0.0000,0.0000,66.0000,9.1700
1,5,0,5,4,23,158,7,11956,73508,23,50,0.0000,0.0000,0.0000,66.0000,9.1700
1,5,0,5,6,23,180,7,11956,73508,5,50,0.0000,0.0000,0.0000,66.0000,9.1700
1,5,0,5,4,23,180,7,11956,73508,1,50,0.0000,0.0000,0.0000,66.0000,9.1700
1,5,0,9,4,27,180,7,11956,73508,6,50,0.0000,0.0000,0.0000,66.0000,9.1700
1,5,0,7,6,38,180,7,11956,73508,1,50,0.0000,0.0000,0.0000,66.0000,9.1700
1,5,0,7,3,38,158,7,11956,73508,24,50,0.0000,0.0000,0.0000,66.0000,9.1700
1,5,0,7,4,38,110,7,11956,73508,19,50,0.0000,0.0000,0.0000,66.0000,9.1700
1,5,0,3,4,16,110,7,11956,73508,18,50,0.0000,0.0000,0.0000,66.0000,9.1700
1,5,0,16,1,46,160,7,11956,73508,21,50,0.0000,0.0000,0.0000,66.0000,9.1700
1,5,1,5,3,23,158,7,11956,73508,21,50,0.0000,0.0000,0.0000,66.0000,9.1700
1,5,0,6,5,23,157,7,11956,73508,21,50,0.0000,0.0000,0.0000,66.0000,9.1700
1,5,0,10,5,25,110,7,11956,73508,19,50,0.0000,0.0000,0.0000,66.0000,9.1700
1,5,0,10,6,25,180,7,11956,73508,1,50,0.0000,0.0000,0.0000,66.0000,9.1700
1,5,0,5,3,23,110,7,11956,73508,18,50,0.0000,0.0000,0.0000,66.0000,9.1700
1,5,0,6,2,23,110,7,11956,73508,18,50,0.0000,0.0000,0.0000,66.0000,9.1700
1,5,0,4,7,31,180,7,11956,73508,4,50,0.0000,0.0000,0.0000,66.0000,9.1700
1,5,0,7,6,38,191,7,11956,73508,1,50,0.0000,0.0000,0.0000,66.0000,9.1700
1,5,0,10,5,25,76,12,11956,17869,2,50,0.0000,0.0000,0.0000,66.0000,9.1700
1,5,0,8,4,24,76,12,11956,17869,4,50,0.0000,0.0000,0.0000,66.0000,9.1700
1,5,0,6,5,23,162,11,11956,23463,18,50,0.0000,0.0000,0.0000,66.0000,9.1700
1,5,0,6,3,23,76,8,11956,19857,10,50,0.0000,0.0000,0.0000,66.0000,9.1700
1,5,0,7,6,38,76,8,11956,19857,11,50,0.0000,0.0000,0.0000,66.0000,9.1700
1,5,0,5,5,23,76,8,11956,19857,5,50,0.0000,0.0000,0.0000,66.0000,9.1700
1,5,0,8,1,24,50,8,11956,19857,14,50,0.0000,0.0000,0.0000,66.0000,9.1700
1,5,0,4,3,31,69,13,11956,24623,13,50,0.0000,0.0000,0.0000,66.0000,9.1700
1,5,0,4,3,31,76,8,11956,19857,5,50,0.0000,0.0000,0.0000,66.0000,9.1700
1,5,0,4,6,31,182,16,11956,15023,1,50,0.0000,0.0000,0.0000,66.0000,9.1700
1,5,0,6,6,23,228,16,11956,15023,2,50,0.0000,0.0000,0.0000,66.0000,9.1700
1,5,0,14,5,14,76,14,11956,62105,12,50,0.0000,0.0000,0.0000,66.0000,9.1700
1,5,0,9,5,27,76,14,11956,62105,10,50,0.0000,0.0000,0.0000,66.0000,9.1700
1,5,0,7,1,38,50,14,11956,62105,16,50,0.0000,0.0000,0.0000,66.0000,9.1700
1,5,0,7,2,38,50,14,11956,62105,16,50,0.0000,0.0000,0.0000,66.0000,9.1700
1,5,0,4,3,31,70,14,11956,62105,1,50,0.0000,0.0000,0.0000,66.0000,9.1700
1,5,0,5,2,23,76,14,11956,62105,12,50,0.0000,0.0000,0.0000,66.0000,9.1700
1,5,0,5,2,23,70,14,11956,62105,1,50,0.0000,0.0000,0.0000,66.0000,9.1700
1,5,0,16,2,46,76,14,11956,62105,12,50,0.0000,0.0000,0.0000,66.0000,9.1700
1,5,0,5,2,23,70,14,11956,62105,1,50,0.0000,0.0000,0.0000,66.0000,9.1700
1,5,0,9,1,27,76,14,11956,62105,13,50,0.0000,0.0000,0.0000,66.0000,9.1700
1,5,0,7,1,38,50,14,11956,62105,18,50,0.0000,0.0000,0.0000,66.0000,9.1700
1,5,0,5,1,23,50,14,11956,62105,16,50,0.0000,0.0000,0.0000,66.0000,9.1700
1,5,0,5,2,23,50,14,11956,62105,16,50,0.0000,0.0000,0.0000,66.0000,9.1700
1,5,0,4,3,31,66,14,11956,62105,8,50,0.0000,0.0000,0.0000,66.0000,9.1700
1,5,0,4,3,31,76,14,11956,62105,11,50,0.0000,0.0000,0.0000,66.0000,9.1700
1,5,0,7,3,38,50,14,11956,62105,18,50,0.0000,0.0000,0.0000,66.0000,9.1700
1,5,0,7,3,38,66,14,11956,62105,17,50,0.0000,0.0000,0.0000,66.0000,9.1700
1,5,0,6,3,23,76,14,11956,62105,13,50,0.0000,0.0000,0.0000,66.0000,9.1700
1,5,0,6,1,23,129,14,11956,62105,11,50,0.0000,0.0000,0.0000,66.0000,9.1700
1,5,0,5,4,23,70,14,11956,62105,1,50,0.0000,0.0000,0.0000,66.0000,9.1700
1,5,0,8,4,24,70,14,11956,62105,1,50,0.0000,0.0000,0.0000,66.0000,9.1700
1,5,0,4,2,31,50,14,11956,62105,19,50,0.0000,0.0000,0.0000,66.0000,9.1700
1,5,0,3,5,16,76,14,11956,62105,13,50,0.0000,0.0000,0.0000,66.0000,9.1700
1,5,0,7,5,38,76,14,11956,62105,12,50,0.0000,0.0000,0.0000,66.0000,9.1700
1,5,0,4,2,31,50,14,11956,62105,16,50,0.0000,0.0000,0.0000,66.0000,9.1700
1,5,0,4,2,31,66,14,11956,62105,8,50,0.0000,0.0000,0.0000,66.0000,9.1700
1,5,0,4,2,31,76,14,11956,62105,11,50,0.0000,0.0000,0.0000,66.0000,9.1700
1,5,0,2,2,29,66,14,11956,62105,17,50,0.0000,0.0000,0.0000,66.0000,9.1700
1,5,0,6,2,23,66,14,11956,62105,13,50,0.0000,0.0000,0.0000,66.0000,9.1700
1,5,0,6,1,23,66,14,11956,62105,13,50,0.0000,0.0000,0.0000,66.0000,9.1700
1,5,0,6,2,23,50,14,11956,62105,19,50,0.0000,0.0000,0.0000,66.0000,9.1700
1,5,0,6,3,23,50,14,11956,62105,16,50,0.0000,0.0000,0.0000,66.0000,9.1700
1,5,0,7,5,38,76,14,11956,62105,13,50,0.0000,0.0000,0.0000,66.0000,9.1700
1,5,0,5,1,23,50,14,11956,62105,16,50,0.0000,0.0000,0.0000,66.0000,9.1700
1,5,0,4,7,31,76,14,11956,62105,2,50,0.0000,0.0000,0.0000,66.0000,9.1700
1,5,0,9,1,27,50,14,11956,62105,16,50,0.0000,0.0000,0.0000,66.0000,9.1700
1,5,0,4,1,31,76,14,11956,62105,13,50,0.0000,0.0000,0.0000,66.0000,9.1700
1,5,0,8,1,24,50,14,11956,62105,14,50,0.0000,0.0000,0.0000,66.0000,9.1700
1,5,0,5,1,23,50,14,11956,62105,15,50,0.0000,0.0000,0.0000,66.0000,9.1700
1,5,0,7,1,38,50,14,11956,62105,16,50,0.0000,0.0000,0.0000,66.0000,9.1700
1,5,0,7,1,38,50,14,11956,62105,18,50,0.0000,0.0000,0.0000,66.0000,9.1700
1,5,0,7,2,38,50,14,11956,62105,17,50,0.0000,0.0000,0.0000,66.0000,9.1700
1,5,0,4,2,31,50,14,11956,62105,17,50,0.0000,0.0000,0.0000,66.0000,9.1700
1,5,0,5,5,23,157,7,11956,73508,18,50,0.0000,0.0000,0.0000,66.0000,9.1700
1,5,0,9,5,27,180,7,11956,73508,4,50,0.0000,0.0000,0.0000,66.0000,9.1700
1,5,0,8,7,24,157,7,11956,73508,20,50,0.0000,0.0000,0.0000,66.0000,9.1700
1,5,0,9,6,27,191,7,11956,73508,1,50,0.0000,0.0000,0.0000,66.0000,9.1700
1,5,0,7,7,38,132,7,11956,73508,20,50,0.0000,0.0000,0.0000,66.0000,9.1700
1,5,1,5,5,23,157,7,11956,73508,21,50,0.0000,0.0000,0.0000,66.0000,9.1700
1,5,0,4,7,31,157,7,11956,73508,20,50,0.0000,0.0000,0.0000,66.0000,9.1700
1,5,0,9,2,27,132,7,11956,73508,18,50,0.0000,0.0000,0.0000,66.0000,9.1700
1,5,0,2,2,29,132,7,11956,73508,17,50,0.0000,0.0000,0.0000,66.0000,9.1700
1,5,0,7,6,38,199,7,11956,73508,23,50,0.0000,0.0000,0.0000,66.0000,9.1700
1,5,0,10,4,25,180,7,11956,73508,2,50,0.0000,0.0000,0.0000,66.0000,9.1700
1,5,0,6,5,23,110,7,11956,73508,17,50,0.0000,0.0000,0.0000,66.0000,9.1700
1,5,0,6,6,23,180,7,11956,73508,1,50,0.0000,0.0000,0.0000,66.0000,9.1700
1,5,0,4,2,31,110,7,11956,73508,17,50,0.0000,0.0000,0.0000,66.0000,9.1700
1,5,0,7,6,38,158,7,11956,73508,22,50,0.0000,0.0000,0.0000,66.0000,9.1700
1,5,0,10,6,25,199,7,11956,73508,23,50,0.0000,0.0000,0.0000,66.0000,9.1700
1,5,0,6,3,23,157,7,11956,73508,28,50,0.0000,0.0000,0.0000,66.0000,9.1700
1,5,0,6,5,23,160,7,11956,73508,6,50,0.0000,0.0000,0.0000,66.0000,9.1700
1,5,0,13,6,40,199,7,11956,73508,23,50,0.0000,0.0000,0.0000,66.0000,9.1700
1,5,0,9,6,27,180,7,11956,73508,3,50,0.0000,0.0000,0.0000,66.0000,9.1700
1,5,0,2,5,29,191,7,11956,73508,1,50,0.0000,0.0000,0.0000,66.0000,9.1700
1,5,0,9,2,27,180,7,11956,73508,4,50,0.0000,0.0000,0.0000,66.0000,9.1700
1,5,0,8,4,24,191,7,11956,73508,3,50,0.0000,0.0000,0.0000,66.0000,9.1700
1,5,0,2,3,29,191,7,11956,73508,2,50,0.0000,0.0000,0.0000,66.0000,9.1700
1,5,0,2,2,29,180,7,11956,73508,2,50,0.0000,0.0000,0.0000,66.0000,9.1700
1,5,0,15,5,27,132,7,11956,73508,19,50,0.0000,0.0000,0.0000,66.0000,9.1700
1,5,0,4,2,31,110,7,11956,73508,19,50,0.0000,0.0000,0.0000,66.0000,9.1700
1,5,0,4,7,31,199,7,11956,73508,26,50,0.0000,0.0000,0.0000,66.0000,9.1700
1,5,1,3,4,16,110,7,11956,73508,18,50,0.0000,0.0000,0.0000,66.0000,9.1700
1,5,0,6,6,23,234,7,11956,73508,16,50,0.0000,0.0000,0.0000,66.0000,9.1700
1,5,0,4,7,31,180,7,11956,73508,3,50,0.0000,0.0000,0.0000,66.0000,9.1700
1,5,0,7,7,38,180,7,11956,73508,3,50,0.0000,0.0000,0.0000,66.0000,9.1700
1,5,0,8,6,24,234,7,11956,73508,17,50,0.0000,0.0000,0.0000,66.0000,9.1700
1,5,0,7,7,38,234,7,11956,73508,16,50,0.0000,0.0000,0.0000,66.0000,9.1700
1,5,0,3,6,16,199,7,11956,73508,24,50,0.0000,0.0000,0.0000,66.0000,9.1700
1,5,0,8,4,24,110,7,11956,73508,19,50,0.0000,0.0000,0.0000,66.0000,9.1700
1,5,0,7,6,38,157,7,11956,73508,27,50,0.0000,0.0000,0.0000,66.0000,9.1700
1,5,0,7,4,38,182,16,11956,15023,1,50,0.0000,0.0000,0.0000,66.0000,9.1700
1,5,0,6,6,23,230,9,11956,9496,1,50,0.0000,0.0000,0.0000,66.0000,9.1700
1,5,1,5,2,23,187,3,11956,75506,11,50,0.0000,0.0000,0.0000,66.0000,9.1700
1,5,0,5,4,23,76,8,11956,19857,5,50,0.0000,0.0000,0.0000,66.0000,9.1700
1,5,0,5,5,23,76,8,11956,19857,12,50,0.0000,0.0000,0.0000,66.0000,9.1700
1,5,0,7,4,38,76,8,11956,19857,11,50,0.0000,0.0000,0.0000,66.0000,9.1700
1,5,0,10,6,25,160,3,11956,75506,5,50,0.0000,0.0000,0.0000,66.0000,9.1700
1,5,0,7,4,38,160,3,11956,75506,8,50,0.0000,0.0000,0.0000,66.0000,9.1700
1,5,0,3,4,16,76,8,11956,19857,12,50,0.0000,0.0000,0.0000,66.0000,9.1700
1,5,0,4,3,31,76,8,11956,19857,5,50,0.0000,0.0000,0.0000,66.0000,9.1700
1,5,0,6,1,23,76,8,11956,19857,10,50,0.0000,0.0000,0.0000,66.0000,9.1700
1,5,1,11,5,34,70,13,11956,24623,14,50,0.0000,0.0000,0.0000,66.0000,9.1700
1,5,1,8,5,24,76,13,11956,24623,4,50,0.0000,0.0000,0.0000,66.0000,9.1700
1,5,0,6,2,23,76,13,11956,24623,2,50,0.0000,0.0000,0.0000,66.0000,9.1700
1,5,0,7,2,38,70,13,11956,24623,15,50,0.0000,0.0000,0.0000,66.0000,9.1700
1,5,0,10,4,25,160,3,11956,75506,2,50,0.0000,0.0000,0.0000,66.0000,9.1700
1,5,0,9,2,27,173,17,11956,46218,3,50,0.0000,0.0000,0.0000,66.0000,9.1700
1,5,0,13,4,40,187,3,11956,75506,5,50,0.0000,0.0000,0.0000,66.0000,9.1700
1,5,0,8,4,24,160,3,11956,75506,5,50,0.0000,0.0000,0.0000,66.0000,9.1700
1,5,0,9,5,27,145,16,11956,15023,11,50,0.0000,0.0000,0.0000,66.0000,9.1700
1,5,0,14,2,14,142,17,11956,46218,19,50,0.0000,0.0000,0.0000,66.0000,9.1700
1,5,0,12,3,14,154,17,11956,46218,15,50,0.0000,0.0000,0.0000,66.0000,9.1700
1,5,0,15,2,27,160,3,11956,75506,5,50,0.0000,0.0000,0.0000,66.0000,9.1700
1,5,0,8,7,24,76,13,11956,24623,5,50,0.0000,0.0000,0.0000,66.0000,9.1700
1,5,0,12,7,14,180,7,11956,73508,4,50,0.0000,0.0000,0.0000,66.0000,9.1700
1,5,0,14,7,14,180,7,11956,73508,1,50,0.0000,0.0000,0.0000,66.0000,9.1700
1,5,0,14,6,14,180,7,11956,73508,5,50,0.0000,0.0000,0.0000,66.0000,9.1700
1,5,0,14,6,14,234,7,11956,73508,17,50,0.0000,0.0000,0.0000,66.0000,9.1700
1,5,0,13,7,40,180,7,11956,73508,5,50,0.0000,0.0000,0.0000,66.0000,9.1700
1,5,0,13,7,40,132,7,11956,73508,16,50,0.0000,0.0000,0.0000,66.0000,9.1700
1,5,0,7,4,38,191,7,11956,73508,2,50,0.0000,0.0000,0.0000,66.0000,9.1700
1,5,0,12,6,14,234,7,11956,73508,17,50,0.0000,0.0000,0.0000,66.0000,9.1700
1,5,0,14,6,14,234,7,11956,73508,16,50,0.0000,0.0000,0.0000,66.0000,9.1700
1,5,0,15,7,27,160,7,11956,73508,18,50,0.0000,0.0000,0.0000,66.0000,9.1700
1,5,0,11,4,34,157,7,11956,73508,27,50,0.0000,0.0000,0.0000,66.0000,9.1700
1,5,0,16,1,46,199,7,11956,73508,27,50,0.0000,0.0000,0.0000,66.0000,9.1700
1,5,0,7,5,38,158,7,11956,73508,21,50,0.0000,0.0000,0.0000,66.0000,9.1700
1,5,0,11,5,34,160,7,11956,73508,19,50,0.0000,0.0000,0.0000,66.0000,9.1700
1,5,1,10,5,25,157,7,11956,73508,22,50,0.0000,0.0000,0.0000,66.0000,9.1700
1,5,0,16,5,46,180,7,11956,73508,1,50,0.0000,0.0000,0.0000,66.0000,9.1700
1,5,0,13,4,40,132,7,11956,73508,18,50,0.0000,0.0000,0.0000,66.0000,9.1700
1,5,0,9,5,27,157,7,11956,73508,27,50,0.0000,0.0000,0.0000,66.0000,9.1700
1,5,0,9,3,27,191,7,11956,73508,2,50,0.0000,0.0000,0.0000,66.0000,9.1700
1,5,0,8,4,24,76,13,11956,24623,12,50,0.0000,0.0000,0.0000,66.0000,9.1700
1,5,0,8,3,24,76,14,11956,62105,11,50,0.0000,0.0000,0.0000,66.0000,9.1700
1,5,0,8,5,24,76,14,11956,62105,12,50,0.0000,0.0000,0.0000,66.0000,9.1700
1,5,0,10,1,25,50,14,11956,62105,15,50,0.0000,0.0000,0.0000,66.0000,9.1700
1,5,0,11,1,34,76,14,11956,62105,12,50,0.0000,0.0000,0.0000,66.0000,9.1700
1,5,0,9,6,27,76,14,11956,62105,1,50,0.0000,0.0000,0.0000,66.0000,9.1700
1,5,0,11,7,34,76,14,11956,62105,2,50,0.0000,0.0000,0.0000,66.0000,9.1700
1,5,0,15,6,27,76,14,11956,62105,13,50,0.0000,0.0000,0.0000,66.0000,9.1700
1,5,0,9,2,27,50,14,11956,62105,16,50,0.0000,0.0000,0.0000,66.0000,9.1700
1,5,0,12,2,14,76,14,11956,62105,12,50,0.0000,0.0000,0.0000,66.0000,9.1700
1,5,0,11,1,34,50,14,11956,62105,18,50,0.0000,0.0000,0.0000,66.0000,9.1700
1,5,0,12,2,14,76,14,11956,62105,5,50,0.0000,0.0000,0.0000,66.0000,9.1700
1,5,0,13,7,40,76,14,11956,62105,4,50,0.0000,0.0000,0.0000,66.0000,9.1700
1,5,0,11,6,34,178,16,11956,15023,7,50,0.0000,0.0000,0.0000,66.0000,9.1700
1,5,0,15,4,27,191,7,11956,73508,3,50,0.0000,0.0000,0.0000,66.0000,9.1700
1,5,0,10,3,25,180,7,11956,73508,2,50,0.0000,0.0000,0.0000,66.0000,9.1700
1,5,0,10,4,25,175,15,11956,107363,1,50,0.0000,0.0000,0.0000,66.0000,9.1700
1,5,0,13,3,40,175,15,11956,107363,3,50,0.0000,0.0000,0.0000,66.0000,9.1700
1,5,0,8,2,24,143,15,11956,107363,18,50,0.0000,0.0000,0.0000,66.0000,9.1700
1,5,1,7,2,38,143,15,11956,107363,15,50,0.0000,0.0000,0.0000,66.0000,9.1700
1,5,0,7,7,38,143,15,11956,107363,8,50,0.0000,0.0000,0.0000,66.0000,9.1700
1,5,0,10,2,25,143,15,11956,107363,13,50,0.0000,0.0000,0.0000,66.0000,9.1700
1,5,0,10,6,25,191,7,11956,73508,1,50,0.0000,0.0000,0.0000,66.0000,9.1700
1,5,0,8,3,24,76,8,11956,19857,5,50,0.0000,0.0000,0.0000,66.0000,9.1700
1,5,0,11,3,34,76,8,11956,19857,6,50,0.0000,0.0000,0.0000,66.0000,9.1700
1,5,0,10,1,25,76,8,11956,19857,10,50,0.0000,0.0000,0.0000,66.0000,9.1700
1,5,0,7,4,38,99,3,11956,75506,12,50,0.0000,0.0000,0.0000,66.0000,9.1700
1,5,1,11,5,34,76,8,11956,19857,5,50,0.0000,0.0000,0.0000,66.0000,9.1700
1,5,0,14,4,14,160,3,11956,75506,19,50,0.0000,0.0000,0.0000,66.0000,9.1700
1,5,1,8,4,24,157,7,11956,73508,20,50,0.0000,0.0000,0.0000,66.0000,9.1700
1,5,0,16,3,46,110,7,11956,73508,17,50,0.0000,0.0000,0.0000,66.0000,9.1700
1,5,0,7,4,38,157,7,11956,73508,28,50,0.0000,0.0000,0.0000,66.0000,9.1700
1,5,0,9,2,27,157,7,11956,73508,21,50,0.0000,0.0000,0.0000,66.0000,9.1700
1,5,0,11,3,34,160,7,11956,73508,17,50,0.0000,0.0000,0.0000,66.0000,9.1700
1,5,1,14,3,14,180,7,11956,73508,2,50,0.0000,0.0000,0.0000,66.0000,9.1700
1,5,0,7,3,38,150,9,11956,9496,15,50,0.0000,0.0000,0.0000,66.0000,9.1700
1,5,1,10,6,25,230,9,11956,9496,3,50,0.0000,0.0000,0.0000,66.0000,9.1700
1,5,0,6,2,23,160,3,11956,75506,19,50,0.0000,0.0000,0.0000,66.0000,9.1700
1,5,0,12,6,14,181,1,11956,20315,3,50,0.0000,0.0000,0.0000,66.0000,9.1700
1,5,0,12,6,14,182,16,11956,15023,1,50,0.0000,0.0000,0.0000,66.0000,9.1700
1,5,0,14,6,14,160,3,11956,75506,7,50,0.0000,0.0000,0.0000,66.0000,9.1700
1,5,0,15,3,27,228,16,11956,15023,2,50,0.0000,0.0000,0.0000,66.0000,9.1700
1,5,0,12,4,14,99,3,11956,75506,12,50,0.0000,0.0000,0.0000,66.0000,9.1700
1,5,0,9,3,27,76,8,11956,19857,10,50,0.0000,0.0000,0.0000,66.0000,9.1700
1,5,0,14,7,14,145,16,11956,15023,13,50,0.0000,0.0000,0.0000,66.0000,9.1700
1,5,0,11,4,34,160,3,11956,75506,18,50,0.0000,0.0000,0.0000,66.0000,9.1700
1,5,0,13,5,40,70,13,11956,24623,14,50,0.0000,0.0000,0.0000,66.0000,9.1700
1,5,0,11,2,34,76,13,11956,24623,4,50,0.0000,0.0000,0.0000,66.0000,9.1700
1,5,0,12,3,14,76,8,11956,19857,12,50,0.0000,0.0000,0.0000,66.0000,9.1700
1,5,0,15,1,27,50,8,11956,19857,14,50,0.0000,0.0000,0.0000,66.0000,9.1700
1,5,1,15,4,27,180,7,11956,73508,1,50,0.0000,0.0000,0.0000,66.0000,9.1700
1,5,0,16,4,46,110,7,11956,73508,19,50,0.0000,0.0000,0.0000,66.0000,9.1700
1,5,0,11,4,34,191,7,11956,73508,2,50,0.0000,0.0000,0.0000,66.0000,9.1700
1,5,0,12,4,14,180,7,11956,73508,1,50,0.0000,0.0000,0.0000,66.0000,9.1700
1,5,0,13,4,40,110,7,11956,73508,19,50,0.0000,0.0000,0.0000,66.0000,9.1700
1,5,0,9,4,27,110,7,11956,73508,17,50,0.0000,0.0000,0.0000,66.0000,9.1700
1,5,0,15,3,27,160,7,11956,73508,6,50,0.0000,0.0000,0.0000,66.0000,9.1700
1,5,0,16,3,46,160,7,11956,73508,19,50,0.0000,0.0000,0.0000,66.0000,9.1700
1,5,0,11,2,34,110,7,11956,73508,19,50,0.0000,0.0000,0.0000,66.0000,9.1700
1,5,0,13,2,40,158,7,11956,73508,24,50,0.0000,0.0000,0.0000,66.0000,9.1700
1,5,0,16,4,46,158,7,11956,73508,22,50,0.0000,0.0000,0.0000,66.0000,9.1700
1,5,0,16,3,46,157,7,11956,73508,21,50,0.0000,0.0000,0.0000,66.0000,9.1700
1,5,0,14,6,14,180,7,11956,73508,5,50,0.0000,0.0000,0.0000,66.0000,9.1700
1,5,0,13,11,40,199,7,11956,73508,24,50,0.0000,0.0000,0.0000,66.0000,9.1700
1,5,0,13,3,40,157,7,11956,73508,28,50,0.0000,0.0000,0.0000,66.0000,9.1700
1,5,1,11,2,34,158,7,11956,73508,21,50,0.0000,0.0000,0.0000,66.0000,9.1700
1,5,0,7,7,38,180,7,11956,73508,2,50,0.0000,0.0000,0.0000,66.0000,9.1700
1,5,0,13,6,40,191,7,11956,73508,1,50,0.0000,0.0000,0.0000,66.0000,9.1700
1,5,0,16,3,46,110,7,11956,73508,17,50,0.0000,0.0000,0.0000,66.0000,9.1700
1,5,1,13,5,40,132,7,11956,73508,18,50,0.0000,0.0000,0.0000,66.0000,9.1700
1,5,0,16,5,46,110,7,11956,73508,19,50,0.0000,0.0000,0.0000,66.0000,9.1700
1,5,0,18,2,15,110,7,11956,73508,19,50,0.0000,0.0000,0.0000,66.0000,9.1700
1,5,0,11,2,34,110,7,11956,73508,18,50,0.0000,0.0000,0.0000,66.0000,9.1700
1,5,0,15,5,27,160,7,11956,73508,19,50,0.0000,0.0000,0.0000,66.0000,9.1700
1,5,0,11,2,34,160,3,11956,75506,7,50,0.0000,0.0000,0.0000,66.0000,9.1700
1,5,0,16,3,46,76,8,11956,19857,11,50,0.0000,0.0000,0.0000,66.0000,9.1700
1,5,0,11,2,34,110,7,11956,73508,18,50,0.0000,0.0000,0.0000,66.0000,9.1700
1,5,0,17,1,2,180,7,11956,73508,6,50,0.0000,0.0000,0.0000,66.0000,9.1700
1,5,0,13,2,40,158,7,11956,73508,23,50,0.0000,0.0000,0.0000,66.0000,9.1700
1,5,0,13,3,40,110,7,11956,73508,17,50,0.0000,0.0000,0.0000,66.0000,9.1700
1,5,0,11,1,34,110,7,11956,73508,18,50,0.0000,0.0000,0.0000,66.0000,9.1700
1,5,0,13,5,40,157,7,11956,73508,20,50,0.0000,0.0000,0.0000,66.0000,9.1700
1,5,0,10,3,25,110,7,11956,73508,18,50,0.0000,0.0000,0.0000,66.0000,9.1700
1,5,1,9,5,27,110,7,11956,73508,19,50,0.0000,0.0000,0.0000,66.0000,9.1700
1,5,0,13,5,40,157,7,11956,73508,18,50,0.0000,0.0000,0.0000,66.0000,9.1700
1,5,0,16,5,46,157,7,11956,73508,27,50,0.0000,0.0000,0.0000,66.0000,9.1700
1,5,0,11,2,34,69,13,11956,24623,13,50,0.0000,0.0000,0.0000,66.0000,9.1700
1,5,0,12,2,14,143,15,11956,107363,15,50,0.0000,0.0000,0.0000,66.0000,9.1700
1,5,0,8,2,24,143,15,11956,107363,17,50,0.0000,0.0000,0.0000,66.0000,9.1700
1,5,0,14,2,14,143,15,11956,107363,8,50,0.0000,0.0000,0.0000,66.0000,9.1700
1,5,0,13,6,40,175,15,11956,107363,5,50,0.0000,0.0000,0.0000,66.0000,9.1700
1,5,0,16,4,46,76,8,11956,19857,10,50,0.0000,0.0000,0.0000,66.0000,9.1700
1,5,0,11,2,34,50,14,11956,62105,19,50,0.0000,0.0000,0.0000,66.0000,9.1700
1,5,0,11,2,34,50,14,11956,62105,18,50,0.0000,0.0000,0.0000,66.0000,9.1700
1,5,0,13,2,40,76,8,11956,19857,12,50,0.0000,0.0000,0.0000,66.0000,9.1700
1,5,0,10,1,25,50,14,11956,62105,16,50,0.0000,0.0000,0.0000,66.0000,9.1700
1,5,0,13,5,40,150,11,11956,23463,15,50,0.0000,0.0000,0.0000,66.0000,9.1700
1,5,0,9,3,27,76,14,11956,62105,11,50,0.0000,0.0000,0.0000,66.0000,9.1700
1,5,0,13,2,40,76,14,11956,62105,13,50,0.0000,0.0000,0.0000,66.0000,9.1700
1,5,0,9,1,27,50,14,11956,62105,17,50,0.0000,0.0000,0.0000,66.0000,9.1700
1,5,0,11,1,34,50,14,11956,62105,16,50,0.0000,0.0000,0.0000,66.0000,9.1700
1,5,0,9,2,27,50,14,11956,62105,15,50,0.0000,0.0000,0.0000,66.0000,9.1700
1,5,0,11,2,34,50,14,11956,62105,16,50,0.0000,0.0000,0.0000,66.0000,9.1700
1,5,0,8,4,24,76,14,11956,62105,13,50,0.0000,0.0000,0.0000,66.0000,9.1700
1,5,0,10,2,25,50,14,11956,62105,16,50,0.0000,0.0000,0.0000,66.0000,9.1700
1,5,0,13,2,40,76,14,11956,62105,13,50,0.0000,0.0000,0.0000,66.0000,9.1700
1,5,0,15,3,27,70,14,11956,62105,1,50,0.0000,0.0000,0.0000,66.0000,9.1700
1,5,0,8,2,24,66,14,11956,62105,13,50,0.0000,0.0000,0.0000,66.0000,9.1700
1,5,0,10,3,25,70,14,11956,62105,1,50,0.0000,0.0000,0.0000,66.0000,9.1700
1,5,0,11,3,34,76,14,11956,62105,13,50,0.0000,0.0000,0.0000,66.0000,9.1700
1,5,0,9,2,27,66,14,11956,62105,8,50,0.0000,0.0000,0.0000,66.0000,9.1700
1,5,0,13,1,40,76,8,11956,19857,11,50,0.0000,0.0000,0.0000,66.0000,9.1700
1,5,0,8,1,24,50,14,11956,62105,16,50,0.0000,0.0000,0.0000,66.0000,9.1700
1,5,0,12,1,14,50,14,11956,62105,14,50,0.0000,0.0000,0.0000,66.0000,9.1700
1,5,0,9,3,27,70,14,11956,62105,1,50,0.0000,0.0000,0.0000,66.0000,9.1700
1,5,0,11,2,34,50,14,11956,62105,17,50,0.0000,0.0000,0.0000,66.0000,9.1700
1,5,0,10,4,25,70,14,11956,62105,1,50,0.0000,0.0000,0.0000,66.0000,9.1700
1,5,0,10,1,25,66,14,11956,62105,13,50,0.0000,0.0000,0.0000,66.0000,9.1700
1,5,0,11,5,34,66,14,11956,62105,8,50,0.0000,0.0000,0.0000,66.0000,9.1700
1,5,0,11,2,34,50,14,11956,62105,16,50,0.0000,0.0000,0.0000,66.0000,9.1700
1,5,0,13,2,40,50,14,11956,62105,16,50,0.0000,0.0000,0.0000,66.0000,9.1700
1,5,0,12,1,14,50,14,11956,62105,18,50,0.0000,0.0000,0.0000,66.0000,9.1700
1,5,0,11,2,34,70,14,11956,62105,1,50,0.0000,0.0000,0.0000,66.0000,9.1700
1,5,0,10,3,25,76,14,11956,62105,13,50,0.0000,0.0000,0.0000,66.0000,9.1700
1,5,0,11,2,34,50,14,11956,62105,18,50,0.0000,0.0000,0.0000,66.0000,9.1700
1,5,0,9,3,27,50,14,11956,62105,16,50,0.0000,0.0000,0.0000,66.0000,9.1700
1,5,0,10,5,25,76,14,11956,62105,12,50,0.0000,0.0000,0.0000,66.0000,9.1700
1,5,0,13,5,40,66,14,11956,62105,17,50,0.0000,0.0000,0.0000,66.0000,9.1700
1,5,0,11,3,34,76,8,11956,19857,6,50,0.0000,0.0000,0.0000,66.0000,9.1700
1,5,0,15,7,27,180,7,11956,73508,2,50,0.0000,0.0000,0.0000,66.0000,9.1700
1,5,0,14,7,14,180,7,11956,73508,4,50,0.0000,0.0000,0.0000,66.0000,9.1700
1,5,0,15,6,27,234,7,11956,73508,16,50,0.0000,0.0000,0.0000,66.0000,9.1700
1,5,0,15,7,27,180,7,11956,73508,1,50,0.0000,0.0000,0.0000,66.0000,9.1700
1,5,0,16,7,46,191,7,11956,73508,2,50,0.0000,0.0000,0.0000,66.0000,9.1700
1,5,0,15,6,27,191,7,11956,73508,3,50,0.0000,0.0000,0.0000,66.0000,9.1700
1,5,0,15,5,27,157,7,11956,73508,21,50,0.0000,0.0000,0.0000,66.0000,9.1700
1,5,0,15,7,27,132,7,11956,73508,18,50,0.0000,0.0000,0.0000,66.0000,9.1700
1,5,0,16,2,46,158,7,11956,73508,21,50,0.0000,0.0000,0.0000,66.0000,9.1700
1,5,1,16,4,46,157,7,11956,73508,27,50,0.0000,0.0000,0.0000,66.0000,9.1700
1,5,0,13,4,40,157,7,11956,73508,21,50,0.0000,0.0000,0.0000,66.0000,9.1700
1,5,0,15,4,27,157,7,11956,73508,20,50,0.0000,0.0000,0.0000,66.0000,9.1700
1,5,0,18,7,15,191,7,11956,73508,2,50,0.0000,0.0000,0.0000,66.0000,9.1700
1,5,0,16,2,46,50,14,11956,62105,16,50,0.0000,0.0000,0.0000,66.0000,9.1700
1,5,1,13,5,40,76,13,11956,24623,6,50,0.0000,0.0000,0.0000,66.0000,9.1700
1,5,0,15,4,27,76,14,11956,62105,12,50,0.0000,0.0000,0.0000,66.0000,9.1700
1,5,0,16,2,46,50,14,11956,62105,18,50,0.0000,0.0000,0.0000,66.0000,9.1700
1,5,0,16,2,46,50,14,11956,62105,15,50,0.0000,0.0000,0.0000,66.0000,9.1700
1,5,0,18,2,15,76,14,11956,62105,12,50,0.0000,0.0000,0.0000,66.0000,9.1700
1,5,0,13,2,40,76,14,11956,62105,11,50,0.0000,0.0000,0.0000,66.0000,9.1700
1,5,0,16,3,46,76,14,11956,62105,12,50,0.0000,0.0000,0.0000,66.0000,9.1700
1,5,1,15,3,27,143,15,11956,107363,18,50,0.0000,0.0000,0.0000,66.0000,9.1700
1,5,0,9,3,27,143,15,11956,107363,10,50,0.0000,0.0000,0.0000,66.0000,9.1700
1,5,0,14,2,14,143,15,11956,107363,20,50,0.0000,0.0000,0.0000,66.0000,9.1700
1,5,0,16,1,46,76,8,11956,19857,12,50,0.0000,0.0000,0.0000,66.0000,9.1700
1,5,1,15,5,27,70,13,11956,24623,14,50,0.0000,0.0000,0.0000,66.0000,9.1700
1,5,0,15,5,27,158,7,11956,73508,20,50,0.0000,0.0000,0.0000,66.0000,9.1700
1,5,0,13,4,40,178,16,11956,15023,4,50,0.0000,0.0000,0.0000,66.0000,9.1700
1,5,0,13,2,40,160,3,11956,75506,19,50,0.0000,0.0000,0.0000,66.0000,9.1700
1,5,0,10,2,25,160,3,11956,75506,6,50,0.0000,0.0000,0.0000,66.0000,9.1700
1,5,0,13,2,40,76,8,11956,19857,12,50,0.0000,0.0000,0.0000,66.0000,9.1700
1,5,1,16,4,46,76,8,11956,19857,13,50,0.0000,0.0000,0.0000,66.0000,9.1700
1,5,0,13,4,40,66,14,11956,62105,13,50,0.0000,0.0000,0.0000,66.0000,9.1700
1,5,0,16,2,46,76,14,11956,62105,13,50,0.0000,0.0000,0.0000,66.0000,9.1700
1,5,0,16,2,46,50,14,11956,62105,14,50,0.0000,0.0000,0.0000,66.0000,9.1700
1,5,0,16,2,46,70,14,11956,62105,1,50,0.0000,0.0000,0.0000,66.0000,9.1700
1,5,1,18,2,15,70,14,11956,62105,1,50,0.0000,0.0000,0.0000,66.0000,9.1700
1,5,0,15,4,27,76,14,11956,62105,11,50,0.0000,0.0000,0.0000,66.0000,9.1700
1,5,0,13,4,40,76,13,11956,24623,5,50,0.0000,0.0000,0.0000,66.0000,9.1700
1,5,0,13,2,40,66,14,11956,62105,13,50,0.0000,0.0000,0.0000,66.0000,9.1700
1,5,0,16,3,46,70,14,11956,62105,1,50,0.0000,0.0000,0.0000,66.0000,9.1700
1,5,0,16,3,46,50,14,11956,62105,16,50,0.0000,0.0000,0.0000,66.0000,9.1700
1,5,0,11,2,34,66,14,11956,62105,13,50,0.0000,0.0000,0.0000,66.0000,9.1700
1,5,0,18,2,15,76,14,11956,62105,12,50,0.0000,0.0000,0.0000,66.0000,9.1700
1,5,0,18,1,15,66,14,11956,62105,8,50,0.0000,0.0000,0.0000,66.0000,9.1700
1,5,0,18,1,15,76,14,11956,62105,13,50,0.0000,0.0000,0.0000,66.0000,9.1700
1,5,0,16,3,46,70,14,11956,62105,1,50,0.0000,0.0000,0.0000,66.0000,9.1700
1,5,0,15,2,27,50,14,11956,62105,16,50,0.0000,0.0000,0.0000,66.0000,9.1700
1,5,0,16,4,46,76,14,11956,62105,13,50,0.0000,0.0000,0.0000,66.0000,9.1700
1,5,0,16,3,46,50,14,11956,62105,16,50,0.0000,0.0000,0.0000,66.0000,9.1700
1,5,0,13,3,40,50,14,11956,62105,15,50,0.0000,0.0000,0.0000,66.0000,9.1700
1,5,0,16,2,46,66,14,11956,62105,8,50,0.0000,0.0000,0.0000,66.0000,9.1700
1,5,0,16,1,46,50,14,11956,62105,16,50,0.0000,0.0000,0.0000,66.0000,9.1700
1,5,0,16,3,46,76,8,11956,19857,11,50,0.0000,0.0000,0.0000,66.0000,9.1700
1,5,0,18,1,15,50,14,11956,62105,15,50,0.0000,0.0000,0.0000,66.0000,9.1700
1,5,0,18,2,15,50,14,11956,62105,16,50,0.0000,0.0000,0.0000,66.0000,9.1700
1,5,1,12,1,14,50,14,11956,62105,16,50,0.0000,0.0000,0.0000,66.0000,9.1700
1,5,0,18,1,15,50,14,11956,62105,18,50,0.0000,0.0000,0.0000,66.0000,9.1700
1,5,0,16,1,46,50,14,11956,62105,18,50,0.0000,0.0000,0.0000,66.0000,9.1700
1,5,0,16,2,46,50,14,11956,62105,16,50,0.0000,0.0000,0.0000,66.0000,9.1700
1,5,0,16,2,46,50,14,11956,62105,17,50,0.0000,0.0000,0.0000,66.0000,9.1700
1,5,0,18,2,15,158,7,11956,73508,24,50,0.0000,0.0000,0.0000,66.0000,9.1700
1,5,0,16,5,46,110,7,11956,73508,19,50,0.0000,0.0000,0.0000,66.0000,9.1700
1,5,0,16,1,46,50,14,11956,62105,17,50,0.0000,0.0000,0.0000,66.0000,9.1700
1,5,0,18,1,15,132,7,11956,73508,19,50,0.0000,0.0000,0.0000,66.0000,9.1700
1,5,0,16,2,46,50,14,11956,62105,18,50,0.0000,0.0000,0.0000,66.0000,9.1700
1,5,0,16,3,46,69,13,11956,24623,13,50,0.0000,0.0000,0.0000,66.0000,9.1700
1,5,0,15,4,27,110,7,11956,73508,18,50,0.0000,0.0000,0.0000,66.0000,9.1700
1,5,0,16,2,46,180,7,11956,73508,1,50,0.0000,0.0000,0.0000,66.0000,9.1700
1,5,0,15,3,27,143,15,11956,107363,14,50,0.0000,0.0000,0.0000,66.0000,9.1700
1,5,0,13,4,40,143,15,11956,107363,13,50,0.0000,0.0000,0.0000,66.0000,9.1700
1,5,0,17,2,2,143,15,11956,107363,8,50,0.0000,0.0000,0.0000,66.0000,9.1700
1,5,0,16,2,46,66,14,11956,62105,13,50,0.0000,0.0000,0.0000,66.0000,9.1700
1,5,1,18,1,15,66,14,11956,62105,13,50,0.0000,0.0000,0.0000,66.0000,9.1700
1,5,0,18,1,15,50,14,11956,62105,16,50,0.0000,0.0000,0.0000,66.0000,9.1700
1,3,0,2,3,8,76,14,9288,62105,5,76,0.0100,0.2000,3.1000,33.0000,8.5000
1,3,1,4,6,32,76,14,9288,62105,4,76,0.0100,0.2000,3.1000,33.0000,8.5000
1,3,0,4,3,32,76,14,9288,62105,3,76,0.0100,0.2000,3.1000,33.0000,8.5000
1,3,0,5,2,24,50,14,9288,62105,18,76,0.0100,0.2000,3.1000,33.0000,8.5000
1,3,0,9,2,21,50,14,9288,62105,16,76,0.0100,0.2000,3.1000,33.0000,8.5000
1,3,0,18,2,26,50,14,9288,62105,17,76,0.0100,0.2000,3.1000,33.0000,8.5000
1,3,0,5,2,24,50,14,9288,62105,16,76,0.0100,0.2000,3.1000,33.0000,8.5000
1,3,1,3,6,6,160,7,9288,73508,18,76,0.0100,0.2000,3.1000,33.0000,8.5000
1,3,0,7,7,42,199,7,9288,73508,19,76,0.0100,0.2000,3.1000,33.0000,8.5000
1,3,1,19,7,6,191,7,9288,73508,3,76,0.0100,0.2000,3.1000,33.0000,8.5000
1,3,0,4,2,32,191,7,9288,73508,2,76,0.0100,0.2000,3.1000,33.0000,8.5000
1,3,0,5,5,24,66,14,9288,62105,10,76,0.0100,0.2000,3.1000,33.0000,8.5000
1,3,0,4,2,32,50,14,9288,62105,5,76,0.0100,0.2000,3.1000,33.0000,8.5000
1,3,0,4,4,32,110,7,9288,73508,18,76,0.0100,0.2000,3.1000,33.0000,8.5000
1,3,0,3,7,6,199,7,9288,73508,19,76,0.0100,0.2000,3.1000,33.0000,8.5000
1,3,0,1,2,3,180,9,9288,9496,3,76,0.0100,0.2000,3.1000,33.0000,8.5000
1,3,0,2,3,8,172,3,9288,75506,9,76,0.0100,0.2000,3.1000,33.0000,8.5000
1,3,0,3,4,6,172,3,9288,75506,10,76,0.0100,0.2000,3.1000,33.0000,8.5000
1,3,0,2,5,8,120,17,9288,46218,12,76,0.0100,0.2000,3.1000,33.0000,8.5000
1,3,0,3,2,6,154,17,9288,46218,18,76,0.0100,0.2000,3.1000,33.0000,8.5000
1,3,0,1,7,3,187,3,9288,75506,10,76,0.0100,0.2000,3.1000,33.0000,8.5000
1,3,0,4,4,32,160,3,9288,75506,6,76,0.0100,0.2000,3.1000,33.0000,8.5000
1,3,1,19,8,6,150,11,9288,23463,19,76,0.0100,0.2000,3.1000,33.0000,8.5000
1,3,1,19,9,6,162,11,9288,23463,12,76,0.0100,0.2000,3.1000,33.0000,8.5000
1,3,0,1,4,3,172,3,9288,75506,9,76,0.0100,0.2000,3.1000,33.0000,8.5000
1,3,0,4,8,32,168,7,9288,73508,20,76,0.0100,0.2000,3.1000,33.0000,8.5000
1,3,0,4,3,32,191,7,9288,73508,3,76,0.0100,0.2000,3.1000,33.0000,8.5000
1,3,0,7,3,42,132,7,9288,73508,16,76,0.0100,0.2000,3.1000,33.0000,8.5000
1,3,0,16,3,35,160,7,9288,73508,19,76,0.0100,0.2000,3.1000,33.0000,8.5000
1,3,0,5,8,24,199,7,9288,73508,21,76,0.0100,0.2000,3.1000,33.0000,8.5000
1,3,1,11,3,27,160,7,9288,73508,20,76,0.0100,0.2000,3.1000,33.0000,8.5000
1,3,0,16,5,35,157,7,9288,73508,21,76,0.0100,0.2000,3.1000,33.0000,8.5000
1,3,0,4,7,32,293,7,9288,73508,2,76,0.0100,0.2000,3.1000,33.0000,8.5000
1,3,0,4,3,32,180,7,9288,73508,1,76,0.0100,0.2000,3.1000,33.0000,8.5000
1,3,0,5,8,24,226,7,9288,73508,22,76,0.0100,0.2000,3.1000,33.0000,8.5000
1,3,0,2,3,8,160,7,9288,73508,18,76,0.0100,0.2000,3.1000,33.0000,8.5000
1,3,0,2,3,8,143,15,9288,107363,19,76,0.0100,0.2000,3.1000,33.0000,8.5000
1,3,0,5,3,24,143,15,9288,107363,16,76,0.0100,0.2000,3.1000,33.0000,8.5000
1,3,0,4,3,32,175,15,9288,107363,6,76,0.0100,0.2000,3.1000,33.0000,8.5000
1,3,0,2,3,8,143,15,9288,107363,13,76,0.0100,0.2000,3.1000,33.0000,8.5000
1,3,0,3,6,6,175,15,9288,107363,3,76,0.0100,0.2000,3.1000,33.0000,8.5000
1,3,0,4,2,32,143,15,9288,107363,13,76,0.0100,0.2000,3.1000,33.0000,8.5000
1,3,0,3,2,6,175,15,9288,107363,5,76,0.0100,0.2000,3.1000,33.0000,8.5000
1,3,0,4,3,32,143,15,9288,107363,11,76,0.0100,0.2000,3.1000,33.0000,8.5000
1,3,0,4,3,32,76,14,9288,62105,12,76,0.0100,0.2000,3.1000,33.0000,8.5000
1,3,0,5,3,24,76,14,9288,62105,4,76,0.0100,0.2000,3.1000,33.0000,8.5000
1,3,0,2,3,8,76,14,9288,62105,1,76,0.0100,0.2000,3.1000,33.0000,8.5000
1,3,0,4,3,32,76,14,9288,62105,12,76,0.0100,0.2000,3.1000,33.0000,8.5000
1,3,0,7,3,42,76,14,9288,62105,13,76,0.0100,0.2000,3.1000,33.0000,8.5000
1,3,0,4,2,32,66,14,9288,62105,13,76,0.0100,0.2000,3.1000,33.0000,8.5000
1,3,0,7,2,42,76,14,9288,62105,11,76,0.0100,0.2000,3.1000,33.0000,8.5000
1,3,0,4,3,32,76,14,9288,62105,3,76,0.0100,0.2000,3.1000,33.0000,8.5000
1,3,0,5,5,24,76,14,9288,62105,12,76,0.0100,0.2000,3.1000,33.0000,8.5000
1,3,0,4,3,32,76,14,9288,62105,3,76,0.0100,0.2000,3.1000,33.0000,8.5000
1,3,0,5,3,24,181,1,9288,20315,4,76,0.0100,0.2000,3.1000,33.0000,8.5000
1,3,0,4,3,32,129,14,9288,62105,11,76,0.0100,0.2000,3.1000,33.0000,8.5000
1,3,1,2,6,8,66,14,9288,62105,14,76,0.0100,0.2000,3.1000,33.0000,8.5000
1,3,0,7,4,42,191,7,9288,73508,3,76,0.0100,0.2000,3.1000,33.0000,8.5000
1,3,0,13,7,38,132,7,9288,73508,17,76,0.0100,0.2000,3.1000,33.0000,8.5000
1,3,0,6,3,6,160,7,9288,73508,21,76,0.0100,0.2000,3.1000,33.0000,8.5000
1,3,0,7,3,42,157,7,9288,73508,20,76,0.0100,0.2000,3.1000,33.0000,8.5000
1,3,0,7,2,42,160,7,9288,73508,18,76,0.0100,0.2000,3.1000,33.0000,8.5000
1,3,0,5,8,24,160,7,9288,73508,19,76,0.0100,0.2000,3.1000,33.0000,8.5000
1,3,0,7,3,42,191,7,9288,73508,2,76,0.0100,0.2000,3.1000,33.0000,8.5000
1,3,0,5,8,24,160,7,9288,73508,18,76,0.0100,0.2000,3.1000,33.0000,8.5000
1,3,0,7,3,42,110,7,9288,73508,18,76,0.0100,0.2000,3.1000,33.0000,8.5000
1,3,0,7,3,42,160,7,9288,73508,17,76,0.0100,0.2000,3.1000,33.0000,8.5000
1,3,0,18,3,26,180,7,9288,73508,4,76,0.0100,0.2000,3.1000,33.0000,8.5000
1,3,0,7,3,42,110,7,9288,73508,19,76,0.0100,0.2000,3.1000,33.0000,8.5000
1,3,0,4,3,32,132,7,9288,73508,19,76,0.0100,0.2000,3.1000,33.0000,8.5000
1,3,0,5,3,24,160,7,9288,73508,18,76,0.0100,0.2000,3.1000,33.0000,8.5000
1,3,0,7,3,42,160,7,9288,73508,19,76,0.0100,0.2000,3.1000,33.0000,8.5000
1,3,0,4,6,32,132,7,9288,73508,17,76,0.0100,0.2000,3.1000,33.0000,8.5000
1,3,1,5,6,24,132,7,9288,73508,17,76,0.0100,0.2000,3.1000,33.0000,8.5000
1,3,0,5,8,24,160,7,9288,73508,19,76,0.0100,0.2000,3.1000,33.0000,8.5000
1,3,1,4,3,32,132,7,9288,73508,16,76,0.0100,0.2000,3.1000,33.0000,8.5000
1,3,0,7,3,42,160,7,9288,73508,20,76,0.0100,0.2000,3.1000,33.0000,8.5000
1,3,1,9,1,21,132,7,9288,73508,17,76,0.0100,0.2000,3.1000,33.0000,8.5000
1,3,0,7,3,42,160,7,9288,73508,18,76,0.0100,0.2000,3.1000,33.0000,8.5000
1,3,0,7,1,42,132,7,9288,73508,18,76,0.0100,0.2000,3.1000,33.0000,8.5000
1,3,1,13,6,38,132,7,9288,73508,16,76,0.0100,0.2000,3.1000,33.0000,8.5000
1,3,0,4,3,32,160,7,9288,73508,20,76,0.0100,0.2000,3.1000,33.0000,8.5000
1,3,0,7,8,42,168,7,9288,73508,22,76,0.0100,0.2000,3.1000,33.0000,8.5000
1,3,0,4,3,32,110,7,9288,73508,18,76,0.0100,0.2000,3.1000,33.0000,8.5000
1,3,0,4,2,32,110,7,9288,73508,20,76,0.0100,0.2000,3.1000,33.0000,8.5000
1,3,1,7,3,42,180,7,9288,73508,1,76,0.0100,0.2000,3.1000,33.0000,8.5000
1,3,1,4,4,32,157,7,9288,73508,27,76,0.0100,0.2000,3.1000,33.0000,8.5000
1,3,0,9,3,21,157,1,9288,20315,12,76,0.0100,0.2000,3.1000,33.0000,8.5000
1,3,1,6,3,6,150,11,9288,23463,11,76,0.0100,0.2000,3.1000,33.0000,8.5000
1,3,0,9,8,21,150,11,9288,23463,13,76,0.0100,0.2000,3.1000,33.0000,8.5000
1,3,0,8,6,8,154,17,9288,46218,19,76,0.0100,0.2000,3.1000,33.0000,8.5000
1,3,0,9,5,21,173,17,9288,46218,6,76,0.0100,0.2000,3.1000,33.0000,8.5000
1,3,1,12,6,8,142,17,9288,46218,23,76,0.0100,0.2000,3.1000,33.0000,8.5000
1,3,0,5,7,24,191,7,9288,73508,1,76,0.0100,0.2000,3.1000,33.0000,8.5000
1,3,0,7,2,42,180,7,9288,73508,5,76,0.0100,0.2000,3.1000,33.0000,8.5000
1,3,1,5,6,24,180,7,9288,73508,5,76,0.0100,0.2000,3.1000,33.0000,8.5000
1,3,1,6,8,6,180,7,9288,73508,5,76,0.0100,0.2000,3.1000,33.0000,8.5000
1,3,0,5,5,24,110,7,9288,73508,17,76,0.0100,0.2000,3.1000,33.0000,8.5000
1,3,0,7,4,42,110,7,9288,73508,14,76,0.0100,0.2000,3.1000,33.0000,8.5000
1,3,0,5,9,24,180,7,9288,73508,1,76,0.0100,0.2000,3.1000,33.0000,8.5000
1,3,0,7,11,42,293,7,9288,73508,4,76,0.0100,0.2000,3.1000,33.0000,8.5000
1,3,0,5,2,24,76,14,9288,62105,2,76,0.0100,0.2000,3.1000,33.0000,8.5000
1,3,0,7,1,42,66,14,9288,62105,17,76,0.0100,0.2000,3.1000,33.0000,8.5000
1,3,0,7,3,42,50,14,9288,62105,18,76,0.0100,0.2000,3.1000,33.0000,8.5000
1,3,0,4,2,32,76,14,9288,62105,3,76,0.0100,0.2000,3.1000,33.0000,8.5000
1,3,0,5,5,24,76,14,9288,62105,11,76,0.0100,0.2000,3.1000,33.0000,8.5000
1,3,0,7,3,42,76,14,9288,62105,3,76,0.0100,0.2000,3.1000,33.0000,8.5000
1,3,0,7,2,42,129,14,9288,62105,11,76,0.0100,0.2000,3.1000,33.0000,8.5000
1,3,0,7,2,42,76,14,9288,62105,3,76,0.0100,0.2000,3.1000,33.0000,8.5000
1,3,0,7,2,42,66,14,9288,62105,8,76,0.0100,0.2000,3.1000,33.0000,8.5000
1,3,0,5,2,24,50,14,9288,62105,17,76,0.0100,0.2000,3.1000,33.0000,8.5000
1,3,0,7,2,42,76,14,9288,62105,11,76,0.0100,0.2000,3.1000,33.0000,8.5000
1,3,0,4,3,32,76,14,9288,62105,3,76,0.0100,0.2000,3.1000,33.0000,8.5000
1,3,0,6,3,6,76,14,9288,62105,3,76,0.0100,0.2000,3.1000,33.0000,8.5000
1,3,0,4,3,32,76,14,9288,62105,2,76,0.0100,0.2000,3.1000,33.0000,8.5000
1,3,0,5,4,24,66,14,9288,62105,8,76,0.0100,0.2000,3.1000,33.0000,8.5000
1,3,0,5,3,24,50,14,9288,62105,16,76,0.0100,0.2000,3.1000,33.0000,8.5000
1,3,0,9,2,21,76,14,9288,62105,3,76,0.0100,0.2000,3.1000,33.0000,8.5000
1,3,0,4,3,32,76,14,9288,62105,3,76,0.0100,0.2000,3.1000,33.0000,8.5000
1,3,0,7,2,42,76,14,9288,62105,3,76,0.0100,0.2000,3.1000,33.0000,8.5000
1,3,0,7,3,42,76,14,9288,62105,3,76,0.0100,0.2000,3.1000,33.0000,8.5000
1,3,0,7,1,42,76,14,9288,62105,3,76,0.0100,0.2000,3.1000,33.0000,8.5000
1,3,0,7,3,42,66,14,9288,62105,13,76,0.0100,0.2000,3.1000,33.0000,8.5000
1,3,0,7,3,42,50,14,9288,62105,16,76,0.0100,0.2000,3.1000,33.0000,8.5000
1,3,0,7,3,42,76,14,9288,62105,3,76,0.0100,0.2000,3.1000,33.0000,8.5000
1,3,0,8,3,8,128,3,9288,75506,18,76,0.0100,0.2000,3.1000,33.0000,8.5000
1,3,0,7,1,42,50,14,9288,62105,17,76,0.0100,0.2000,3.1000,33.0000,8.5000
1,3,0,7,3,42,76,14,9288,62105,2,76,0.0100,0.2000,3.1000,33.0000,8.5000
1,3,0,7,2,42,50,14,9288,62105,15,76,0.0100,0.2000,3.1000,33.0000,8.5000
1,3,0,7,1,42,50,14,9288,62105,16,76,0.0100,0.2000,3.1000,33.0000,8.5000
1,3,0,7,2,42,50,14,9288,62105,18,76,0.0100,0.2000,3.1000,33.0000,8.5000
1,3,0,4,1,32,50,14,9288,62105,16,76,0.0100,0.2000,3.1000,33.0000,8.5000
1,3,1,8,2,8,175,15,9288,107363,3,76,0.0100,0.2000,3.1000,33.0000,8.5000
1,3,0,4,3,32,143,15,9288,107363,12,76,0.0100,0.2000,3.1000,33.0000,8.5000
1,3,1,9,6,21,160,3,9288,75506,4,76,0.0100,0.2000,3.1000,33.0000,8.5000
1,3,1,10,4,12,172,3,9288,75506,10,76,0.0100,0.2000,3.1000,33.0000,8.5000
1,3,0,11,2,27,180,7,9288,73508,1,76,0.0100,0.2000,3.1000,33.0000,8.5000
1,3,0,10,6,12,191,7,9288,73508,3,76,0.0100,0.2000,3.1000,33.0000,8.5000
1,3,0,13,1,38,50,14,9288,62105,16,76,0.0100,0.2000,3.1000,33.0000,8.5000
1,3,0,9,1,21,50,14,9288,62105,16,76,0.0100,0.2000,3.1000,33.0000,8.5000
1,3,0,7,2,42,76,14,9288,62105,3,76,0.0100,0.2000,3.1000,33.0000,8.5000
1,3,1,15,3,2,76,14,9288,62105,3,76,0.0100,0.2000,3.1000,33.0000,8.5000
1,3,0,6,2,6,50,14,9288,62105,17,76,0.0100,0.2000,3.1000,33.0000,8.5000
1,3,0,11,2,27,76,14,9288,62105,2,76,0.0100,0.2000,3.1000,33.0000,8.5000
1,3,0,9,2,21,76,14,9288,62105,3,76,0.0100,0.2000,3.1000,33.0000,8.5000
1,3,0,9,1,21,50,14,9288,62105,18,76,0.0100,0.2000,3.1000,33.0000,8.5000
1,3,0,10,5,12,76,14,9288,62105,12,76,0.0100,0.2000,3.1000,33.0000,8.5000
1,3,0,9,4,21,66,14,9288,62105,13,76,0.0100,0.2000,3.1000,33.0000,8.5000
1,3,0,13,3,38,76,14,9288,62105,13,76,0.0100,0.2000,3.1000,33.0000,8.5000
1,3,1,9,6,21,76,14,9288,62105,12,76,0.0100,0.2000,3.1000,33.0000,8.5000
1,3,0,9,5,21,76,14,9288,62105,3,76,0.0100,0.2000,3.1000,33.0000,8.5000
1,3,1,8,8,8,173,17,9288,46218,10,76,0.0100,0.2000,3.1000,33.0000,8.5000
1,3,0,9,3,21,142,17,9288,46218,21,76,0.0100,0.2000,3.1000,33.0000,8.5000
1,3,0,12,5,8,76,12,9288,17869,3,76,0.0100,0.2000,3.1000,33.0000,8.5000
1,3,1,13,2,38,70,13,9288,24623,15,76,0.0100,0.2000,3.1000,33.0000,8.5000
1,3,0,11,4,27,180,7,9288,73508,2,76,0.0100,0.2000,3.1000,33.0000,8.5000
1,3,0,8,4,8,172,3,9288,75506,10,76,0.0100,0.2000,3.1000,33.0000,8.5000
1,3,0,9,6,21,160,7,9288,73508,17,76,0.0100,0.2000,3.1000,33.0000,8.5000
1,3,0,13,4,38,132,7,9288,73508,16,76,0.0100,0.2000,3.1000,33.0000,8.5000
1,3,1,11,3,27,180,7,9288,73508,6,76,0.0100,0.2000,3.1000,33.0000,8.5000
1,3,0,18,8,26,199,7,9288,73508,21,76,0.0100,0.2000,3.1000,33.0000,8.5000
1,3,0,13,8,38,180,7,9288,73508,2,76,0.0100,0.2000,3.1000,33.0000,8.5000
1,3,0,11,3,27,110,7,9288,73508,18,76,0.0100,0.2000,3.1000,33.0000,8.5000
1,3,0,11,3,27,191,7,9288,73508,2,76,0.0100,0.2000,3.1000,33.0000,8.5000
1,3,0,5,4,24,110,7,9288,73508,18,76,0.0100,0.2000,3.1000,33.0000,8.5000
1,3,0,11,4,27,172,3,9288,75506,10,76,0.0100,0.2000,3.1000,33.0000,8.5000
1,3,0,16,3,35,132,7,9288,73508,19,76,0.0100,0.2000,3.1000,33.0000,8.5000
1,3,1,13,3,38,110,7,9288,73508,17,76,0.0100,0.2000,3.1000,33.0000,8.5000
1,3,0,7,3,42,143,15,9288,107363,19,76,0.0100,0.2000,3.1000,33.0000,8.5000
1,3,0,7,2,42,143,15,9288,107363,13,76,0.0100,0.2000,3.1000,33.0000,8.5000
1,3,0,8,3,8,143,15,9288,107363,15,76,0.0100,0.2000,3.1000,33.0000,8.5000
1,3,0,6,2,6,143,15,9288,107363,22,76,0.0100,0.2000,3.1000,33.0000,8.5000
1,3,0,8,3,8,143,15,9288,107363,12,76,0.0100,0.2000,3.1000,33.0000,8.5000
1,3,1,9,3,21,143,15,9288,107363,10,76,0.0100,0.2000,3.1000,33.0000,8.5000
1,3,0,8,3,8,143,15,9288,107363,17,76,0.0100,0.2000,3.1000,33.0000,8.5000
1,3,0,13,2,38,76,14,9288,62105,3,76,0.0100,0.2000,3.1000,33.0000,8.5000
1,3,0,13,1,38,50,14,9288,62105,16,76,0.0100,0.2000,3.1000,33.0000,8.5000
1,3,0,16,4,35,76,14,9288,62105,2,76,0.0100,0.2000,3.1000,33.0000,8.5000
1,3,0,11,2,27,76,14,9288,62105,3,76,0.0100,0.2000,3.1000,33.0000,8.5000
1,3,0,10,5,12,76,14,9288,62105,2,76,0.0100,0.2000,3.1000,33.0000,8.5000
1,3,0,11,2,27,50,14,9288,62105,17,76,0.0100,0.2000,3.1000,33.0000,8.5000
1,3,0,12,2,8,50,14,9288,62105,18,76,0.0100,0.2000,3.1000,33.0000,8.5000
1,3,0,12,2,8,66,14,9288,62105,8,76,0.0100,0.2000,3.1000,33.0000,8.5000
1,3,0,11,3,27,76,14,9288,62105,3,76,0.0100,0.2000,3.1000,33.0000,8.5000
1,3,0,11,3,27,76,14,9288,62105,3,76,0.0100,0.2000,3.1000,33.0000,8.5000
1,3,0,13,2,38,66,14,9288,62105,13,76,0.0100,0.2000,3.1000,33.0000,8.5000
1,3,0,11,2,27,66,14,9288,62105,13,76,0.0100,0.2000,3.1000,33.0000,8.5000
1,3,1,11,3,27,76,14,9288,62105,11,76,0.0100,0.2000,3.1000,33.0000,8.5000
1,3,0,10,5,12,76,14,9288,62105,3,76,0.0100,0.2000,3.1000,33.0000,8.5000
1,3,0,11,3,27,50,14,9288,62105,16,76,0.0100,0.2000,3.1000,33.0000,8.5000
1,3,0,11,3,27,76,14,9288,62105,3,76,0.0100,0.2000,3.1000,33.0000,8.5000
1,3,0,13,3,38,76,14,9288,62105,3,76,0.0100,0.2000,3.1000,33.0000,8.5000
1,3,1,11,2,27,50,14,9288,62105,17,76,0.0100,0.2000,3.1000,33.0000,8.5000
1,3,0,11,3,27,66,14,9288,62105,17,76,0.0100,0.2000,3.1000,33.0000,8.5000
1,3,0,12,1,8,76,14,9288,62105,3,76,0.0100,0.2000,3.1000,33.0000,8.5000
1,3,0,9,4,21,76,14,9288,62105,3,76,0.0100,0.2000,3.1000,33.0000,8.5000
1,3,0,11,3,27,76,14,9288,62105,11,76,0.0100,0.2000,3.1000,33.0000,8.5000
1,3,0,16,3,35,76,14,9288,62105,2,76,0.0100,0.2000,3.1000,33.0000,8.5000
1,3,0,11,5,27,76,14,9288,62105,2,76,0.0100,0.2000,3.1000,33.0000,8.5000
1,3,0,11,3,27,50,14,9288,62105,15,76,0.0100,0.2000,3.1000,33.0000,8.5000
1,3,0,13,6,38,76,14,9288,62105,11,76,0.0100,0.2000,3.1000,33.0000,8.5000
1,3,0,13,3,38,76,14,9288,62105,3,76,0.0100,0.2000,3.1000,33.0000,8.5000
1,3,0,11,3,27,70,14,9288,62105,1,76,0.0100,0.2000,3.1000,33.0000,8.5000
1,3,1,9,2,21,143,15,9288,107363,15,76,0.0100,0.2000,3.1000,33.0000,8.5000
1,3,0,10,2,12,143,15,9288,107363,13,76,0.0100,0.2000,3.1000,33.0000,8.5000
1,3,0,10,3,12,143,15,9288,107363,17,76,0.0100,0.2000,3.1000,33.0000,8.5000
1,3,0,12,6,8,175,15,9288,107363,4,76,0.0100,0.2000,3.1000,33.0000,8.5000
1,3,0,9,4,21,110,7,9288,73508,20,76,0.0100,0.2000,3.1000,33.0000,8.5000
1,3,0,18,2,26,160,7,9288,73508,19,76,0.0100,0.2000,3.1000,33.0000,8.5000
1,3,0,10,6,12,160,7,9288,73508,20,76,0.0100,0.2000,3.1000,33.0000,8.5000
1,3,0,18,3,26,160,7,9288,73508,19,76,0.0100,0.2000,3.1000,33.0000,8.5000
1,3,0,11,3,27,132,7,9288,73508,18,76,0.0100,0.2000,3.1000,33.0000,8.5000
1,3,0,13,3,38,132,7,9288,73508,16,76,0.0100,0.2000,3.1000,33.0000,8.5000
1,3,1,11,3,27,157,7,9288,73508,20,76,0.0100,0.2000,3.1000,33.0000,8.5000
1,3,0,13,3,38,160,7,9288,73508,21,76,0.0100,0.2000,3.1000,33.0000,8.5000
1,3,1,13,7,38,132,7,9288,73508,17,76,0.0100,0.2000,3.1000,33.0000,8.5000
1,3,0,16,2,35,160,7,9288,73508,17,76,0.0100,0.2000,3.1000,33.0000,8.5000
1,3,1,9,2,21,160,7,9288,73508,18,76,0.0100,0.2000,3.1000,33.0000,8.5000
1,3,1,7,2,42,160,7,9288,73508,18,76,0.0100,0.2000,3.1000,33.0000,8.5000
1,3,0,13,9,38,180,7,9288,73508,6,76,0.0100,0.2000,3.1000,33.0000,8.5000
1,3,0,18,3,26,160,7,9288,73508,19,76,0.0100,0.2000,3.1000,33.0000,8.5000
1,3,0,16,2,35,132,7,9288,73508,17,76,0.0100,0.2000,3.1000,33.0000,8.5000
1,3,0,10,8,12,191,7,9288,73508,1,76,0.0100,0.2000,3.1000,33.0000,8.5000
1,3,1,13,6,38,160,7,9288,73508,17,76,0.0100,0.2000,3.1000,33.0000,8.5000
1,3,0,13,3,38,160,7,9288,73508,20,76,0.0100,0.2000,3.1000,33.0000,8.5000
1,3,0,19,8,6,180,7,9288,73508,5,76,0.0100,0.2000,3.1000,33.0000,8.5000
1,3,0,13,8,38,160,7,9288,73508,18,76,0.0100,0.2000,3.1000,33.0000,8.5000
1,3,1,18,3,26,180,7,9288,73508,1,76,0.0100,0.2000,3.1000,33.0000,8.5000
1,3,0,13,3,38,110,7,9288,73508,18,76,0.0100,0.2000,3.1000,33.0000,8.5000
1,3,0,11,3,27,110,7,9288,73508,18,76,0.0100,0.2000,3.1000,33.0000,8.5000
